url_original,path_original,status_http,titulo_detectado,tipo_crawl,tipo_plan,url_destino_sugerida,confianza,motivo,prioridad_revision,accion_sugerida,nota
https://artiani.com.mx/producto/Aclarador-de-ojos-para-tortuga/ACLA-30,/producto/Aclarador-de-ojos-para-tortuga/ACLA-30,200,"Producto - Aclarador de ojos para tortuga",producto_legacy,producto,/producto/aclarador-de-ojos-para-tortugas-30-ml-pza-fl1108,media,tokens_compartidos_4,alta,aprobar_301_candidato,requiere_revision_destino
https://artiani.com.mx/producto/Acuario-de-coliseo-70-lts-con-mueble-/NANO-08,/producto/Acuario-de-coliseo-70-lts-con-mueble-/NANO-08,200,"Producto - Acuario de coliseo 70 lts con mueble",producto_legacy,producto,/producto/acuario-de-coliseo-70-lts-con-mueble-pza-4063,media,tokens_compartidos_5,alta,aprobar_301_candidato,requiere_revision_destino
https://artiani.com.mx/producto/Acuario-imperio-con-mueble-100-Lts-/NANO-09,/producto/Acuario-imperio-con-mueble-100-Lts-/NANO-09,200,"Producto - Acuario imperio con mueble 100 Lts",producto_legacy,producto,/producto/acuario-imperio-100-lts-pza-4064,media,tokens_compartidos_6,alta,aprobar_301_candidato,requiere_revision_destino
https://artiani.com.mx/producto/Alimento-betta-bit-frasco/ALI-25B,/producto/Alimento-betta-bit-frasco/ALI-25B,200,"Producto - Alimento betta bit frasco",producto_legacy,producto,/producto/alimento-betta-bit-frasco-pza-q125,media,tokens_compartidos_4,alta,aprobar_301_candidato,requiere_revision_destino
https://artiani.com.mx/producto/Alimento-betta-premium-8-gramos-/ALI-8B,/producto/Alimento-betta-premium-8-gramos-/ALI-8B,200,"Producto - Alimento betta premium 8 gramos",producto_legacy,producto,/producto/alimento-betta-premium-8-gramos-pza-wat646,media,tokens_compartidos_4,alta,aprobar_301_candidato,requiere_revision_destino
https://artiani.com.mx/producto/Alimento-de-vacaciones-para-peces/ALI-4V,/producto/Alimento-de-vacaciones-para-peces/ALI-4V,200,"Producto - Alimento de vacaciones para peces",producto_legacy,producto,/producto/alimento-de-vacaciones-1-pieza-para-peces-pza-q150,media,tokens_compartidos_4,alta,aprobar_301_candidato,requiere_revision_destino
https://artiani.com.mx/producto/Alimento-para-gato-adulto-indoor-nupec-1.5-kg/NUGAIN-01,/producto/Alimento-para-gato-adulto-indoor-nupec-1.5-kg/NUGAIN-01,200,"Producto - Alimento para gato adulto indoor nupec 1.5 kg",producto_legacy,producto,/producto/alimento-croqueta-para-gato-adulto-indoor-nupec-1-5-kg-pza-nuec-fenoaduor1500g,media,tokens_compartidos_6,alta,aprobar_301_candidato,requiere_revision_destino
https://artiani.com.mx/producto/Alimento-para-gato-adulto-indoor-nupec-3kg/NUPI-01,/producto/Alimento-para-gato-adulto-indoor-nupec-3kg/NUPI-01,200,"Producto - Alimento para gato adulto indoor nupec 3kg",producto_legacy,producto,/producto/alimento-croqueta-para-gato-adulto-indoor-nupec-1-5-kg-pza-nuec-fenoaduor1500g,media,tokens_compartidos_6,alta,aprobar_301_candidato,requiere_revision_destino
https://artiani.com.mx/producto/Alimento-para-gato-kitten-nupec-3kg/KINU-01,/producto/Alimento-para-gato-kitten-nupec-3kg/KINU-01,200,"Producto - Alimento para gato kitten nupec 3kg",producto_legacy,producto,/producto/alimento-croqueta-para-gato-kitten-nupec-1-5-kg-pza-nuec-fenokien1500g,media,tokens_compartidos_5,alta,aprobar_301_candidato,requiere_revision_destino
https://artiani.com.mx/producto/Alimento-para-huron-fortificada-/ALIU-02,/producto/Alimento-para-huron-fortificada-/ALIU-02,200,"Producto - Alimento para huron fortificada",producto_legacy,producto,/producto/alimento-huron-ferret-diet-1-kg-pza-wat572,media,tokens_compartidos_4,alta,aprobar_301_candidato,requiere_revision_destino
https://artiani.com.mx/producto/Alimento-para-peces-de-fondo-70-grs/ALIF-01,/producto/Alimento-para-peces-de-fondo-70-grs/ALIF-01,200,"Producto - Alimento para peces de fondo 70 grs",producto_legacy,producto,/producto/alimento-de-vacaciones-1-pieza-para-peces-pza-q150,media,tokens_compartidos_4,alta,aprobar_301_candidato,requiere_revision_destino
https://artiani.com.mx/producto/Alimento_premium_para_pez_goldfish_90_grs/ALI-90G,/producto/Alimento_premium_para_pez_goldfish_90_grs/ALI-90G,200,"Producto - Alimento_premium_para_pez_goldfish_90_grs",producto_legacy,producto,/producto/alimento-completo-premium-para-erizos-hedgehog-1kg-pza-ala-0014,media,tokens_compartidos_4,alta,aprobar_301_candidato,requiere_revision_destino
https://artiani.com.mx/producto/Croqueta-para-gato-kitten-nupec-1.5kg/KINU-02,/producto/Croqueta-para-gato-kitten-nupec-1.5kg/KINU-02,200,"Producto - Croqueta para gato kitten nupec 1.5kg",producto_legacy,producto,/producto/alimento-croqueta-para-gato-kitten-nupec-1-5-kg-pza-nuec-fenokien1500g,media,tokens_compartidos_5,alta,aprobar_301_candidato,requiere_revision_destino
https://artiani.com.mx/producto/categoria/repuestos_y_aditamentos_para_peceras,/producto/categoria/repuestos_y_aditamentos_para_peceras,200,"Categoria - Repuestos y aditamentos para peceras",categoria_legacy,categoria,/categoria/acuario-y-peces/repuestos-aditamentos-y-accesorios/repuestos-para-peceras,media,tokens_compartidos_4,alta,aprobar_301_candidato,requiere_revision_destino
https://artiani.com.mx/,/,200,"Artiani acuario, artículos para animales y más",home,home,/,exacta,home_legacy,media,aprobar_301_candidato,requiere_revision_destino
https://artiani.com.mx/contacto,/contacto,200,"Contacto - Beay",contacto,contacto,/contacto,exacta,contacto_legacy,media,aprobar_301_candidato,requiere_revision_destino
https://artiani.com.mx/index.html,/index.html,200,"Artiani acuario, artículos para animales y más",otro,home,/,exacta,home_legacy,media,aprobar_301_candidato,requiere_revision_destino
https://artiani.com.mx/producto/-Banera-casa-para-hamster-azul/TINA-01H,/producto/-Banera-casa-para-hamster-azul/TINA-01H,200,"Producto - Banera casa para hamster azul",producto_legacy,producto,,baja,coincidencia_insuficiente,media,revisar_manual,url_indexable_sin_equivalencia_confiable
https://artiani.com.mx/producto/-Grava-cacahuate-por-costal/GRA-01,/producto/-Grava-cacahuate-por-costal/GRA-01,200,"Producto - Grava cacahuate por costal",producto_legacy,producto,,baja,coincidencia_insuficiente,media,revisar_manual,url_indexable_sin_equivalencia_confiable
https://artiani.com.mx/producto/Acuario-nano-minus-15-lts/NANO-02,/producto/Acuario-nano-minus-15-lts/NANO-02,200,"Producto - Acuario nano minus 15 lts",producto_legacy,producto,,baja,coincidencia_insuficiente,media,revisar_manual,url_indexable_sin_equivalencia_confiable
https://artiani.com.mx/producto/Acuario-nano-redu-21-L/NANO-06,/producto/Acuario-nano-redu-21-L/NANO-06,200,"Producto - Acuario nano redu 21 L",producto_legacy,producto,,baja,coincidencia_insuficiente,media,revisar_manual,url_indexable_sin_equivalencia_confiable
https://artiani.com.mx/producto/Alimento-betta-premium-sobre-/ALIB-28,/producto/Alimento-betta-premium-sobre-/ALIB-28,200,"Producto - Alimento betta premium sobre",producto_legacy,producto,,baja,coincidencia_insuficiente,media,revisar_manual,url_indexable_sin_equivalencia_confiable
https://artiani.com.mx/producto/Alimento-bettabit-sobre-/ALI-50B,/producto/Alimento-bettabit-sobre-/ALI-50B,200,"Producto - Alimento bettabit sobre",producto_legacy,producto,,baja,coincidencia_insuficiente,media,revisar_manual,url_indexable_sin_equivalencia_confiable
https://artiani.com.mx/producto/Alimento-para-chinchilla-red-/ALICHI-01,/producto/Alimento-para-chinchilla-red-/ALICHI-01,200,"Producto - Alimento para chinchilla red",producto_legacy,producto,,baja,coincidencia_insuficiente,media,revisar_manual,url_indexable_sin_equivalencia_confiable
https://artiani.com.mx/producto/Alimento-para-erizo-bombyx-grande/ALIE-1.2B,/producto/Alimento-para-erizo-bombyx-grande/ALIE-1.2B,200,"Producto - Alimento para erizo bombyx grande",producto_legacy,producto,,baja,coincidencia_insuficiente,media,revisar_manual,url_indexable_sin_equivalencia_confiable
https://artiani.com.mx/producto/Alimento-para-erizo-tenebrio-grande/ALIE-1.2T,/producto/Alimento-para-erizo-tenebrio-grande/ALIE-1.2T,200,"Producto - Alimento para erizo tenebrio grande",producto_legacy,producto,,baja,coincidencia_insuficiente,media,revisar_manual,url_indexable_sin_equivalencia_confiable
https://artiani.com.mx/producto/Alimento-para-huron-premium/ALIU-01,/producto/Alimento-para-huron-premium/ALIU-01,200,"Producto - Alimento para huron premium",producto_legacy,producto,,baja,coincidencia_insuficiente,media,revisar_manual,url_indexable_sin_equivalencia_confiable
https://artiani.com.mx/producto/Alimento-para-iguana-juvenil-350-gramos-/ALII-03,/producto/Alimento-para-iguana-juvenil-350-gramos-/ALII-03,200,"Producto - Alimento para iguana juvenil 350 gramos",producto_legacy,producto,,baja,coincidencia_insuficiente,media,revisar_manual,url_indexable_sin_equivalencia_confiable
https://artiani.com.mx/producto/Alimento-para-tortuga-bites-(bolitas)/ALITO-01,/producto/Alimento-para-tortuga-bites-(bolitas)/ALITO-01,200,"Producto - Alimento para tortuga bites (bolitas)",producto_legacy,producto,,baja,coincidencia_insuficiente,media,revisar_manual,url_indexable_sin_equivalencia_confiable
https://artiani.com.mx/producto/Alimento-para-tortuga-reptil-sticks-300-grs/ALITO-05,/producto/Alimento-para-tortuga-reptil-sticks-300-grs/ALITO-05,200,"Producto - Alimento para tortuga reptil sticks 300 grs",producto_legacy,producto,,baja,coincidencia_insuficiente,media,revisar_manual,url_indexable_sin_equivalencia_confiable
https://artiani.com.mx/producto/Alimento-para-tortuga-stick-(palitos)/ALITO-02,/producto/Alimento-para-tortuga-stick-(palitos)/ALITO-02,200,"Producto - Alimento para tortuga stick (palitos)",producto_legacy,producto,,baja,coincidencia_insuficiente,media,revisar_manual,url_indexable_sin_equivalencia_confiable
https://artiani.com.mx/producto/Alimento-para-tortuga-sticks-baby-mini-/ALITO-03,/producto/Alimento-para-tortuga-sticks-baby-mini-/ALITO-03,200,"Producto - Alimento para tortuga sticks baby mini",producto_legacy,producto,,baja,coincidencia_insuficiente,media,revisar_manual,url_indexable_sin_equivalencia_confiable
https://artiani.com.mx/producto/Alimento_bioflock_artemia_160_grs/ALI-160F,/producto/Alimento_bioflock_artemia_160_grs/ALI-160F,200,"Producto - Alimento_bioflock_artemia_160_grs",producto_legacy,producto,,baja,coincidencia_insuficiente,media,revisar_manual,url_indexable_sin_equivalencia_confiable
https://artiani.com.mx/producto/Alimento_para_erizo_bombyx_mediano/ALIE-700B,/producto/Alimento_para_erizo_bombyx_mediano/ALIE-700B,200,"Producto - Alimento_para_erizo_bombyx_mediano",producto_legacy,producto,,baja,coincidencia_insuficiente,media,revisar_manual,url_indexable_sin_equivalencia_confiable
https://artiani.com.mx/producto/Alimento_para_erizo_tenebrio_mediano/ALIE-700T,/producto/Alimento_para_erizo_tenebrio_mediano/ALIE-700T,200,"Producto - Alimento_para_erizo_tenebrio_mediano",producto_legacy,producto,,baja,coincidencia_insuficiente,media,revisar_manual,url_indexable_sin_equivalencia_confiable
https://artiani.com.mx/producto/Alimento_tropical_premium_90_gramos_/ALI-90TR,/producto/Alimento_tropical_premium_90_gramos_/ALI-90TR,200,"Producto - Alimento_tropical_premium_90_gramos_",producto_legacy,producto,,baja,coincidencia_insuficiente,media,revisar_manual,url_indexable_sin_equivalencia_confiable
https://artiani.com.mx/producto/Antiacaros-eri-clean-para-erizo-/ANAC-01,/producto/Antiacaros-eri-clean-para-erizo-/ANAC-01,200,"Producto - Antiacaros eri clean para erizo",producto_legacy,producto,,baja,coincidencia_insuficiente,media,revisar_manual,url_indexable_sin_equivalencia_confiable
https://artiani.com.mx/producto/Arenero-italiano-gris-/ARO-11G,/producto/Arenero-italiano-gris-/ARO-11G,200,"Producto - Arenero italiano gris",producto_legacy,producto,,baja,requiere_revision_manual,media,revisar_manual,url_indexable_sin_equivalencia_confiable
https://artiani.com.mx/producto/Arenero-marco-plus-grande-/ARO-15,/producto/Arenero-marco-plus-grande-/ARO-15,200,"Producto - Arenero marco plus grande",producto_legacy,producto,,baja,coincidencia_insuficiente,media,revisar_manual,url_indexable_sin_equivalencia_confiable
https://artiani.com.mx/producto/Arenero-plus-azul-/ARO-12,/producto/Arenero-plus-azul-/ARO-12,200,"Producto - Arenero plus azul",producto_legacy,producto,,baja,requiere_revision_manual,media,revisar_manual,url_indexable_sin_equivalencia_confiable
https://artiani.com.mx/producto/Arenero-tapado-verde-/ARO-07,/producto/Arenero-tapado-verde-/ARO-07,200,"Producto - Arenero tapado verde",producto_legacy,producto,,baja,coincidencia_insuficiente,media,revisar_manual,url_indexable_sin_equivalencia_confiable
https://artiani.com.mx/producto/Atrayente-para-cachorros-/ATRA-01,/producto/Atrayente-para-cachorros-/ATRA-01,200,"Producto - Atrayente para cachorros",producto_legacy,producto,,baja,coincidencia_insuficiente,media,revisar_manual,url_indexable_sin_equivalencia_confiable
https://artiani.com.mx/producto/Azul-de-metileno-60-ml-/AZUL-02,/producto/Azul-de-metileno-60-ml-/AZUL-02,200,"Producto - Azul de metileno 60 ml",producto_legacy,producto,,baja,requiere_revision_manual,media,revisar_manual,url_indexable_sin_equivalencia_confiable
https://artiani.com.mx/producto/Banera-casa-para-hamster-verde-/TINA-02H,/producto/Banera-casa-para-hamster-verde-/TINA-02H,200,"Producto - Banera casa para hamster verde",producto_legacy,producto,,baja,coincidencia_insuficiente,media,revisar_manual,url_indexable_sin_equivalencia_confiable
https://artiani.com.mx/producto/Base-panoramica-5-patas-50cm/BASP-05,/producto/Base-panoramica-5-patas-50cm/BASP-05,200,"Producto - Base panoramica 5 patas 50cm",producto_legacy,producto,,baja,requiere_revision_manual,media,revisar_manual,url_indexable_sin_equivalencia_confiable
https://artiani.com.mx/producto/Base-rectangular-de-herreria-para-pecera-60-x-30-cm/BASR-03,/producto/Base-rectangular-de-herreria-para-pecera-60-x-30-cm/BASR-03,200,"Producto - Base rectangular de herreria para pecera 60 x 30 cm",producto_legacy,producto,,baja,coincidencia_insuficiente,media,revisar_manual,url_indexable_sin_equivalencia_confiable
https://artiani.com.mx/producto/Base-rectangular-de-herreria-para-pecera-de-120-x-30cm/BASR-04,/producto/Base-rectangular-de-herreria-para-pecera-de-120-x-30cm/BASR-04,200,"Producto - Base rectangular de herreria para pecera de 120 x 30cm",producto_legacy,producto,,baja,coincidencia_insuficiente,media,revisar_manual,url_indexable_sin_equivalencia_confiable
https://artiani.com.mx/producto/Base-rectangular-de-herreria-para-pecera-de-50-x-26-cm/BASR-02,/producto/Base-rectangular-de-herreria-para-pecera-de-50-x-26-cm/BASR-02,200,"Producto - Base rectangular de herreria para pecera de 50 x 26 cm",producto_legacy,producto,,baja,coincidencia_insuficiente,media,revisar_manual,url_indexable_sin_equivalencia_confiable
https://artiani.com.mx/producto/Bebedero-colores/DIS-B01,/producto/Bebedero-colores/DIS-B01,200,"Producto - Bebedero colores",producto_legacy,producto,,baja,coincidencia_insuficiente,media,revisar_manual,url_indexable_sin_equivalencia_confiable
https://artiani.com.mx/producto/Bebedero-para-colibri-con-nectar-/COLINEC-01,/producto/Bebedero-para-colibri-con-nectar-/COLINEC-01,200,"Producto - Bebedero para colibri con nectar",producto_legacy,producto,,baja,coincidencia_insuficiente,media,revisar_manual,url_indexable_sin_equivalencia_confiable
https://artiani.com.mx/producto/Bebedero-para-colibri-rojo-4-flores/COLI-01,/producto/Bebedero-para-colibri-rojo-4-flores/COLI-01,200,"Producto - Bebedero para colibri rojo 4 flores",producto_legacy,producto,,baja,coincidencia_insuficiente,media,revisar_manual,url_indexable_sin_equivalencia_confiable
https://artiani.com.mx/producto/Bebedero-para-hamster-60-ml/BDRO-01,/producto/Bebedero-para-hamster-60-ml/BDRO-01,200,"Producto - Bebedero para hamster 60 ml",producto_legacy,producto,,baja,coincidencia_insuficiente,media,revisar_manual,url_indexable_sin_equivalencia_confiable
https://artiani.com.mx/producto/Bebedero_para_perro_elegant_/DIS-04,/producto/Bebedero_para_perro_elegant_/DIS-04,200,"Producto - Bebedero_para_perro_elegant_",producto_legacy,producto,,baja,coincidencia_insuficiente,media,revisar_manual,url_indexable_sin_equivalencia_confiable
https://artiani.com.mx/producto/Bebedero_perros_o_gatos_3.8_litros/DIS-B02,/producto/Bebedero_perros_o_gatos_3.8_litros/DIS-B02,200,"Producto - Bebedero_perros_o_gatos_3.8_litros",producto_legacy,producto,,baja,coincidencia_insuficiente,media,revisar_manual,url_indexable_sin_equivalencia_confiable
https://artiani.com.mx/producto/Bomba-de-aire-1-salida-/AIR-01,/producto/Bomba-de-aire-1-salida-/AIR-01,200,"Producto - Bomba de aire 1 salida",producto_legacy,producto,,baja,requiere_revision_manual,media,revisar_manual,url_indexable_sin_equivalencia_confiable
https://artiani.com.mx/producto/Bomba-sumergible-1.2-m-/BS-120,/producto/Bomba-sumergible-1.2-m-/BS-120,200,"Producto - Bomba sumergible 1.2 m",producto_legacy,producto,,baja,coincidencia_insuficiente,media,revisar_manual,url_indexable_sin_equivalencia_confiable
https://artiani.com.mx/producto/Bomba-sumergible-3.2-m-/BS-320,/producto/Bomba-sumergible-3.2-m-/BS-320,200,"Producto - Bomba sumergible 3.2 m",producto_legacy,producto,,baja,requiere_revision_manual,media,revisar_manual,url_indexable_sin_equivalencia_confiable
https://artiani.com.mx/producto/Bomba-sumergible-3.5-/BS-350,/producto/Bomba-sumergible-3.5-/BS-350,200,"Producto - Bomba sumergible 3.5",producto_legacy,producto,,baja,requiere_revision_manual,media,revisar_manual,url_indexable_sin_equivalencia_confiable
https://artiani.com.mx/producto/Bomba-sumergible-4-m-/BS-400,/producto/Bomba-sumergible-4-m-/BS-400,200,"Producto - Bomba sumergible 4 m",producto_legacy,producto,,baja,requiere_revision_manual,media,revisar_manual,url_indexable_sin_equivalencia_confiable
https://artiani.com.mx/producto/Calentador-(termostato)-300-watts/CAL-S06,/producto/Calentador-(termostato)-300-watts/CAL-S06,200,"Producto - Calentador (termostato) 300 watts",producto_legacy,producto,,baja,requiere_revision_manual,media,revisar_manual,url_indexable_sin_equivalencia_confiable
https://artiani.com.mx/producto/Calentador-(termostato)-eco-25w/CAL-01,/producto/Calentador-(termostato)-eco-25w/CAL-01,200,"Producto - Calentador (termostato) eco 25w",producto_legacy,producto,,baja,requiere_revision_manual,media,revisar_manual,url_indexable_sin_equivalencia_confiable
https://artiani.com.mx/producto/Calentador-(termostato)-eco-50w/CAL-03,/producto/Calentador-(termostato)-eco-50w/CAL-03,200,"Producto - Calentador (termostato) eco 50w",producto_legacy,producto,,baja,requiere_revision_manual,media,revisar_manual,url_indexable_sin_equivalencia_confiable
https://artiani.com.mx/producto/Calentador-fijo-mini-35w/TER-01,/producto/Calentador-fijo-mini-35w/TER-01,200,"Producto - Calentador fijo mini 35w",producto_legacy,producto,,baja,coincidencia_insuficiente,media,revisar_manual,url_indexable_sin_equivalencia_confiable
https://artiani.com.mx/producto/Cama_antiestres_chica_para_mascotas/CAMC-01,/producto/Cama_antiestres_chica_para_mascotas/CAMC-01,200,"Producto - Cama_antiestres_chica_para_mascotas",producto_legacy,producto,,baja,coincidencia_insuficiente,media,revisar_manual,url_indexable_sin_equivalencia_confiable
https://artiani.com.mx/producto/Cama_antiestres_chica_para_mascotas/CAMC-02,/producto/Cama_antiestres_chica_para_mascotas/CAMC-02,200,"Producto - Cama_antiestres_chica_para_mascotas",producto_legacy,producto,,baja,coincidencia_insuficiente,media,revisar_manual,url_indexable_sin_equivalencia_confiable
https://artiani.com.mx/producto/Cama_antiestres_chica_para_mascotas/index.html,/producto/Cama_antiestres_chica_para_mascotas/index.html,200,"Producto - Cama_antiestres_chica_para_mascotas",producto_legacy,producto,,baja,coincidencia_insuficiente,media,revisar_manual,url_indexable_sin_equivalencia_confiable
https://artiani.com.mx/producto/Cama_antiestres_chica_para_mascotas_/CAMC-04,/producto/Cama_antiestres_chica_para_mascotas_/CAMC-04,200,"Producto - Cama_antiestres_chica_para_mascotas_",producto_legacy,producto,,baja,coincidencia_insuficiente,media,revisar_manual,url_indexable_sin_equivalencia_confiable
https://artiani.com.mx/producto/Cama_antiestres_chica_para_mascotas_/index.html,/producto/Cama_antiestres_chica_para_mascotas_/index.html,200,"Producto - Cama_antiestres_chica_para_mascotas_",producto_legacy,producto,,baja,coincidencia_insuficiente,media,revisar_manual,url_indexable_sin_equivalencia_confiable
https://artiani.com.mx/producto/Cama_antiestres_mediana_para_perros_y_gatos/CAMM-07,/producto/Cama_antiestres_mediana_para_perros_y_gatos/CAMM-07,200,"Producto - Cama_antiestres_mediana_para_perros_y_gatos",producto_legacy,producto,,baja,coincidencia_insuficiente,media,revisar_manual,url_indexable_sin_equivalencia_confiable
https://artiani.com.mx/producto/Cama_antiestres_mediana_para_perros_y_gatos/index.html,/producto/Cama_antiestres_mediana_para_perros_y_gatos/index.html,200,"Producto - Cama_antiestres_mediana_para_perros_y_gatos",producto_legacy,producto,,baja,coincidencia_insuficiente,media,revisar_manual,url_indexable_sin_equivalencia_confiable
https://artiani.com.mx/producto/Canutillos_anillos_de_ceramica_/CANC-01,/producto/Canutillos_anillos_de_ceramica_/CANC-01,200,"Producto - Canutillos_anillos_de_ceramica_",producto_legacy,producto,,baja,requiere_revision_manual,media,revisar_manual,url_indexable_sin_equivalencia_confiable
https://artiani.com.mx/producto/Carda-de-goma-almo/CAR-03,/producto/Carda-de-goma-almo/CAR-03,200,"Producto - Carda de goma almo",producto_legacy,producto,,baja,coincidencia_insuficiente,media,revisar_manual,url_indexable_sin_equivalencia_confiable
https://artiani.com.mx/producto/Carda-de-goma-cepi/CAR-04,/producto/Carda-de-goma-cepi/CAR-04,200,"Producto - Carda de goma cepi",producto_legacy,producto,,baja,coincidencia_insuficiente,media,revisar_manual,url_indexable_sin_equivalencia_confiable
https://artiani.com.mx/producto/Carda-de-goma-para-mascotas-/CAR-02,/producto/Carda-de-goma-para-mascotas-/CAR-02,200,"Producto - Carda de goma para mascotas",producto_legacy,producto,,baja,coincidencia_insuficiente,media,revisar_manual,url_indexable_sin_equivalencia_confiable
https://artiani.com.mx/producto/Carda-puntas-cubiertas-mediana-/CAR-06,/producto/Carda-puntas-cubiertas-mediana-/CAR-06,200,"Producto - Carda puntas cubiertas mediana",producto_legacy,producto,,baja,coincidencia_insuficiente,media,revisar_manual,url_indexable_sin_equivalencia_confiable
https://artiani.com.mx/producto/Carda-puntas-cubiertas-mini/CAR-07,/producto/Carda-puntas-cubiertas-mini/CAR-07,200,"Producto - Carda puntas cubiertas mini",producto_legacy,producto,,baja,coincidencia_insuficiente,media,revisar_manual,url_indexable_sin_equivalencia_confiable
https://artiani.com.mx/producto/Carda-roja-chica-para-mascotas-/CAR-01,/producto/Carda-roja-chica-para-mascotas-/CAR-01,200,"Producto - Carda roja chica para mascotas",producto_legacy,producto,,baja,coincidencia_insuficiente,media,revisar_manual,url_indexable_sin_equivalencia_confiable
https://artiani.com.mx/producto/Casa-foggy-mediana-para-perros-/CASI-03,/producto/Casa-foggy-mediana-para-perros-/CASI-03,200,"Producto - Casa foggy mediana para perros",producto_legacy,producto,,baja,coincidencia_insuficiente,media,revisar_manual,url_indexable_sin_equivalencia_confiable
https://artiani.com.mx/producto/Casa-inova-chica-roja-/CASI-02,/producto/Casa-inova-chica-roja-/CASI-02,200,"Producto - Casa inova chica roja",producto_legacy,producto,,baja,requiere_revision_manual,media,revisar_manual,url_indexable_sin_equivalencia_confiable
https://artiani.com.mx/producto/Casa-inova-extra-chica-azul-/CAS-04,/producto/Casa-inova-extra-chica-azul-/CAS-04,200,"Producto - Casa inova extra chica azul",producto_legacy,producto,,baja,requiere_revision_manual,media,revisar_manual,url_indexable_sin_equivalencia_confiable
https://artiani.com.mx/producto/Casa-o-arenero-residencial-/CAS-02,/producto/Casa-o-arenero-residencial-/CAS-02,200,"Producto - Casa o arenero residencial",producto_legacy,producto,,baja,requiere_revision_manual,media,revisar_manual,url_indexable_sin_equivalencia_confiable
https://artiani.com.mx/producto/Catnip-menta-para-gatos/CAT-02,/producto/Catnip-menta-para-gatos/CAT-02,200,"Producto - Catnip menta para gatos",producto_legacy,producto,,baja,coincidencia_insuficiente,media,revisar_manual,url_indexable_sin_equivalencia_confiable
https://artiani.com.mx/producto/Cepillo-de-limpieza-/CEP-01,/producto/Cepillo-de-limpieza-/CEP-01,200,"Producto - Cepillo de limpieza",producto_legacy,producto,,baja,coincidencia_insuficiente,media,revisar_manual,url_indexable_sin_equivalencia_confiable
https://artiani.com.mx/producto/Comedero-para-perro-elegant-/DIS-04,/producto/Comedero-para-perro-elegant-/DIS-04,200,"Producto - Comedero para perro elegant",producto_legacy,producto,,baja,coincidencia_insuficiente,media,revisar_manual,url_indexable_sin_equivalencia_confiable
https://artiani.com.mx/producto/Comedero-para-reptil-chico/TA-02,/producto/Comedero-para-reptil-chico/TA-02,200,"Producto - Comedero para reptil chico",producto_legacy,producto,,baja,coincidencia_insuficiente,media,revisar_manual,url_indexable_sin_equivalencia_confiable
https://artiani.com.mx/producto/Comedero-para-reptil-mediano/TA-01,/producto/Comedero-para-reptil-mediano/TA-01,200,"Producto - Comedero para reptil mediano",producto_legacy,producto,,baja,coincidencia_insuficiente,media,revisar_manual,url_indexable_sin_equivalencia_confiable
https://artiani.com.mx/producto/Conejina-alimento-agranel-/CONEJINA-40KG,/producto/Conejina-alimento-agranel-/CONEJINA-40KG,200,"Producto - Conejina alimento agranel",producto_legacy,producto,,baja,coincidencia_insuficiente,media,revisar_manual,url_indexable_sin_equivalencia_confiable
https://artiani.com.mx/producto/Cristalize-aclarador-de-agua-para-acuarios/CRYS-30,/producto/Cristalize-aclarador-de-agua-para-acuarios/CRYS-30,200,"Producto - Cristalize aclarador de agua para acuarios",producto_legacy,producto,,baja,coincidencia_insuficiente,media,revisar_manual,url_indexable_sin_equivalencia_confiable
https://artiani.com.mx/producto/Dental-kit-para-perros/DEN-01,/producto/Dental-kit-para-perros/DEN-01,200,"Producto - Dental kit para perros",producto_legacy,producto,,baja,coincidencia_insuficiente,media,revisar_manual,url_indexable_sin_equivalencia_confiable
https://artiani.com.mx/producto/Esquinero-bano-rectagular--blanco/CON-01,/producto/Esquinero-bano-rectagular--blanco/CON-01,200,"Producto - Esquinero bano rectagular blanco",producto_legacy,producto,,baja,coincidencia_insuficiente,media,revisar_manual,url_indexable_sin_equivalencia_confiable
https://artiani.com.mx/producto/Esquinero-bano-rectangular-/CON-01A,/producto/Esquinero-bano-rectangular-/CON-01A,200,"Producto - Esquinero bano rectangular",producto_legacy,producto,,baja,coincidencia_insuficiente,media,revisar_manual,url_indexable_sin_equivalencia_confiable
https://artiani.com.mx/producto/Extracto-de-catnip-en-spray-para-gatos-/CAT-03,/producto/Extracto-de-catnip-en-spray-para-gatos-/CAT-03,200,"Producto - Extracto de catnip en spray para gatos",producto_legacy,producto,,baja,coincidencia_insuficiente,media,revisar_manual,url_indexable_sin_equivalencia_confiable
https://artiani.com.mx/producto/Filtro-Cascada-100/FILCC-04,/producto/Filtro-Cascada-100/FILCC-04,200,"Producto - Filtro Cascada 100",producto_legacy,producto,,baja,coincidencia_insuficiente,media,revisar_manual,url_indexable_sin_equivalencia_confiable
https://artiani.com.mx/producto/Filtro-Cascada-300/FILCC-05,/producto/Filtro-Cascada-300/FILCC-05,200,"Producto - Filtro Cascada 300",producto_legacy,producto,,baja,coincidencia_insuficiente,media,revisar_manual,url_indexable_sin_equivalencia_confiable
https://artiani.com.mx/producto/Foco-UVB-13w-desierto/FLOR-11,/producto/Foco-UVB-13w-desierto/FLOR-11,200,"Producto - Foco UVB 13w desierto",producto_legacy,producto,,baja,requiere_revision_manual,media,revisar_manual,url_indexable_sin_equivalencia_confiable
https://artiani.com.mx/producto/Foco-de-dia-para-reptil-150w-/FLOR-05,/producto/Foco-de-dia-para-reptil-150w-/FLOR-05,200,"Producto - Foco de dia para reptil 150w",producto_legacy,producto,,baja,coincidencia_insuficiente,media,revisar_manual,url_indexable_sin_equivalencia_confiable
https://artiani.com.mx/producto/Foco-de-dia-para-reptil-60w/FOR-01,/producto/Foco-de-dia-para-reptil-60w/FOR-01,200,"Producto - Foco de dia para reptil 60w",producto_legacy,producto,,baja,coincidencia_insuficiente,media,revisar_manual,url_indexable_sin_equivalencia_confiable
https://artiani.com.mx/producto/Foco-de-noche-para-reptil-75w-/FLOR-06,/producto/Foco-de-noche-para-reptil-75w-/FLOR-06,200,"Producto - Foco de noche para reptil 75w",producto_legacy,producto,,baja,coincidencia_insuficiente,media,revisar_manual,url_indexable_sin_equivalencia_confiable
https://artiani.com.mx/producto/Grava-negra-por-costal-/GRA-05,/producto/Grava-negra-por-costal-/GRA-05,200,"Producto - Grava negra por costal",producto_legacy,producto,,baja,coincidencia_insuficiente,media,revisar_manual,url_indexable_sin_equivalencia_confiable
https://artiani.com.mx/producto/Grava-roja-para-acuario-por-costal/GRA-02,/producto/Grava-roja-para-acuario-por-costal/GRA-02,200,"Producto - Grava roja para acuario por costal",producto_legacy,producto,,baja,coincidencia_insuficiente,media,revisar_manual,url_indexable_sin_equivalencia_confiable
https://artiani.com.mx/producto/Grillo-por-millar-a-granel-/GRI-01,/producto/Grillo-por-millar-a-granel-/GRI-01,200,"Producto - Grillo por millar a granel",producto_legacy,producto,,baja,coincidencia_insuficiente,media,revisar_manual,url_indexable_sin_equivalencia_confiable
https://artiani.com.mx/producto/Isla-para-tortuguero-circular/ISLA-01,/producto/Isla-para-tortuguero-circular/ISLA-01,200,"Producto - Isla para tortuguero circular",producto_legacy,producto,,baja,coincidencia_insuficiente,media,revisar_manual,url_indexable_sin_equivalencia_confiable
https://artiani.com.mx/producto/Isla-para-tortuguero-rampa/ISLA-02,/producto/Isla-para-tortuguero-rampa/ISLA-02,200,"Producto - Isla para tortuguero rampa",producto_legacy,producto,,baja,coincidencia_insuficiente,media,revisar_manual,url_indexable_sin_equivalencia_confiable
https://artiani.com.mx/producto/Jaula-baral-amarilla--para-pajaro/JARO-02AM,/producto/Jaula-baral-amarilla--para-pajaro/JARO-02AM,200,"Producto - Jaula baral amarilla para pajaro",producto_legacy,producto,,baja,coincidencia_insuficiente,media,revisar_manual,url_indexable_sin_equivalencia_confiable
https://artiani.com.mx/producto/Jaula-baral-verde-para-pajaro/JARO-02VE,/producto/Jaula-baral-verde-para-pajaro/JARO-02VE,200,"Producto - Jaula baral verde para pajaro",producto_legacy,producto,,baja,coincidencia_insuficiente,media,revisar_manual,url_indexable_sin_equivalencia_confiable
https://artiani.com.mx/producto/Jaula-de-hamster-lux-verde-/JHA-05VE,/producto/Jaula-de-hamster-lux-verde-/JHA-05VE,200,"Producto - Jaula de hamster lux verde",producto_legacy,producto,,baja,coincidencia_insuficiente,media,revisar_manual,url_indexable_sin_equivalencia_confiable
https://artiani.com.mx/producto/Jaula-hamster-con-tubos-57-x-31-x-29-cm-/JHA-15,/producto/Jaula-hamster-con-tubos-57-x-31-x-29-cm-/JHA-15,200,"Producto - Jaula hamster con tubos 57 x 31 x 29 cm",producto_legacy,producto,,baja,coincidencia_insuficiente,media,revisar_manual,url_indexable_sin_equivalencia_confiable
https://artiani.com.mx/producto/Jaula-hamster-residencial-amarilla/JHA-26,/producto/Jaula-hamster-residencial-amarilla/JHA-26,200,"Producto - Jaula hamster residencial amarilla",producto_legacy,producto,,baja,requiere_revision_manual,media,revisar_manual,url_indexable_sin_equivalencia_confiable
https://artiani.com.mx/producto/Jaula-hamster-residencial-azul/JHA-25,/producto/Jaula-hamster-residencial-azul/JHA-25,200,"Producto - Jaula hamster residencial azul",producto_legacy,producto,,baja,requiere_revision_manual,media,revisar_manual,url_indexable_sin_equivalencia_confiable
https://artiani.com.mx/producto/Jaula-metalica-plegable-con-division--121-x-75-x-86-cm-/JAM-03,/producto/Jaula-metalica-plegable-con-division--121-x-75-x-86-cm-/JAM-03,200,"Producto - Jaula metalica plegable con division 121 x 75 x 86 cm",producto_legacy,producto,,baja,coincidencia_insuficiente,media,revisar_manual,url_indexable_sin_equivalencia_confiable
https://artiani.com.mx/producto/Jaula-metalica-plegable-con-division-63-x-44-x-50-cm/JAM-01,/producto/Jaula-metalica-plegable-con-division-63-x-44-x-50-cm/JAM-01,200,"Producto - Jaula metalica plegable con division 63 x 44 x 50 cm",producto_legacy,producto,,baja,coincidencia_insuficiente,media,revisar_manual,url_indexable_sin_equivalencia_confiable
https://artiani.com.mx/producto/Jaula-metalica-plegable-con-division-92-x-56.5-x-66-cm/JAM-02,/producto/Jaula-metalica-plegable-con-division-92-x-56.5-x-66-cm/JAM-02,200,"Producto - Jaula metalica plegable con division 92 x 56.5 x 66 cm",producto_legacy,producto,,baja,coincidencia_insuficiente,media,revisar_manual,url_indexable_sin_equivalencia_confiable
https://artiani.com.mx/producto/Jaula-mini-casa-azul-para-pajaro/JARO-06AZ,/producto/Jaula-mini-casa-azul-para-pajaro/JARO-06AZ,200,"Producto - Jaula mini casa azul para pajaro",producto_legacy,producto,,baja,coincidencia_insuficiente,media,revisar_manual,url_indexable_sin_equivalencia_confiable
https://artiani.com.mx/producto/Jaula-mini-casa-verde-para-pajaro/JARO-06VE,/producto/Jaula-mini-casa-verde-para-pajaro/JARO-06VE,200,"Producto - Jaula mini casa verde para pajaro",producto_legacy,producto,,baja,coincidencia_insuficiente,media,revisar_manual,url_indexable_sin_equivalencia_confiable
https://artiani.com.mx/producto/Jaula-para-mamifero-3-niveles/JCO-07,/producto/Jaula-para-mamifero-3-niveles/JCO-07,200,"Producto - Jaula para mamifero 3 niveles",producto_legacy,producto,,baja,coincidencia_insuficiente,media,revisar_manual,url_indexable_sin_equivalencia_confiable
https://artiani.com.mx/producto/Jaula-para-mamifero-decan-rosa-/JCO-04R,/producto/Jaula-para-mamifero-decan-rosa-/JCO-04R,200,"Producto - Jaula para mamifero decan rosa",producto_legacy,producto,,baja,coincidencia_insuficiente,media,revisar_manual,url_indexable_sin_equivalencia_confiable
https://artiani.com.mx/producto/Jaula-para-mamifero-decan-verde-/JCO-04V,/producto/Jaula-para-mamifero-decan-verde-/JCO-04V,200,"Producto - Jaula para mamifero decan verde",producto_legacy,producto,,baja,coincidencia_insuficiente,media,revisar_manual,url_indexable_sin_equivalencia_confiable
https://artiani.com.mx/producto/Jaula-para-mamifero-decan/JCO-04,/producto/Jaula-para-mamifero-decan/JCO-04,200,"Producto - Jaula para mamifero decan",producto_legacy,producto,,baja,coincidencia_insuficiente,media,revisar_manual,url_indexable_sin_equivalencia_confiable
https://artiani.com.mx/producto/Jaula-para-mamifero-despar/JCO-01,/producto/Jaula-para-mamifero-despar/JCO-01,200,"Producto - Jaula para mamifero despar",producto_legacy,producto,,baja,coincidencia_insuficiente,media,revisar_manual,url_indexable_sin_equivalencia_confiable
https://artiani.com.mx/producto/Jaula-plegable-con-charola-/JAM-05,/producto/Jaula-plegable-con-charola-/JAM-05,200,"Producto - Jaula plegable con charola",producto_legacy,producto,,baja,coincidencia_insuficiente,media,revisar_manual,url_indexable_sin_equivalencia_confiable
https://artiani.com.mx/producto/Juguete-cana-de-pescar-verde/JUGG-04,/producto/Juguete-cana-de-pescar-verde/JUGG-04,200,"Producto - Juguete cana de pescar verde",producto_legacy,producto,,baja,coincidencia_insuficiente,media,revisar_manual,url_indexable_sin_equivalencia_confiable
https://artiani.com.mx/producto/Juguete-para-aves-calcio-mediano/JUP-03,/producto/Juguete-para-aves-calcio-mediano/JUP-03,200,"Producto - Juguete para aves calcio mediano",producto_legacy,producto,,baja,coincidencia_insuficiente,media,revisar_manual,url_indexable_sin_equivalencia_confiable
https://artiani.com.mx/producto/Juguete-para-aves-calcio-sencillo-/JUP-01,/producto/Juguete-para-aves-calcio-sencillo-/JUP-01,200,"Producto - Juguete para aves calcio sencillo",producto_legacy,producto,,baja,coincidencia_insuficiente,media,revisar_manual,url_indexable_sin_equivalencia_confiable
https://artiani.com.mx/producto/Juguete-pelota-con-sonido-sonaja-para-gato-/JUGG-03,/producto/Juguete-pelota-con-sonido-sonaja-para-gato-/JUGG-03,200,"Producto - Juguete pelota con sonido sonaja para gato",producto_legacy,producto,,baja,coincidencia_insuficiente,media,revisar_manual,url_indexable_sin_equivalencia_confiable
https://artiani.com.mx/producto/Juguete-pelota-de-goma-para-gato-/JUGG-01,/producto/Juguete-pelota-de-goma-para-gato-/JUGG-01,200,"Producto - Juguete pelota de goma para gato",producto_legacy,producto,,baja,coincidencia_insuficiente,media,revisar_manual,url_indexable_sin_equivalencia_confiable
https://artiani.com.mx/producto/Juguete-pelota-de-tenis-chica-/JUG-07,/producto/Juguete-pelota-de-tenis-chica-/JUG-07,200,"Producto - Juguete pelota de tenis chica",producto_legacy,producto,,baja,requiere_revision_manual,media,revisar_manual,url_indexable_sin_equivalencia_confiable
https://artiani.com.mx/producto/Juguete-scruch-papas-para-perro/JUG-19,/producto/Juguete-scruch-papas-para-perro/JUG-19,200,"Producto - Juguete scruch papas para perro",producto_legacy,producto,,baja,coincidencia_insuficiente,media,revisar_manual,url_indexable_sin_equivalencia_confiable
https://artiani.com.mx/producto/Juguete-scrunch-fuego-para-perro/JUG-16,/producto/Juguete-scrunch-fuego-para-perro/JUG-16,200,"Producto - Juguete scrunch fuego para perro",producto_legacy,producto,,baja,coincidencia_insuficiente,media,revisar_manual,url_indexable_sin_equivalencia_confiable
https://artiani.com.mx/producto/Juguete-scrunch-queso-para-perro/JUG-10,/producto/Juguete-scrunch-queso-para-perro/JUG-10,200,"Producto - Juguete scrunch queso para perro",producto_legacy,producto,,baja,coincidencia_insuficiente,media,revisar_manual,url_indexable_sin_equivalencia_confiable
https://artiani.com.mx/producto/Juguete_para_aves_calcio_triple_/JUP-02,/producto/Juguete_para_aves_calcio_triple_/JUP-02,200,"Producto - Juguete_para_aves_calcio_triple_",producto_legacy,producto,,baja,coincidencia_insuficiente,media,revisar_manual,url_indexable_sin_equivalencia_confiable
https://artiani.com.mx/producto/Lampara-nano-led-con-clip/LANO-01,/producto/Lampara-nano-led-con-clip/LANO-01,200,"Producto - Lampara nano led con clip",producto_legacy,producto,,baja,coincidencia_insuficiente,media,revisar_manual,url_indexable_sin_equivalencia_confiable
https://artiani.com.mx/producto/Lampara-panoramica-50-x-35-cm-/LAMP-TP02,/producto/Lampara-panoramica-50-x-35-cm-/LAMP-TP02,200,"Producto - Lampara panoramica 50 x 35 cm",producto_legacy,producto,,baja,coincidencia_insuficiente,media,revisar_manual,url_indexable_sin_equivalencia_confiable
https://artiani.com.mx/producto/Lampara-rectangular-con-tapa-50-x-26-cm/LAM-TR01,/producto/Lampara-rectangular-con-tapa-50-x-26-cm/LAM-TR01,200,"Producto - Lampara rectangular con tapa 50 x 26 cm",producto_legacy,producto,,baja,coincidencia_insuficiente,media,revisar_manual,url_indexable_sin_equivalencia_confiable
https://artiani.com.mx/producto/Lampara-rectangular-de-tapa-50-x-26-cm-/LAM-TR02,/producto/Lampara-rectangular-de-tapa-50-x-26-cm-/LAM-TR02,200,"Producto - Lampara rectangular de tapa 50 x 26 cm",producto_legacy,producto,,baja,coincidencia_insuficiente,media,revisar_manual,url_indexable_sin_equivalencia_confiable
https://artiani.com.mx/producto/Larva-de-mosca-soldado/ALIL-01,/producto/Larva-de-mosca-soldado/ALIL-01,200,"Producto - Larva de mosca soldado",producto_legacy,producto,,baja,requiere_revision_manual,media,revisar_manual,url_indexable_sin_equivalencia_confiable
https://artiani.com.mx/producto/Leche-para-cachorrros-/LECH-01,/producto/Leche-para-cachorrros-/LECH-01,200,"Producto - Leche para cachorrros",producto_legacy,producto,,baja,coincidencia_insuficiente,media,revisar_manual,url_indexable_sin_equivalencia_confiable
https://artiani.com.mx/producto/Mascotera-transportadora-extragrande-/MAS-05,/producto/Mascotera-transportadora-extragrande-/MAS-05,200,"Producto - Mascotera transportadora extragrande",producto_legacy,producto,,baja,coincidencia_insuficiente,media,revisar_manual,url_indexable_sin_equivalencia_confiable
https://artiani.com.mx/producto/Mascotera-transportadora-grande/MAS-04,/producto/Mascotera-transportadora-grande/MAS-04,200,"Producto - Mascotera transportadora grande",producto_legacy,producto,,baja,coincidencia_insuficiente,media,revisar_manual,url_indexable_sin_equivalencia_confiable
https://artiani.com.mx/producto/Mochila-liberty-para-mascotas/MOC-02,/producto/Mochila-liberty-para-mascotas/MOC-02,200,"Producto - Mochila liberty para mascotas",producto_legacy,producto,,baja,coincidencia_insuficiente,media,revisar_manual,url_indexable_sin_equivalencia_confiable
https://artiani.com.mx/producto/Mochila-transportadora-transparente-azul-rey/MOC-01AZ,/producto/Mochila-transportadora-transparente-azul-rey/MOC-01AZ,200,"Producto - Mochila transportadora transparente azul rey",producto_legacy,producto,,baja,requiere_revision_manual,media,revisar_manual,url_indexable_sin_equivalencia_confiable
https://artiani.com.mx/producto/Mochila-transportadora-transparente-gris/MOC-01GR,/producto/Mochila-transportadora-transparente-gris/MOC-01GR,200,"Producto - Mochila transportadora transparente gris",producto_legacy,producto,,baja,requiere_revision_manual,media,revisar_manual,url_indexable_sin_equivalencia_confiable
https://artiani.com.mx/producto/Mochila-transportadora-transparente-negra/MOC-01NE,/producto/Mochila-transportadora-transparente-negra/MOC-01NE,200,"Producto - Mochila transportadora transparente negra",producto_legacy,producto,,baja,requiere_revision_manual,media,revisar_manual,url_indexable_sin_equivalencia_confiable
https://artiani.com.mx/producto/Nectar-para-colibri-chico/NEC-01,/producto/Nectar-para-colibri-chico/NEC-01,200,"Producto - Nectar para colibri chico",producto_legacy,producto,,baja,coincidencia_insuficiente,media,revisar_manual,url_indexable_sin_equivalencia_confiable
https://artiani.com.mx/producto/Nectar-para-colibri-polvo-/NEC-02,/producto/Nectar-para-colibri-polvo-/NEC-02,200,"Producto - Nectar para colibri polvo",producto_legacy,producto,,baja,coincidencia_insuficiente,media,revisar_manual,url_indexable_sin_equivalencia_confiable
https://artiani.com.mx/producto/Neutralizador-de-olores-para-areneros-/NEU-01,/producto/Neutralizador-de-olores-para-areneros-/NEU-01,200,"Producto - Neutralizador de olores para areneros",producto_legacy,producto,,baja,coincidencia_insuficiente,media,revisar_manual,url_indexable_sin_equivalencia_confiable
https://artiani.com.mx/producto/Nupec-Croqueta-Costal-Adulto-Nutricion-Canina-Cientifica-2-kg/NUDE-01,/producto/Nupec-Croqueta-Costal-Adulto-Nutricion-Canina-Cientifica-2-kg/NUDE-01,200,"Producto - Nupec Croqueta Costal Adulto Nutricion Canina Cientifica 2 kg",producto_legacy,producto,,baja,coincidencia_insuficiente,media,revisar_manual,url_indexable_sin_equivalencia_confiable
https://artiani.com.mx/producto/Nupec-Croqueta-Costal-Adulto-Nutricion-Canina-Cientifica-20-kg/NUDE-03,/producto/Nupec-Croqueta-Costal-Adulto-Nutricion-Canina-Cientifica-20-kg/NUDE-03,200,"Producto - Nupec Croqueta Costal Adulto Nutricion Canina Cientifica 20 kg",producto_legacy,producto,,baja,coincidencia_insuficiente,media,revisar_manual,url_indexable_sin_equivalencia_confiable
https://artiani.com.mx/producto/Nupec-Croqueta-Costal-Adulto-Nutricion-Canina-Cientifica-8-kg/NUDE-02,/producto/Nupec-Croqueta-Costal-Adulto-Nutricion-Canina-Cientifica-8-kg/NUDE-02,200,"Producto - Nupec Croqueta Costal Adulto Nutricion Canina Cientifica 8 kg",producto_legacy,producto,,baja,coincidencia_insuficiente,media,revisar_manual,url_indexable_sin_equivalencia_confiable
https://artiani.com.mx/producto/Palo-de-plastico-para-jualas-de-aves-mediano-/PAL-02,/producto/Palo-de-plastico-para-jualas-de-aves-mediano-/PAL-02,200,"Producto - Palo de plastico para jualas de aves mediano",producto_legacy,producto,,baja,coincidencia_insuficiente,media,revisar_manual,url_indexable_sin_equivalencia_confiable
https://artiani.com.mx/producto/Pasto-para-gatos-en-cajita-/PAS-01,/producto/Pasto-para-gatos-en-cajita-/PAS-01,200,"Producto - Pasto para gatos en cajita",producto_legacy,producto,,baja,coincidencia_insuficiente,media,revisar_manual,url_indexable_sin_equivalencia_confiable
https://artiani.com.mx/producto/Pecera-imen-con-mueble-con-marcos-aleman-/PERM-01,/producto/Pecera-imen-con-mueble-con-marcos-aleman-/PERM-01,200,"Producto - Pecera imen con mueble con marcos aleman",producto_legacy,producto,,baja,coincidencia_insuficiente,media,revisar_manual,url_indexable_sin_equivalencia_confiable
https://artiani.com.mx/producto/Pecera-panoramica-250-litros-/PEP-05,/producto/Pecera-panoramica-250-litros-/PEP-05,200,"Producto - Pecera panoramica 250 litros",producto_legacy,producto,,baja,coincidencia_insuficiente,media,revisar_manual,url_indexable_sin_equivalencia_confiable
https://artiani.com.mx/producto/Pecera-panoramica-52-x-37-x-60-cm-altura-100-litros-6-mm/PERA-P5060,/producto/Pecera-panoramica-52-x-37-x-60-cm-altura-100-litros-6-mm/PERA-P5060,200,"Producto - Pecera panoramica 52 x 37 x 60 cm altura 100 litros 6 mm",producto_legacy,producto,,baja,coincidencia_insuficiente,media,revisar_manual,url_indexable_sin_equivalencia_confiable
https://artiani.com.mx/producto/Pecera-rectangular-102.5-x-26-x-50-cm-altura-130-litros-6-mm/PERA-10050,/producto/Pecera-rectangular-102.5-x-26-x-50-cm-altura-130-litros-6-mm/PERA-10050,200,"Producto - Pecera rectangular 102.5 x 26 x 50 cm altura 130 litros 6 mm",producto_legacy,producto,,baja,coincidencia_insuficiente,media,revisar_manual,url_indexable_sin_equivalencia_confiable
https://artiani.com.mx/producto/Pecera-rectangular-2lts-equipo-basico/PERE-01,/producto/Pecera-rectangular-2lts-equipo-basico/PERE-01,200,"Producto - Pecera rectangular 2lts equipo basico",producto_legacy,producto,,baja,coincidencia_insuficiente,media,revisar_manual,url_indexable_sin_equivalencia_confiable
https://artiani.com.mx/producto/Pecera-rectangular-equipada-4-litros/PERE-02,/producto/Pecera-rectangular-equipada-4-litros/PERE-02,200,"Producto - Pecera rectangular equipada 4 litros",producto_legacy,producto,,baja,coincidencia_insuficiente,media,revisar_manual,url_indexable_sin_equivalencia_confiable
https://artiani.com.mx/producto/Pecera-rectangular-equipo-basico-130lts/PERE-08,/producto/Pecera-rectangular-equipo-basico-130lts/PERE-08,200,"Producto - Pecera rectangular equipo basico 130lts",producto_legacy,producto,,baja,coincidencia_insuficiente,media,revisar_manual,url_indexable_sin_equivalencia_confiable
https://artiani.com.mx/producto/Pecera-rectangular-triple-9-litros-equipo-basico/PERE-06,/producto/Pecera-rectangular-triple-9-litros-equipo-basico/PERE-06,200,"Producto - Pecera rectangular triple 9 litros equipo basico",producto_legacy,producto,,baja,coincidencia_insuficiente,media,revisar_manual,url_indexable_sin_equivalencia_confiable
https://artiani.com.mx/producto/Poster-piedramar-60cm-por-rollo-/POS-01,/producto/Poster-piedramar-60cm-por-rollo-/POS-01,200,"Producto - Poster piedramar 60cm por rollo",producto_legacy,producto,,baja,coincidencia_insuficiente,media,revisar_manual,url_indexable_sin_equivalencia_confiable
https://artiani.com.mx/producto/Rascadero-colgante-chango/RAS-02CH,/producto/Rascadero-colgante-chango/RAS-02CH,200,"Producto - Rascadero colgante chango",producto_legacy,producto,,baja,requiere_revision_manual,media,revisar_manual,url_indexable_sin_equivalencia_confiable
https://artiani.com.mx/producto/Rascadero-colgante-jirafa/RAS-02,/producto/Rascadero-colgante-jirafa/RAS-02,200,"Producto - Rascadero colgante jirafa",producto_legacy,producto,,baja,requiere_revision_manual,media,revisar_manual,url_indexable_sin_equivalencia_confiable
https://artiani.com.mx/producto/Rascadero-mich-sencillo-rosa/RAS-07M,/producto/Rascadero-mich-sencillo-rosa/RAS-07M,200,"Producto - Rascadero mich sencillo rosa",producto_legacy,producto,,baja,requiere_revision_manual,media,revisar_manual,url_indexable_sin_equivalencia_confiable
https://artiani.com.mx/producto/Rascadero-poste-para-gato/RAS-01,/producto/Rascadero-poste-para-gato/RAS-01,200,"Producto - Rascadero poste para gato",producto_legacy,producto,,baja,coincidencia_insuficiente,media,revisar_manual,url_indexable_sin_equivalencia_confiable
https://artiani.com.mx/producto/Rasqueta-limpiadora-para-peceras/RASQ-01,/producto/Rasqueta-limpiadora-para-peceras/RASQ-01,200,"Producto - Rasqueta limpiadora para peceras",producto_legacy,producto,,baja,coincidencia_insuficiente,media,revisar_manual,url_indexable_sin_equivalencia_confiable
https://artiani.com.mx/producto/Repelente-dry-entrenador-para-perro-/REPE-03,/producto/Repelente-dry-entrenador-para-perro-/REPE-03,200,"Producto - Repelente dry entrenador para perro",producto_legacy,producto,,baja,coincidencia_insuficiente,media,revisar_manual,url_indexable_sin_equivalencia_confiable
https://artiani.com.mx/producto/Repelente-entrenador-para-perro/REPE-01,/producto/Repelente-entrenador-para-perro/REPE-01,200,"Producto - Repelente entrenador para perro",producto_legacy,producto,,baja,coincidencia_insuficiente,media,revisar_manual,url_indexable_sin_equivalencia_confiable
https://artiani.com.mx/producto/Repelente-entrenador-stay--para-perros-/REPE-02,/producto/Repelente-entrenador-stay--para-perros-/REPE-02,200,"Producto - Repelente entrenador stay para perros",producto_legacy,producto,,baja,coincidencia_insuficiente,media,revisar_manual,url_indexable_sin_equivalencia_confiable
https://artiani.com.mx/producto/Rodaja-snack-para-roedores-/TAR-02,/producto/Rodaja-snack-para-roedores-/TAR-02,200,"Producto - Rodaja snack para roedores",producto_legacy,producto,,baja,coincidencia_insuficiente,media,revisar_manual,url_indexable_sin_equivalencia_confiable
https://artiani.com.mx/producto/Rueda-para-hamster-con-base-amarilla/RUE-02A,/producto/Rueda-para-hamster-con-base-amarilla/RUE-02A,200,"Producto - Rueda para hamster con base amarilla",producto_legacy,producto,,baja,coincidencia_insuficiente,media,revisar_manual,url_indexable_sin_equivalencia_confiable
https://artiani.com.mx/producto/Shampoo-para-erizo-champuas-/SHAE-01,/producto/Shampoo-para-erizo-champuas-/SHAE-01,200,"Producto - Shampoo para erizo champuas",producto_legacy,producto,,baja,coincidencia_insuficiente,media,revisar_manual,url_indexable_sin_equivalencia_confiable
https://artiani.com.mx/producto/Snack-mini-bites-mezcla-de-hierbas-finas-/BITE-01,/producto/Snack-mini-bites-mezcla-de-hierbas-finas-/BITE-01,200,"Producto - Snack mini bites mezcla de hierbas finas",producto_legacy,producto,,baja,coincidencia_insuficiente,media,revisar_manual,url_indexable_sin_equivalencia_confiable
https://artiani.com.mx/producto/Snack-mix-tropical-para-rodeores/MEZ-03,/producto/Snack-mix-tropical-para-rodeores/MEZ-03,200,"Producto - Snack mix tropical para rodeores",producto_legacy,producto,,baja,coincidencia_insuficiente,media,revisar_manual,url_indexable_sin_equivalencia_confiable
https://artiani.com.mx/producto/Sustrato-organico-para-reptil-fibra-de-coco-2.1-Gal/SUT-04,/producto/Sustrato-organico-para-reptil-fibra-de-coco-2.1-Gal/SUT-04,200,"Producto - Sustrato organico para reptil fibra de coco 2.1 Gal",producto_legacy,producto,,baja,coincidencia_insuficiente,media,revisar_manual,url_indexable_sin_equivalencia_confiable
https://artiani.com.mx/producto/Sustrato-organico-para-reptil-polvillo-de-coco/SUT-05,/producto/Sustrato-organico-para-reptil-polvillo-de-coco/SUT-05,200,"Producto - Sustrato organico para reptil polvillo de coco",producto_legacy,producto,,baja,coincidencia_insuficiente,media,revisar_manual,url_indexable_sin_equivalencia_confiable
https://artiani.com.mx/producto/Tapa-para-pecera-50-cm-de-malla/TAPI-01,/producto/Tapa-para-pecera-50-cm-de-malla/TAPI-01,200,"Producto - Tapa para pecera 50 cm de malla",producto_legacy,producto,,baja,coincidencia_insuficiente,media,revisar_manual,url_indexable_sin_equivalencia_confiable
https://artiani.com.mx/producto/Tapa-para-pecera-de-40-cm-de-malla/TAPI-02,/producto/Tapa-para-pecera-de-40-cm-de-malla/TAPI-02,200,"Producto - Tapa para pecera de 40 cm de malla",producto_legacy,producto,,baja,coincidencia_insuficiente,media,revisar_manual,url_indexable_sin_equivalencia_confiable
https://artiani.com.mx/producto/Tapa-para-pecera-de-plastico-con-puerta-40-cm/TAP-02,/producto/Tapa-para-pecera-de-plastico-con-puerta-40-cm/TAP-02,200,"Producto - Tapa para pecera de plastico con puerta 40 cm",producto_legacy,producto,,baja,coincidencia_insuficiente,media,revisar_manual,url_indexable_sin_equivalencia_confiable
https://artiani.com.mx/producto/Tapa-para-pecera-de-platico-con-puerta-50cm/TAP-01,/producto/Tapa-para-pecera-de-platico-con-puerta-50cm/TAP-01,200,"Producto - Tapa para pecera de platico con puerta 50cm",producto_legacy,producto,,baja,coincidencia_insuficiente,media,revisar_manual,url_indexable_sin_equivalencia_confiable
https://artiani.com.mx/producto/Tapete-entrenador-chico-para-perro-/TAPS-01,/producto/Tapete-entrenador-chico-para-perro-/TAPS-01,200,"Producto - Tapete entrenador chico para perro",producto_legacy,producto,,baja,coincidencia_insuficiente,media,revisar_manual,url_indexable_sin_equivalencia_confiable
https://artiani.com.mx/producto/Tarta-preminum-snack-para-roedores-/TAR-01,/producto/Tarta-preminum-snack-para-roedores-/TAR-01,200,"Producto - Tarta preminum snack para roedores",producto_legacy,producto,,baja,coincidencia_insuficiente,media,revisar_manual,url_indexable_sin_equivalencia_confiable
https://artiani.com.mx/producto/Tazon-con-abrazadera-20-Oz-para-jaula/PACO-03,/producto/Tazon-con-abrazadera-20-Oz-para-jaula/PACO-03,200,"Producto - Tazon con abrazadera 20 Oz para jaula",producto_legacy,producto,,baja,coincidencia_insuficiente,media,revisar_manual,url_indexable_sin_equivalencia_confiable
https://artiani.com.mx/producto/Tazon-con-abrazadera-30-Oz-para-jaula/PACO-04,/producto/Tazon-con-abrazadera-30-Oz-para-jaula/PACO-04,200,"Producto - Tazon con abrazadera 30 Oz para jaula",producto_legacy,producto,,baja,coincidencia_insuficiente,media,revisar_manual,url_indexable_sin_equivalencia_confiable
https://artiani.com.mx/producto/Tazon-con-abrazadera-para-jaula-10-Oz/PACO-02,/producto/Tazon-con-abrazadera-para-jaula-10-Oz/PACO-02,200,"Producto - Tazon con abrazadera para jaula 10 Oz",producto_legacy,producto,,baja,coincidencia_insuficiente,media,revisar_manual,url_indexable_sin_equivalencia_confiable
https://artiani.com.mx/producto/Tazon_circulo_comedero_lento/TAZ-03,/producto/Tazon_circulo_comedero_lento/TAZ-03,200,"Producto - Tazon_circulo_comedero_lento",producto_legacy,producto,,baja,requiere_revision_manual,media,revisar_manual,url_indexable_sin_equivalencia_confiable
https://artiani.com.mx/producto/Tazon_doble_para_perros_y_gatos_/TAZ-1,/producto/Tazon_doble_para_perros_y_gatos_/TAZ-1,200,"Producto - Tazon_doble_para_perros_y_gatos_",producto_legacy,producto,,baja,coincidencia_insuficiente,media,revisar_manual,url_indexable_sin_equivalencia_confiable
https://artiani.com.mx/producto/Tazon_duo_hueso_/TAZ-02,/producto/Tazon_duo_hueso_/TAZ-02,200,"Producto - Tazon_duo_hueso_",producto_legacy,producto,,baja,requiere_revision_manual,media,revisar_manual,url_indexable_sin_equivalencia_confiable
https://artiani.com.mx/producto/Tazon_duo_pez/TAZ-04,/producto/Tazon_duo_pez/TAZ-04,200,"Producto - Tazon_duo_pez",producto_legacy,producto,,baja,coincidencia_insuficiente,media,revisar_manual,url_indexable_sin_equivalencia_confiable
https://artiani.com.mx/producto/Tenebrio-por-millar-agranel-/TEN-01,/producto/Tenebrio-por-millar-agranel-/TEN-01,200,"Producto - Tenebrio por millar agranel",producto_legacy,producto,,baja,coincidencia_insuficiente,media,revisar_manual,url_indexable_sin_equivalencia_confiable
https://artiani.com.mx/producto/Termometro_digital_aderible_(calacamonia)_/TER-01,/producto/Termometro_digital_aderible_(calacamonia)_/TER-01,200,"Producto - Termometro_digital_aderible_(calacamonia)_",producto_legacy,producto,,baja,requiere_revision_manual,media,revisar_manual,url_indexable_sin_equivalencia_confiable
https://artiani.com.mx/producto/Toallas-sanitarias-chicas-20-pza/TOLL-01,/producto/Toallas-sanitarias-chicas-20-pza/TOLL-01,200,"Producto - Toallas sanitarias chicas 20 pza",producto_legacy,producto,,baja,coincidencia_insuficiente,media,revisar_manual,url_indexable_sin_equivalencia_confiable
https://artiani.com.mx/producto/Toallas-sanitarias-grandes-20-pza/TOLL-02,/producto/Toallas-sanitarias-grandes-20-pza/TOLL-02,200,"Producto - Toallas sanitarias grandes 20 pza",producto_legacy,producto,,baja,coincidencia_insuficiente,media,revisar_manual,url_indexable_sin_equivalencia_confiable
https://artiani.com.mx/producto/Tortuguero-circular-en-kit-/TOR-02,/producto/Tortuguero-circular-en-kit-/TOR-02,200,"Producto - Tortuguero circular en kit",producto_legacy,producto,,baja,requiere_revision_manual,media,revisar_manual,url_indexable_sin_equivalencia_confiable
https://artiani.com.mx/producto/Tortuguero-de-rinon-en-kit/TOR-01,/producto/Tortuguero-de-rinon-en-kit/TOR-01,200,"Producto - Tortuguero de rinon en kit",producto_legacy,producto,,baja,requiere_revision_manual,media,revisar_manual,url_indexable_sin_equivalencia_confiable
https://artiani.com.mx/producto/Transportadora-capsula-apolo-para-mascotas/TRAP-01,/producto/Transportadora-capsula-apolo-para-mascotas/TRAP-01,200,"Producto - Transportadora capsula apolo para mascotas",producto_legacy,producto,,baja,coincidencia_insuficiente,media,revisar_manual,url_indexable_sin_equivalencia_confiable
https://artiani.com.mx/producto/Transportadora-capsula-mercurio-para-mascotas/TRAP-02,/producto/Transportadora-capsula-mercurio-para-mascotas/TRAP-02,200,"Producto - Transportadora capsula mercurio para mascotas",producto_legacy,producto,,baja,coincidencia_insuficiente,media,revisar_manual,url_indexable_sin_equivalencia_confiable
https://artiani.com.mx/producto/Transportadora-maletin-delta-armable-chica-/TRA-22,/producto/Transportadora-maletin-delta-armable-chica-/TRA-22,200,"Producto - Transportadora maletin delta armable chica",producto_legacy,producto,,baja,requiere_revision_manual,media,revisar_manual,url_indexable_sin_equivalencia_confiable
https://artiani.com.mx/producto/Transportadora-maletin-delta-armable-mediana-/TRA-21,/producto/Transportadora-maletin-delta-armable-mediana-/TRA-21,200,"Producto - Transportadora maletin delta armable mediana",producto_legacy,producto,,baja,requiere_revision_manual,media,revisar_manual,url_indexable_sin_equivalencia_confiable
https://artiani.com.mx/producto/Transportadora-mid-chica-azul-/MID-04,/producto/Transportadora-mid-chica-azul-/MID-04,200,"Producto - Transportadora mid chica azul",producto_legacy,producto,,baja,requiere_revision_manual,media,revisar_manual,url_indexable_sin_equivalencia_confiable
https://artiani.com.mx/producto/Transportadora-mid-chica-gris-/MID-03,/producto/Transportadora-mid-chica-gris-/MID-03,200,"Producto - Transportadora mid chica gris",producto_legacy,producto,,baja,requiere_revision_manual,media,revisar_manual,url_indexable_sin_equivalencia_confiable
https://artiani.com.mx/producto/Transportadora-mid-mediana-azul/MID-02,/producto/Transportadora-mid-mediana-azul/MID-02,200,"Producto - Transportadora mid mediana azul",producto_legacy,producto,,baja,requiere_revision_manual,media,revisar_manual,url_indexable_sin_equivalencia_confiable
https://artiani.com.mx/producto/Transportadora-mid-mediana-gris-/MID-01,/producto/Transportadora-mid-mediana-gris-/MID-01,200,"Producto - Transportadora mid mediana gris",producto_legacy,producto,,baja,requiere_revision_manual,media,revisar_manual,url_indexable_sin_equivalencia_confiable
https://artiani.com.mx/producto/Vitamina-A-para-tortuga-/VITA-30,/producto/Vitamina-A-para-tortuga-/VITA-30,200,"Producto - Vitamina A para tortuga",producto_legacy,producto,,baja,coincidencia_insuficiente,media,revisar_manual,url_indexable_sin_equivalencia_confiable
"https://artiani.com.mx/producto/categoria/accesorios,-entrenamiento,-sujetadores-para-gato","/producto/categoria/accesorios,-entrenamiento,-sujetadores-para-gato",200,"Categoria - Accesorios,-entrenamiento,-sujetadores-para-gato",categoria_legacy,categoria,/categoria/acuario-y-peces/repuestos-aditamentos-y-accesorios/repuestos-para-peceras,baja,tokens_compartidos_2,media,revisar_manual,url_indexable_sin_equivalencia_confiable
"https://artiani.com.mx/producto/categoria/accesorios,-entrenamiento,-sujetadores-para-perro","/producto/categoria/accesorios,-entrenamiento,-sujetadores-para-perro",200,"Categoria - Accesorios,-entrenamiento,-sujetadores-para-perro",categoria_legacy,categoria,/categoria/acuario-y-peces/repuestos-aditamentos-y-accesorios/repuestos-para-peceras,baja,tokens_compartidos_2,media,revisar_manual,url_indexable_sin_equivalencia_confiable
https://artiani.com.mx/producto/categoria/accesorios_y_aditamentos_para_hamster,/producto/categoria/accesorios_y_aditamentos_para_hamster,200,"Categoria - Accesorios y aditamentos para hamster",categoria_legacy,categoria,/categoria/acuario-y-peces/repuestos-aditamentos-y-accesorios/repuestos-para-peceras,baja,tokens_compartidos_3,media,revisar_manual,url_indexable_sin_equivalencia_confiable
"https://artiani.com.mx/producto/categoria/acuarios,-nano,-micro-y-megas-con-y-sin-mueble-para-peces-","/producto/categoria/acuarios,-nano,-micro-y-megas-con-y-sin-mueble-para-peces-",200,"Categoria - Acuarios,-nano,-micro-y-megas-con-y-sin-mueble-para-peces-",categoria_legacy,categoria,/categoria/acuario-y-peces/alimentacion/alimentos-para-betta,baja,tokens_compartidos_2,media,revisar_manual,url_indexable_sin_equivalencia_confiable
https://artiani.com.mx/producto/categoria/aditamentos-y-accesorios-para-tortugas,/producto/categoria/aditamentos-y-accesorios-para-tortugas,200,"Categoria - Aditamentos-y-accesorios-para-tortugas",categoria_legacy,categoria,/categoria/acuario-y-peces/repuestos-aditamentos-y-accesorios/repuestos-para-peceras,baja,tokens_compartidos_3,media,revisar_manual,url_indexable_sin_equivalencia_confiable
https://artiani.com.mx/producto/categoria/alimentacion_para_hamsters,/producto/categoria/alimentacion_para_hamsters,200,"Categoria - Alimentacion para hamsters",categoria_legacy,categoria,/categoria/acuario-y-peces/alimentacion/alimentos-para-betta,baja,tokens_compartidos_2,media,revisar_manual,url_indexable_sin_equivalencia_confiable
https://artiani.com.mx/producto/categoria/alimento-para-gatos,/producto/categoria/alimento-para-gatos,200,"Categoria - Alimento-para-gatos",categoria_legacy,categoria,/categoria/acuario-y-peces/alimentacion/alimentos-para-betta,baja,tokens_compartidos_1,media,revisar_manual,url_indexable_sin_equivalencia_confiable
https://artiani.com.mx/producto/categoria/alimento-para-perros-,/producto/categoria/alimento-para-perros-,200,"Categoria - Alimento-para-perros-",categoria_legacy,categoria,/categoria/acuario-y-peces/alimentacion/alimentos-para-betta,baja,tokens_compartidos_1,media,revisar_manual,url_indexable_sin_equivalencia_confiable
https://artiani.com.mx/producto/categoria/alimento-y-alimentadores-para-colibri,/producto/categoria/alimento-y-alimentadores-para-colibri,200,"Categoria - Alimento-y-alimentadores-para-colibri",categoria_legacy,categoria,/categoria/acuario-y-peces/alimentacion/alimentadores,baja,tokens_compartidos_1,media,revisar_manual,url_indexable_sin_equivalencia_confiable
https://artiani.com.mx/producto/categoria/alimento-y-alimentadores-para-conejos,/producto/categoria/alimento-y-alimentadores-para-conejos,200,"Categoria - Alimento-y-alimentadores-para-conejos",categoria_legacy,categoria,/categoria/acuario-y-peces/alimentacion/alimentadores,baja,tokens_compartidos_1,media,revisar_manual,url_indexable_sin_equivalencia_confiable
https://artiani.com.mx/producto/categoria/alimento-y-alimentadores-para-cuyo,/producto/categoria/alimento-y-alimentadores-para-cuyo,200,"Categoria - Alimento-y-alimentadores-para-cuyo",categoria_legacy,categoria,/categoria/acuario-y-peces/alimentacion/alimentadores,baja,tokens_compartidos_1,media,revisar_manual,url_indexable_sin_equivalencia_confiable
https://artiani.com.mx/producto/categoria/alimento-y-alimentadores-para-erizo,/producto/categoria/alimento-y-alimentadores-para-erizo,200,"Categoria - Alimento-y-alimentadores-para-erizo",categoria_legacy,categoria,/categoria/pequenos-mamiferos/erizo/alimentacion/alimento-vivo-y-deshidratado,baja,tokens_compartidos_2,media,revisar_manual,url_indexable_sin_equivalencia_confiable
https://artiani.com.mx/producto/categoria/alimento_para_tortugas,/producto/categoria/alimento_para_tortugas,200,"Categoria - Alimento para tortugas",categoria_legacy,categoria,/categoria/reptiles-y-tortugas/iguanas/alimentos-para-iguana,baja,tokens_compartidos_2,media,revisar_manual,url_indexable_sin_equivalencia_confiable
https://artiani.com.mx/producto/categoria/alimentos-de-acuario,/producto/categoria/alimentos-de-acuario,200,"Categoria - Alimentos-de-acuario",categoria_legacy,categoria,/categoria/acuario-y-peces/alimentacion/alimentos-de-acuario,baja,tokens_compartidos_2,media,revisar_manual,url_indexable_sin_equivalencia_confiable
https://artiani.com.mx/producto/categoria/alimentos-para-aves,/producto/categoria/alimentos-para-aves,200,"Categoria - Alimentos-para-aves",categoria_legacy,categoria,/categoria/acuario-y-peces/alimentacion/alimentos-para-betta,baja,tokens_compartidos_2,media,revisar_manual,url_indexable_sin_equivalencia_confiable
https://artiani.com.mx/producto/categoria/alimentos-para-iguana,/producto/categoria/alimentos-para-iguana,200,"Categoria - Alimentos-para-iguana",categoria_legacy,categoria,/categoria/reptiles-y-tortugas/iguanas/alimentos-para-iguana,baja,tokens_compartidos_3,media,revisar_manual,url_indexable_sin_equivalencia_confiable
https://artiani.com.mx/producto/categoria/alimentos-para-mamiferos-roedores,/producto/categoria/alimentos-para-mamiferos-roedores,200,"Categoria - Alimentos-para-mamiferos-roedores",categoria_legacy,categoria,/categoria/acuario-y-peces/alimentacion/alimentos-para-betta,baja,tokens_compartidos_2,media,revisar_manual,url_indexable_sin_equivalencia_confiable
https://artiani.com.mx/producto/categoria/alimentos-para-pez-betta,/producto/categoria/alimentos-para-pez-betta,200,"Categoria - Alimentos-para-pez-betta",categoria_legacy,categoria,/categoria/acuario-y-peces/alimentacion/alimentos-para-betta,baja,tokens_compartidos_3,media,revisar_manual,url_indexable_sin_equivalencia_confiable
https://artiani.com.mx/producto/categoria/alimentos-vivos,/producto/categoria/alimentos-vivos,200,"Categoria - Alimentos-vivos",categoria_legacy,categoria,/categoria/reptiles-y-tortugas/reptiles-generales/alimentos-vivos,baja,tokens_compartidos_2,media,revisar_manual,url_indexable_sin_equivalencia_confiable
https://artiani.com.mx/producto/categoria/alimentos-y-aditamentos-para-pajaros,/producto/categoria/alimentos-y-aditamentos-para-pajaros,200,"Categoria - Alimentos-y-aditamentos-para-pajaros",categoria_legacy,categoria,/categoria/acuario-y-peces/alimentacion/alimentos-para-betta,baja,tokens_compartidos_2,media,revisar_manual,url_indexable_sin_equivalencia_confiable
https://artiani.com.mx/producto/categoria/alimentos_para_peces,/producto/categoria/alimentos_para_peces,200,"Categoria - Alimentos para peces",categoria_legacy,categoria,/categoria/acuario-y-peces/alimentacion/alimentos-para-betta,baja,tokens_compartidos_3,media,revisar_manual,url_indexable_sin_equivalencia_confiable
https://artiani.com.mx/producto/categoria/alimentos_para_reptiles,/producto/categoria/alimentos_para_reptiles,200,"Categoria - Alimentos para reptiles",categoria_legacy,categoria,/categoria/reptiles-y-tortugas/iguanas/alimentos-para-iguana,baja,tokens_compartidos_3,media,revisar_manual,url_indexable_sin_equivalencia_confiable
https://artiani.com.mx/producto/categoria/antipulgas-para-perros-y-gatos,/producto/categoria/antipulgas-para-perros-y-gatos,200,"Categoria - Antipulgas-para-perros-y-gatos",categoria_legacy,categoria,/categoria/perros/salud-e-higiene/antipulgas-y-control-externo,baja,tokens_compartidos_2,media,revisar_manual,url_indexable_sin_equivalencia_confiable
https://artiani.com.mx/producto/categoria/areneros,/producto/categoria/areneros,200,"Categoria - Areneros",categoria_legacy,categoria,/categoria/gatos/salud-e-higiene/areneros,baja,tokens_compartidos_1,media,revisar_manual,url_indexable_sin_equivalencia_confiable
https://artiani.com.mx/producto/categoria/bases_para_peceras,/producto/categoria/bases_para_peceras,200,"Categoria - Bases para peceras",categoria_legacy,categoria,/categoria/acuario-y-peces/peceras-acuarios-y-muebles/bases-y-muebles,baja,tokens_compartidos_2,media,revisar_manual,url_indexable_sin_equivalencia_confiable
https://artiani.com.mx/producto/categoria/bombas-sumergibles-,/producto/categoria/bombas-sumergibles-,200,"Categoria - Bombas-sumergibles-",categoria_legacy,categoria,/categoria/acuario-y-peces/equipamiento-tecnico/bombas-y-circulacion,baja,tokens_compartidos_1,media,revisar_manual,url_indexable_sin_equivalencia_confiable
https://artiani.com.mx/producto/categoria/calefaccion_para_peces,/producto/categoria/calefaccion_para_peces,200,"Categoria - Calefaccion para peces",categoria_legacy,categoria,/categoria/acuario-y-peces/alimentacion/alimentos-para-betta,baja,tokens_compartidos_2,media,revisar_manual,url_indexable_sin_equivalencia_confiable
https://artiani.com.mx/producto/categoria/calefaccion_para_reptiles,/producto/categoria/calefaccion_para_reptiles,200,"Categoria - Calefaccion para reptiles",categoria_legacy,categoria,/categoria/reptiles-y-tortugas/iguanas/alimentos-para-iguana,baja,tokens_compartidos_2,media,revisar_manual,url_indexable_sin_equivalencia_confiable
https://artiani.com.mx/producto/categoria/camas-casas-y-colchones-para-conejos,/producto/categoria/camas-casas-y-colchones-para-conejos,200,"Categoria - Camas-casas-y-colchones-para-conejos",categoria_legacy,categoria,/categoria/pequenos-mamiferos/conejo/camas-casas-y-colchones,baja,tokens_compartidos_3,media,revisar_manual,url_indexable_sin_equivalencia_confiable
https://artiani.com.mx/producto/categoria/camas-casas-y-colchones-para-perros,/producto/categoria/camas-casas-y-colchones-para-perros,200,"Categoria - Camas-casas-y-colchones-para-perros",categoria_legacy,categoria,/categoria/pequenos-mamiferos/conejo/camas-casas-y-colchones,baja,tokens_compartidos_3,media,revisar_manual,url_indexable_sin_equivalencia_confiable
https://artiani.com.mx/producto/categoria/camas_casas_y_colchones_para_gatos,/producto/categoria/camas_casas_y_colchones_para_gatos,200,"Categoria - Camas casas y colchones para gatos",categoria_legacy,categoria,/categoria/gatos/habitat-y-descanso/camas-y-colchones,baja,tokens_compartidos_3,media,revisar_manual,url_indexable_sin_equivalencia_confiable
https://artiani.com.mx/producto/categoria/casas_para_perros,/producto/categoria/casas_para_perros,200,"Categoria - Casas para perros",categoria_legacy,categoria,/categoria/perros/habitat-y-descanso/casas,baja,tokens_compartidos_2,media,revisar_manual,url_indexable_sin_equivalencia_confiable
https://artiani.com.mx/producto/categoria/decoracion-para-peceras,/producto/categoria/decoracion-para-peceras,200,"Categoria - Decoracion-para-peceras",categoria_legacy,categoria,/categoria/acuario-y-peces/decoracion-y-ambientacion/decoracion-para-peces,baja,tokens_compartidos_2,media,revisar_manual,url_indexable_sin_equivalencia_confiable
https://artiani.com.mx/producto/categoria/decoracion-y-aditamentos-para-reptiles,/producto/categoria/decoracion-y-aditamentos-para-reptiles,200,"Categoria - Decoracion-y-aditamentos-para-reptiles",categoria_legacy,categoria,/categoria/reptiles-y-tortugas/reptiles-generales/decoracion-y-aditamentos,baja,tokens_compartidos_3,media,revisar_manual,url_indexable_sin_equivalencia_confiable
https://artiani.com.mx/producto/categoria/dispensadores_de_agua_y_comida,/producto/categoria/dispensadores_de_agua_y_comida,200,"Categoria - Dispensadores de agua y comida",categoria_legacy,categoria,/categorias,baja,fallback_a_categorias,media,revisar_manual,url_indexable_sin_equivalencia_confiable
https://artiani.com.mx/producto/categoria/filtracion_y_oxigenacion,/producto/categoria/filtracion_y_oxigenacion,200,"Categoria - Filtracion y oxigenacion",categoria_legacy,categoria,/categoria/acuario-y-peces/equipamiento-tecnico/filtracion-y-oxigenacion,baja,tokens_compartidos_2,media,revisar_manual,url_indexable_sin_equivalencia_confiable
https://artiani.com.mx/producto/categoria/habitat-para-mamiferos,/producto/categoria/habitat-para-mamiferos,200,"Categoria - Habitat-para-mamiferos",categoria_legacy,categoria,/categoria/aves/habitat/accesorios-para-jaulas,baja,tokens_compartidos_2,media,revisar_manual,url_indexable_sin_equivalencia_confiable
https://artiani.com.mx/producto/categoria/iluminacion_para_peces,/producto/categoria/iluminacion_para_peces,200,"Categoria - Iluminacion para peces",categoria_legacy,categoria,/categoria/acuario-y-peces/alimentacion/alimentos-para-betta,baja,tokens_compartidos_2,media,revisar_manual,url_indexable_sin_equivalencia_confiable
https://artiani.com.mx/producto/categoria/index.html,/producto/categoria/index.html,200,"Categoria - Index.html",categoria_legacy,categoria,/categorias,baja,fallback_a_categorias,media,revisar_manual,url_indexable_sin_equivalencia_confiable
"https://artiani.com.mx/producto/categoria/jaulas,-vallas-y-casas-para-gatos","/producto/categoria/jaulas,-vallas-y-casas-para-gatos",200,"Categoria - Jaulas,-vallas-y-casas-para-gatos",categoria_legacy,categoria,/categoria/aves/habitat/accesorios-para-jaulas,baja,tokens_compartidos_2,media,revisar_manual,url_indexable_sin_equivalencia_confiable
https://artiani.com.mx/producto/categoria/jaulas-corrales-y-vallas-para-perros,/producto/categoria/jaulas-corrales-y-vallas-para-perros,200,"Categoria - Jaulas-corrales-y-vallas-para-perros",categoria_legacy,categoria,/categoria/perros/habitat-y-descanso/corrales-y-vallas,baja,tokens_compartidos_3,media,revisar_manual,url_indexable_sin_equivalencia_confiable
https://artiani.com.mx/producto/categoria/jaulas_para_conejos,/producto/categoria/jaulas_para_conejos,200,"Categoria - Jaulas para conejos",categoria_legacy,categoria,/categoria/aves/habitat/accesorios-para-jaulas,baja,tokens_compartidos_2,media,revisar_manual,url_indexable_sin_equivalencia_confiable
https://artiani.com.mx/producto/categoria/jaulas_para_cuyos,/producto/categoria/jaulas_para_cuyos,200,"Categoria - Jaulas para cuyos",categoria_legacy,categoria,/categoria/aves/habitat/accesorios-para-jaulas,baja,tokens_compartidos_2,media,revisar_manual,url_indexable_sin_equivalencia_confiable
https://artiani.com.mx/producto/categoria/jaulas_para_erizo,/producto/categoria/jaulas_para_erizo,200,"Categoria - Jaulas para erizo",categoria_legacy,categoria,/categoria/aves/habitat/accesorios-para-jaulas,baja,tokens_compartidos_2,media,revisar_manual,url_indexable_sin_equivalencia_confiable
https://artiani.com.mx/producto/categoria/jaulas_para_hamsters,/producto/categoria/jaulas_para_hamsters,200,"Categoria - Jaulas para hamsters",categoria_legacy,categoria,/categoria/aves/habitat/accesorios-para-jaulas,baja,tokens_compartidos_2,media,revisar_manual,url_indexable_sin_equivalencia_confiable
https://artiani.com.mx/producto/categoria/jaulas_para_pajaros,/producto/categoria/jaulas_para_pajaros,200,"Categoria - Jaulas para pajaros",categoria_legacy,categoria,/categoria/aves/habitat/accesorios-para-jaulas,baja,tokens_compartidos_2,media,revisar_manual,url_indexable_sin_equivalencia_confiable
https://artiani.com.mx/producto/categoria/juguetes_para_gatos,/producto/categoria/juguetes_para_gatos,200,"Categoria - Juguetes para gatos",categoria_legacy,categoria,/categoria/gatos/juego-y-enriquecimiento/juguetes,baja,tokens_compartidos_2,media,revisar_manual,url_indexable_sin_equivalencia_confiable
https://artiani.com.mx/producto/categoria/juguetes_para_pajaros,/producto/categoria/juguetes_para_pajaros,200,"Categoria - Juguetes para pajaros",categoria_legacy,categoria,/categoria/acuario-y-peces/alimentacion/alimentos-para-betta,baja,tokens_compartidos_1,media,revisar_manual,url_indexable_sin_equivalencia_confiable
https://artiani.com.mx/producto/categoria/juguetes_para_perros,/producto/categoria/juguetes_para_perros,200,"Categoria - Juguetes para perros",categoria_legacy,categoria,/categoria/perros/juego-y-enriquecimiento/juguetes,baja,tokens_compartidos_2,media,revisar_manual,url_indexable_sin_equivalencia_confiable
https://artiani.com.mx/producto/categoria/mochilas-transportadoras,/producto/categoria/mochilas-transportadoras,200,"Categoria - Mochilas-transportadoras",categoria_legacy,categoria,/categoria/gatos/transporte-paseo-y-entrenamiento/mochilas-transportadoras,baja,tokens_compartidos_2,media,revisar_manual,url_indexable_sin_equivalencia_confiable
https://artiani.com.mx/producto/categoria/peceras,/producto/categoria/peceras,200,"Categoria - Peceras",categoria_legacy,categoria,/categoria/acuario-y-peces/peceras-acuarios-y-muebles,baja,tokens_compartidos_1,media,revisar_manual,url_indexable_sin_equivalencia_confiable
https://artiani.com.mx/producto/categoria/peceras-para-bettas-(beteras),/producto/categoria/peceras-para-bettas-(beteras),200,"Categoria - Peceras-para-bettas-(beteras)",categoria_legacy,categoria,/categoria/acuario-y-peces/repuestos-aditamentos-y-accesorios/repuestos-para-peceras,baja,tokens_compartidos_2,media,revisar_manual,url_indexable_sin_equivalencia_confiable
https://artiani.com.mx/producto/categoria/peceras_equipadas,/producto/categoria/peceras_equipadas,200,"Categoria - Peceras equipadas",categoria_legacy,categoria,/categoria/acuario-y-peces/peceras-acuarios-y-muebles,baja,tokens_compartidos_1,media,revisar_manual,url_indexable_sin_equivalencia_confiable
"https://artiani.com.mx/producto/categoria/platos,-tazones-y-contenedores-de-alimento","/producto/categoria/platos,-tazones-y-contenedores-de-alimento",200,"Categoria - Platos,-tazones-y-contenedores-de-alimento",categoria_legacy,categoria,/categoria/aves/alimentacion/alimento-vivo-y-deshidratado,baja,tokens_compartidos_1,media,revisar_manual,url_indexable_sin_equivalencia_confiable
"https://artiani.com.mx/producto/categoria/premios,-snacks-y-desgaste-de-dientes-para-roedor","/producto/categoria/premios,-snacks-y-desgaste-de-dientes-para-roedor",200,"Categoria - Premios,-snacks-y-desgaste-de-dientes-para-roedor",categoria_legacy,categoria,/categoria/aves/alimentacion/premios-y-snacks,baja,tokens_compartidos_2,media,revisar_manual,url_indexable_sin_equivalencia_confiable
https://artiani.com.mx/producto/categoria/rascaderos-para-gato,/producto/categoria/rascaderos-para-gato,200,"Categoria - Rascaderos-para-gato",categoria_legacy,categoria,/categoria/acuario-y-peces/alimentacion/alimentos-para-betta,baja,tokens_compartidos_1,media,revisar_manual,url_indexable_sin_equivalencia_confiable
https://artiani.com.mx/producto/categoria/salud-e-higiene-para-conejos,/producto/categoria/salud-e-higiene-para-conejos,200,"Categoria - Salud-e-higiene-para-conejos",categoria_legacy,categoria,/categoria/gatos/salud-e-higiene,baja,tokens_compartidos_2,media,revisar_manual,url_indexable_sin_equivalencia_confiable
https://artiani.com.mx/producto/categoria/salud-e-higiene-para-cuyo,/producto/categoria/salud-e-higiene-para-cuyo,200,"Categoria - Salud-e-higiene-para-cuyo",categoria_legacy,categoria,/categoria/pequenos-mamiferos/cuyo/salud-e-higiene,baja,tokens_compartidos_3,media,revisar_manual,url_indexable_sin_equivalencia_confiable
https://artiani.com.mx/producto/categoria/salud-e-higiene-para-erizo-,/producto/categoria/salud-e-higiene-para-erizo-,200,"Categoria - Salud-e-higiene-para-erizo-",categoria_legacy,categoria,/categoria/pequenos-mamiferos/erizo/salud-e-higiene,baja,tokens_compartidos_3,media,revisar_manual,url_indexable_sin_equivalencia_confiable
https://artiani.com.mx/producto/categoria/salud-e-higiene-para-gatos,/producto/categoria/salud-e-higiene-para-gatos,200,"Categoria - Salud-e-higiene-para-gatos",categoria_legacy,categoria,/categoria/gatos/salud-e-higiene,baja,tokens_compartidos_3,media,revisar_manual,url_indexable_sin_equivalencia_confiable
https://artiani.com.mx/producto/categoria/salud_e_higiene_para_perros,/producto/categoria/salud_e_higiene_para_perros,200,"Categoria - Salud e higiene para perros",categoria_legacy,categoria,/categoria/perros/salud-e-higiene,baja,tokens_compartidos_3,media,revisar_manual,url_indexable_sin_equivalencia_confiable
https://artiani.com.mx/producto/categoria/terrarios,/producto/categoria/terrarios,200,"Categoria - Terrarios",categoria_legacy,categoria,/categoria/reptiles-y-tortugas/iguanas/terrarios,baja,tokens_compartidos_1,media,revisar_manual,url_indexable_sin_equivalencia_confiable
https://artiani.com.mx/producto/categoria/tortugueros,/producto/categoria/tortugueros,200,"Categoria - Tortugueros",categoria_legacy,categoria,/categoria/reptiles-y-tortugas/tortugas/tortugueros,baja,tokens_compartidos_1,media,revisar_manual,url_indexable_sin_equivalencia_confiable
https://artiani.com.mx/producto/categoria/transportadoras-mascoteras-de-plastico,/producto/categoria/transportadoras-mascoteras-de-plastico,200,"Categoria - Transportadoras-mascoteras-de-plastico",categoria_legacy,categoria,/categoria/gatos/transporte-paseo-y-entrenamiento/mochilas-transportadoras,baja,tokens_compartidos_1,media,revisar_manual,url_indexable_sin_equivalencia_confiable
https://artiani.com.mx/producto/categoria/transportadoras_para_gatos,/producto/categoria/transportadoras_para_gatos,200,"Categoria - Transportadoras para gatos",categoria_legacy,categoria,/categoria/gatos/transporte-paseo-y-entrenamiento/mochilas-transportadoras,baja,tokens_compartidos_2,media,revisar_manual,url_indexable_sin_equivalencia_confiable
https://artiani.com.mx/producto/categoria/transportadoras_para_perros,/producto/categoria/transportadoras_para_perros,200,"Categoria - Transportadoras para perros",categoria_legacy,categoria,/categoria/perros/transporte-paseo-y-entrenamiento/mochilas-transportadoras,baja,tokens_compartidos_2,media,revisar_manual,url_indexable_sin_equivalencia_confiable
https://artiani.com.mx/producto/clasificacion/acuario,/producto/clasificacion/acuario,200,"Clasificacion - Acuario",clasificacion,categoria,/categoria/acuario-y-peces,baja,tokens_compartidos_1,media,revisar_manual,url_indexable_sin_equivalencia_confiable
https://artiani.com.mx/producto/clasificacion/aves,/producto/clasificacion/aves,200,"Clasificacion - Aves",clasificacion,categoria,/categoria/aves,baja,tokens_compartidos_1,media,revisar_manual,url_indexable_sin_equivalencia_confiable
https://artiani.com.mx/producto/clasificacion/betta,/producto/clasificacion/betta,200,"Clasificacion - Betta",clasificacion,categoria,/categoria/acuario-y-peces/alimentacion/alimentos-para-betta,baja,tokens_compartidos_1,media,revisar_manual,url_indexable_sin_equivalencia_confiable
https://artiani.com.mx/producto/clasificacion/conejo,/producto/clasificacion/conejo,200,"Clasificacion - Conejo",clasificacion,categoria,/categoria/pequenos-mamiferos/conejo,baja,tokens_compartidos_1,media,revisar_manual,url_indexable_sin_equivalencia_confiable
https://artiani.com.mx/producto/clasificacion/cuyo,/producto/clasificacion/cuyo,200,"Clasificacion - Cuyo",clasificacion,categoria,/categoria/pequenos-mamiferos/cuyo,baja,tokens_compartidos_1,media,revisar_manual,url_indexable_sin_equivalencia_confiable
https://artiani.com.mx/producto/clasificacion/erizo,/producto/clasificacion/erizo,200,"Clasificacion - Erizo",clasificacion,categoria,/categoria/pequenos-mamiferos/erizo,baja,tokens_compartidos_1,media,revisar_manual,url_indexable_sin_equivalencia_confiable
https://artiani.com.mx/producto/clasificacion/gato,/producto/clasificacion/gato,200,"Clasificacion - Gato",clasificacion,categoria,/categorias,baja,fallback_a_categorias,media,revisar_manual,url_indexable_sin_equivalencia_confiable
https://artiani.com.mx/producto/clasificacion/hamster,/producto/clasificacion/hamster,200,"Clasificacion - Hamster",clasificacion,categoria,/categoria/pequenos-mamiferos/hamster,baja,tokens_compartidos_1,media,revisar_manual,url_indexable_sin_equivalencia_confiable
https://artiani.com.mx/producto/clasificacion/iguana,/producto/clasificacion/iguana,200,"Clasificacion - Iguana",clasificacion,categoria,/categoria/reptiles-y-tortugas/iguanas/alimentos-para-iguana,baja,tokens_compartidos_1,media,revisar_manual,url_indexable_sin_equivalencia_confiable
https://artiani.com.mx/producto/clasificacion/mamiferos,/producto/clasificacion/mamiferos,200,"Clasificacion - Mamiferos",clasificacion,categoria,/categoria/pequenos-mamiferos,baja,tokens_compartidos_1,media,revisar_manual,url_indexable_sin_equivalencia_confiable
https://artiani.com.mx/producto/clasificacion/perro,/producto/clasificacion/perro,200,"Clasificacion - Perro",clasificacion,categoria,/categorias,baja,fallback_a_categorias,media,revisar_manual,url_indexable_sin_equivalencia_confiable
https://artiani.com.mx/producto/clasificacion/perros-y-gatos,/producto/clasificacion/perros-y-gatos,200,"Clasificacion - Perros-y-gatos",clasificacion,categoria,/categoria/gatos,baja,tokens_compartidos_1,media,revisar_manual,url_indexable_sin_equivalencia_confiable
https://artiani.com.mx/producto/clasificacion/reptiles,/producto/clasificacion/reptiles,200,"Clasificacion - Reptiles",clasificacion,categoria,/categoria/reptiles-y-tortugas,baja,tokens_compartidos_1,media,revisar_manual,url_indexable_sin_equivalencia_confiable
https://artiani.com.mx/producto/clasificacion/tortuga,/producto/clasificacion/tortuga,200,"Clasificacion - Tortuga",clasificacion,categoria,/categorias,baja,fallback_a_categorias,media,revisar_manual,url_indexable_sin_equivalencia_confiable
https://artiani.com.mx/producto/tortuguero-circular-solo/TOR-03,/producto/tortuguero-circular-solo/TOR-03,200,"Producto - Tortuguero circular solo",producto_legacy,producto,,baja,requiere_revision_manual,media,revisar_manual,url_indexable_sin_equivalencia_confiable
https://artiani.com.mx/carrito/vista_previa,/carrito/vista_previa,200,"Carrito - Beay",otro,desconocido,,baja,requiere_revision_manual,baja,revisar_manual,sin_senal_seo_clara
https://artiani.com.mx/robots.txt,/robots.txt,200,"Artiani acuario, artículos para animales y más",otro,desconocido,,baja,requiere_revision_manual,baja,revisar_manual,sin_senal_seo_clara
https://artiani.com.mx/sitemap.xml,/sitemap.xml,200,"Artiani acuario, artículos para animales y más",sitemap,desconocido,,baja,requiere_revision_manual,baja,revisar_manual,sin_senal_seo_clara
https://artiani.com.mx/tienda/como_comprar,/tienda/como_comprar,200,"COMO COMPRAR - Beay",otro,desconocido,,baja,requiere_revision_manual,baja,revisar_manual,sin_senal_seo_clara
https://artiani.com.mx/carrito/empty-cart.html,/carrito/empty-cart.html,500,,otro,desconocido,,baja,requiere_revision_manual,baja,excluir_o_410,origen_error_http
https://artiani.com.mx/carrito/index-skin-base-ball.html,/carrito/index-skin-base-ball.html,500,,otro,desconocido,,baja,requiere_revision_manual,baja,excluir_o_410,origen_error_http
https://artiani.com.mx/carrito/index-skin-football.html,/carrito/index-skin-football.html,500,,otro,desconocido,,baja,requiere_revision_manual,baja,excluir_o_410,origen_error_http
https://artiani.com.mx/carrito/index-skin-snowboards.html,/carrito/index-skin-snowboards.html,500,,otro,desconocido,,baja,requiere_revision_manual,baja,excluir_o_410,origen_error_http
https://artiani.com.mx/carrito/index.html,/carrito/index.html,500,,otro,desconocido,,baja,requiere_revision_manual,baja,excluir_o_410,origen_error_http
https://artiani.com.mx/carrito/product.html,/carrito/product.html,500,,otro,producto,,baja,requiere_revision_manual,baja,excluir_o_410,origen_error_http
https://artiani.com.mx/collections/empty-cart.html,/collections/empty-cart.html,200,"Artiani acuario, artículos para animales y más",otro,desconocido,,baja,requiere_revision_manual,baja,excluir_o_410,ruta_plantilla_legacy
https://artiani.com.mx/collections/index-skin-base-ball.html,/collections/index-skin-base-ball.html,200,"Artiani acuario, artículos para animales y más",otro,desconocido,,baja,requiere_revision_manual,baja,excluir_o_410,ruta_plantilla_legacy
https://artiani.com.mx/collections/index-skin-football.html,/collections/index-skin-football.html,200,"Artiani acuario, artículos para animales y más",otro,desconocido,,baja,requiere_revision_manual,baja,excluir_o_410,ruta_plantilla_legacy
https://artiani.com.mx/collections/index-skin-snowboards.html,/collections/index-skin-snowboards.html,200,"Artiani acuario, artículos para animales y más",otro,desconocido,,baja,requiere_revision_manual,baja,excluir_o_410,ruta_plantilla_legacy
https://artiani.com.mx/collections/index.html,/collections/index.html,200,"Artiani acuario, artículos para animales y más",otro,desconocido,,baja,requiere_revision_manual,baja,excluir_o_410,ruta_plantilla_legacy
https://artiani.com.mx/collections/listing-collection.html,/collections/listing-collection.html,200,"Artiani acuario, artículos para animales y más",otro,desconocido,,baja,requiere_revision_manual,baja,excluir_o_410,ruta_plantilla_legacy
https://artiani.com.mx/collections/listing-left-column.html,/collections/listing-left-column.html,200,"Artiani acuario, artículos para animales y más",otro,desconocido,,baja,requiere_revision_manual,baja,excluir_o_410,ruta_plantilla_legacy
https://artiani.com.mx/collections/product.html,/collections/product.html,200,"Artiani acuario, artículos para animales y más",otro,producto,,baja,requiere_revision_manual,baja,excluir_o_410,ruta_plantilla_legacy
https://artiani.com.mx/collections/womens,/collections/womens,200,"Artiani acuario, artículos para animales y más",otro,desconocido,,baja,requiere_revision_manual,baja,excluir_o_410,ruta_plantilla_legacy
https://artiani.com.mx/empty-cart.html,/empty-cart.html,200,"Artiani acuario, artículos para animales y más",otro,desconocido,,baja,requiere_revision_manual,baja,excluir_o_410,ruta_plantilla_legacy
https://artiani.com.mx/index-skin-base-ball.html,/index-skin-base-ball.html,200,"Artiani acuario, artículos para animales y más",otro,desconocido,,baja,requiere_revision_manual,baja,excluir_o_410,ruta_plantilla_legacy
https://artiani.com.mx/index-skin-football.html,/index-skin-football.html,200,"Artiani acuario, artículos para animales y más",otro,desconocido,,baja,requiere_revision_manual,baja,excluir_o_410,ruta_plantilla_legacy
https://artiani.com.mx/index-skin-snowboards.html,/index-skin-snowboards.html,200,"Artiani acuario, artículos para animales y más",otro,desconocido,,baja,requiere_revision_manual,baja,excluir_o_410,ruta_plantilla_legacy
https://artiani.com.mx/listing-collection.html,/listing-collection.html,200,"Artiani acuario, artículos para animales y más",otro,desconocido,,baja,requiere_revision_manual,baja,excluir_o_410,ruta_plantilla_legacy
https://artiani.com.mx/listing-left-column.html,/listing-left-column.html,200,"Artiani acuario, artículos para animales y más",otro,desconocido,,baja,requiere_revision_manual,baja,excluir_o_410,ruta_plantilla_legacy
https://artiani.com.mx/product.html,/product.html,200,"Artiani acuario, artículos para animales y más",otro,producto,,baja,requiere_revision_manual,baja,excluir_o_410,ruta_plantilla_legacy
https://artiani.com.mx/producto/Cama_antiestres_chica_para_mascotas/empty-cart.html,/producto/Cama_antiestres_chica_para_mascotas/empty-cart.html,200,"Producto - Cama_antiestres_chica_para_mascotas",producto_legacy,producto,,baja,coincidencia_insuficiente,baja,excluir_o_410,ruta_plantilla_legacy
https://artiani.com.mx/producto/Cama_antiestres_chica_para_mascotas/index-skin-base-ball.html,/producto/Cama_antiestres_chica_para_mascotas/index-skin-base-ball.html,200,"Producto - Cama_antiestres_chica_para_mascotas",producto_legacy,producto,,baja,coincidencia_insuficiente,baja,excluir_o_410,ruta_plantilla_legacy
https://artiani.com.mx/producto/Cama_antiestres_chica_para_mascotas/index-skin-football.html,/producto/Cama_antiestres_chica_para_mascotas/index-skin-football.html,200,"Producto - Cama_antiestres_chica_para_mascotas",producto_legacy,producto,,baja,coincidencia_insuficiente,baja,excluir_o_410,ruta_plantilla_legacy
https://artiani.com.mx/producto/Cama_antiestres_chica_para_mascotas/index-skin-snowboards.html,/producto/Cama_antiestres_chica_para_mascotas/index-skin-snowboards.html,200,"Producto - Cama_antiestres_chica_para_mascotas",producto_legacy,producto,,baja,coincidencia_insuficiente,baja,excluir_o_410,ruta_plantilla_legacy
https://artiani.com.mx/producto/Cama_antiestres_chica_para_mascotas/listing-left-column.html,/producto/Cama_antiestres_chica_para_mascotas/listing-left-column.html,200,"Producto - Cama_antiestres_chica_para_mascotas",producto_legacy,producto,,baja,coincidencia_insuficiente,baja,excluir_o_410,ruta_plantilla_legacy
https://artiani.com.mx/producto/Cama_antiestres_chica_para_mascotas/product.html,/producto/Cama_antiestres_chica_para_mascotas/product.html,200,"Producto - Cama_antiestres_chica_para_mascotas",producto_legacy,producto,,baja,coincidencia_insuficiente,baja,excluir_o_410,ruta_plantilla_legacy
https://artiani.com.mx/producto/Cama_antiestres_chica_para_mascotas_/empty-cart.html,/producto/Cama_antiestres_chica_para_mascotas_/empty-cart.html,200,"Producto - Cama_antiestres_chica_para_mascotas_",producto_legacy,producto,,baja,coincidencia_insuficiente,baja,excluir_o_410,ruta_plantilla_legacy
https://artiani.com.mx/producto/Cama_antiestres_chica_para_mascotas_/index-skin-base-ball.html,/producto/Cama_antiestres_chica_para_mascotas_/index-skin-base-ball.html,200,"Producto - Cama_antiestres_chica_para_mascotas_",producto_legacy,producto,,baja,coincidencia_insuficiente,baja,excluir_o_410,ruta_plantilla_legacy
https://artiani.com.mx/producto/Cama_antiestres_chica_para_mascotas_/index-skin-football.html,/producto/Cama_antiestres_chica_para_mascotas_/index-skin-football.html,200,"Producto - Cama_antiestres_chica_para_mascotas_",producto_legacy,producto,,baja,coincidencia_insuficiente,baja,excluir_o_410,ruta_plantilla_legacy
https://artiani.com.mx/producto/Cama_antiestres_chica_para_mascotas_/index-skin-snowboards.html,/producto/Cama_antiestres_chica_para_mascotas_/index-skin-snowboards.html,200,"Producto - Cama_antiestres_chica_para_mascotas_",producto_legacy,producto,,baja,coincidencia_insuficiente,baja,excluir_o_410,ruta_plantilla_legacy
https://artiani.com.mx/producto/Cama_antiestres_chica_para_mascotas_/listing-left-column.html,/producto/Cama_antiestres_chica_para_mascotas_/listing-left-column.html,200,"Producto - Cama_antiestres_chica_para_mascotas_",producto_legacy,producto,,baja,coincidencia_insuficiente,baja,excluir_o_410,ruta_plantilla_legacy
https://artiani.com.mx/producto/Cama_antiestres_chica_para_mascotas_/product.html,/producto/Cama_antiestres_chica_para_mascotas_/product.html,200,"Producto - Cama_antiestres_chica_para_mascotas_",producto_legacy,producto,,baja,coincidencia_insuficiente,baja,excluir_o_410,ruta_plantilla_legacy
https://artiani.com.mx/producto/Cama_antiestres_mediana_para_perros_y_gatos/empty-cart.html,/producto/Cama_antiestres_mediana_para_perros_y_gatos/empty-cart.html,200,"Producto - Cama_antiestres_mediana_para_perros_y_gatos",producto_legacy,producto,,baja,coincidencia_insuficiente,baja,excluir_o_410,ruta_plantilla_legacy
https://artiani.com.mx/producto/Cama_antiestres_mediana_para_perros_y_gatos/index-skin-base-ball.html,/producto/Cama_antiestres_mediana_para_perros_y_gatos/index-skin-base-ball.html,200,"Producto - Cama_antiestres_mediana_para_perros_y_gatos",producto_legacy,producto,,baja,coincidencia_insuficiente,baja,excluir_o_410,ruta_plantilla_legacy
https://artiani.com.mx/producto/Cama_antiestres_mediana_para_perros_y_gatos/index-skin-football.html,/producto/Cama_antiestres_mediana_para_perros_y_gatos/index-skin-football.html,200,"Producto - Cama_antiestres_mediana_para_perros_y_gatos",producto_legacy,producto,,baja,coincidencia_insuficiente,baja,excluir_o_410,ruta_plantilla_legacy
https://artiani.com.mx/producto/Cama_antiestres_mediana_para_perros_y_gatos/index-skin-snowboards.html,/producto/Cama_antiestres_mediana_para_perros_y_gatos/index-skin-snowboards.html,200,"Producto - Cama_antiestres_mediana_para_perros_y_gatos",producto_legacy,producto,,baja,coincidencia_insuficiente,baja,excluir_o_410,ruta_plantilla_legacy
https://artiani.com.mx/producto/Cama_antiestres_mediana_para_perros_y_gatos/listing-left-column.html,/producto/Cama_antiestres_mediana_para_perros_y_gatos/listing-left-column.html,200,"Producto - Cama_antiestres_mediana_para_perros_y_gatos",producto_legacy,producto,,baja,coincidencia_insuficiente,baja,excluir_o_410,ruta_plantilla_legacy
https://artiani.com.mx/producto/Cama_antiestres_mediana_para_perros_y_gatos/product.html,/producto/Cama_antiestres_mediana_para_perros_y_gatos/product.html,200,"Producto - Cama_antiestres_mediana_para_perros_y_gatos",producto_legacy,producto,,baja,coincidencia_insuficiente,baja,excluir_o_410,ruta_plantilla_legacy
https://artiani.com.mx/producto/Rascadero-poste-para-gato/index-skin-base-ball.html,/producto/Rascadero-poste-para-gato/index-skin-base-ball.html,200,"Producto - Rascadero poste para gato",producto_legacy,producto,,baja,coincidencia_insuficiente,baja,excluir_o_410,ruta_plantilla_legacy
https://artiani.com.mx/producto/Rascadero-poste-para-gato/index-skin-football.html,/producto/Rascadero-poste-para-gato/index-skin-football.html,200,"Producto - Rascadero poste para gato",producto_legacy,producto,,baja,coincidencia_insuficiente,baja,excluir_o_410,ruta_plantilla_legacy
https://artiani.com.mx/producto/Rascadero-poste-para-gato/index-skin-snowboards.html,/producto/Rascadero-poste-para-gato/index-skin-snowboards.html,200,"Producto - Rascadero poste para gato",producto_legacy,producto,,baja,coincidencia_insuficiente,baja,excluir_o_410,ruta_plantilla_legacy
https://artiani.com.mx/producto/Suplemento-calcio-+-vitaminas-D3/CAL-02,/producto/Suplemento-calcio-+-vitaminas-D3/CAL-02,500,,producto_legacy,producto,,baja,coincidencia_insuficiente,baja,excluir_o_410,origen_error_http
https://artiani.com.mx/producto/categoria/empty-cart.html,/producto/categoria/empty-cart.html,200,"Categoria - Empty-cart.html",categoria_legacy,categoria,/categorias,baja,fallback_a_categorias,baja,excluir_o_410,ruta_plantilla_legacy
https://artiani.com.mx/producto/categoria/index-skin-base-ball.html,/producto/categoria/index-skin-base-ball.html,200,"Categoria - Index-skin-base-ball.html",categoria_legacy,categoria,/categorias,baja,fallback_a_categorias,baja,excluir_o_410,ruta_plantilla_legacy
https://artiani.com.mx/producto/categoria/index-skin-football.html,/producto/categoria/index-skin-football.html,200,"Categoria - Index-skin-football.html",categoria_legacy,categoria,/categorias,baja,fallback_a_categorias,baja,excluir_o_410,ruta_plantilla_legacy
https://artiani.com.mx/producto/categoria/index-skin-snowboards.html,/producto/categoria/index-skin-snowboards.html,200,"Categoria - Index-skin-snowboards.html",categoria_legacy,categoria,/categorias,baja,fallback_a_categorias,baja,excluir_o_410,ruta_plantilla_legacy
https://artiani.com.mx/producto/categoria/listing-left-column.html,/producto/categoria/listing-left-column.html,200,"Categoria - Listing-left-column.html",categoria_legacy,categoria,/categorias,baja,fallback_a_categorias,baja,excluir_o_410,ruta_plantilla_legacy
https://artiani.com.mx/producto/categoria/product.html,/producto/categoria/product.html,200,"Categoria - Product.html",categoria_legacy,categoria,/categorias,baja,fallback_a_categorias,baja,excluir_o_410,ruta_plantilla_legacy
https://artiani.com.mx/producto/clasificacion/empty-cart.html,/producto/clasificacion/empty-cart.html,500,,clasificacion,categoria,/categorias,baja,fallback_a_categorias,baja,excluir_o_410,origen_error_http
https://artiani.com.mx/producto/clasificacion/index-skin-base-ball.html,/producto/clasificacion/index-skin-base-ball.html,500,,clasificacion,categoria,/categorias,baja,fallback_a_categorias,baja,excluir_o_410,origen_error_http
https://artiani.com.mx/producto/clasificacion/index-skin-football.html,/producto/clasificacion/index-skin-football.html,500,,clasificacion,categoria,/categorias,baja,fallback_a_categorias,baja,excluir_o_410,origen_error_http
https://artiani.com.mx/producto/clasificacion/index-skin-snowboards.html,/producto/clasificacion/index-skin-snowboards.html,500,,clasificacion,categoria,/categorias,baja,fallback_a_categorias,baja,excluir_o_410,origen_error_http
https://artiani.com.mx/producto/clasificacion/index.html,/producto/clasificacion/index.html,500,,clasificacion,categoria,/categorias,baja,fallback_a_categorias,baja,excluir_o_410,origen_error_http
https://artiani.com.mx/producto/clasificacion/listing-left-column.html,/producto/clasificacion/listing-left-column.html,500,,clasificacion,categoria,/categorias,baja,fallback_a_categorias,baja,excluir_o_410,origen_error_http
https://artiani.com.mx/producto/clasificacion/product.html,/producto/clasificacion/product.html,500,,clasificacion,categoria,/categorias,baja,fallback_a_categorias,baja,excluir_o_410,origen_error_http
https://artiani.com.mx/tienda/empty-cart.html,/tienda/empty-cart.html,500,,otro,desconocido,,baja,requiere_revision_manual,baja,excluir_o_410,origen_error_http
https://artiani.com.mx/tienda/index-skin-base-ball.html,/tienda/index-skin-base-ball.html,500,,otro,desconocido,,baja,requiere_revision_manual,baja,excluir_o_410,origen_error_http
https://artiani.com.mx/tienda/index-skin-football.html,/tienda/index-skin-football.html,500,,otro,desconocido,,baja,requiere_revision_manual,baja,excluir_o_410,origen_error_http
https://artiani.com.mx/tienda/index-skin-snowboards.html,/tienda/index-skin-snowboards.html,500,,otro,desconocido,,baja,requiere_revision_manual,baja,excluir_o_410,origen_error_http
https://artiani.com.mx/tienda/index.html,/tienda/index.html,500,,otro,desconocido,,baja,requiere_revision_manual,baja,excluir_o_410,origen_error_http
https://artiani.com.mx/tienda/product.html,/tienda/product.html,500,,otro,producto,,baja,requiere_revision_manual,baja,excluir_o_410,origen_error_http
