id_publicacion,id_sku,sku,nombre,slug,url_producto,imagen_portada,tiene_imagen,marca,categoria,precio,moneda,disponibilidad
2717,1849,10299,"10299 SEVENPET CAT TOILET ECONOMICO 50X40X39 CAFE (9)",10299-sevenpet-cat-toilet-economico-50x40x39-cafe-9,https://artiani.com.mx/producto/10299-sevenpet-cat-toilet-economico-50x40x39-cafe-9,https://sys.artiani.com.mx/uploads/erp/catalogo/productos/1596/producto-1596-20260903075957-18017bcc.webp,si,SEVENPET,"Gatos / Salud e higiene / Areneros",,,agotado
2721,1853,11392,"11392 SEVENPET MANSION BLANCA 47.5X29.5X31.5 CM (12)",11392-sevenpet-mansion-blanca-47-5x29-5x31-5-cm-12,https://artiani.com.mx/producto/11392-sevenpet-mansion-blanca-47-5x29-5x31-5-cm-12,https://sys.artiani.com.mx/uploads/erp/catalogo/productos/1600/producto-1600-20260903082832-1f797bc5.webp,si,SEVENPET,"Pequenos mamiferos / Hamster / Habitat y jaulas",950,MXN,consultar_disponibilidad
2720,1852,11396,"11396 SEVENPET MANSION AZUL 60X36X42 CM (4)",11396-sevenpet-mansion-azul-60x36x42-cm-4,https://artiani.com.mx/producto/11396-sevenpet-mansion-azul-60x36x42-cm-4,https://sys.artiani.com.mx/uploads/erp/catalogo/productos/1599/producto-1599-20260903081557-4a0093d7.webp,si,SEVENPET,"Pequenos mamiferos / Hamster / Habitat y jaulas",1500,MXN,consultar_disponibilidad
2731,1863,13041,"13041 ECOTRAVEL TRANSP C/TAPETE 61X40X39 CM AZUL (6)",13041-ecotravel-transp-c-tapete-61x40x39-cm-azul-6,https://artiani.com.mx/producto/13041-ecotravel-transp-c-tapete-61x40x39-cm-azul-6,https://sys.artiani.com.mx/uploads/erp/catalogo/productos/1610/producto-1610-20260908122821-974c6e11.webp,si,"ECO PET",,,,agotado
2729,1861,13043,"13043 ECOTRAVEL TRANSP C/TAPETE 61X40X39 CM GRIS (6)",13043-ecotravel-transp-c-tapete-61x40x39-cm-gris-6,https://artiani.com.mx/producto/13043-ecotravel-transp-c-tapete-61x40x39-cm-gris-6,https://sys.artiani.com.mx/uploads/erp/catalogo/productos/1608/producto-1608-20260908122934-76dee9c1.webp,si,"ECO PET",,,,agotado
2732,1864,1350,"1350 SEVENPET PLAY PEN CORRAL 12*35X35 CM (1)",1350-sevenpet-play-pen-corral-12-35x35-cm-1,https://artiani.com.mx/producto/1350-sevenpet-play-pen-corral-12-35x35-cm-1,https://sys.artiani.com.mx/uploads/erp/catalogo/productos/1611/producto-1611-20260826071917-ae3d8ecf.webp,si,"AQUA KRIL","Perros / Habitat y descanso / Corrales y vallas",550,MXN,consultar_disponibilidad
2726,1858,1724,"1724 SEVENPET CAMA ELEVADA 102*69*21 CM (6)",1724-sevenpet-cama-elevada-102-69-21-cm-6,https://artiani.com.mx/producto/1724-sevenpet-cama-elevada-102-69-21-cm-6,https://sys.artiani.com.mx/uploads/erp/catalogo/productos/1605/producto-1605-20260914063510-c4f9c7e2.webp,si,SEVENPET,"Perros / Habitat y descanso / Camas y colchones",,,agotado
2727,1859,1726,"1726 SEVENPET CAMA ELEVADA 122*69*21 CM (6)",1726-sevenpet-cama-elevada-122-69-21-cm-6,https://artiani.com.mx/producto/1726-sevenpet-cama-elevada-122-69-21-cm-6,https://sys.artiani.com.mx/uploads/erp/catalogo/productos/1606/producto-1606-20260914063334-ee147768.webp,si,SEVENPET,"Perros / Habitat y descanso / Camas y colchones",,,agotado
2710,1841,1901,"1901 AEREADOR 1",1901-aereador-1-caja-c-100-pzs-24,https://artiani.com.mx/producto/1901-aereador-1-caja-c-100-pzs-24,https://sys.artiani.com.mx/uploads/erp/catalogo/productos/1588/producto-1588-20260827125733-2e11821d.webp,si,"AQUA KRIL","Acuario y peces / Repuestos, aditamentos y accesorios / Accesorios generales",380,MXN,consultar_disponibilidad
2711,1842,2911,"2911 RASQUETON LIMP/VIDRIOS 37CM ESP-FIBRA CH (48)",2911-rasqueton-limp-vidrios-37cm-esp-fibra-ch-48,https://artiani.com.mx/producto/2911-rasqueton-limp-vidrios-37cm-esp-fibra-ch-48,https://sys.artiani.com.mx/uploads/erp/catalogo/productos/1589/producto-1589-20260828130705-e3831945.webp,si,"AQUA KRIL","Acuario y peces / Repuestos, aditamentos y accesorios / Accesorios generales",135,MXN,consultar_disponibilidad
2740,1874,4067,"4067 GABINETE 60X23X65 CM P/AQUA PACK 4063 (1)",4067-gabinete-60x23x65-cm-p-aqua-pack-4063-1,https://artiani.com.mx/producto/4067-gabinete-60x23x65-cm-p-aqua-pack-4063-1,https://sys.artiani.com.mx/uploads/erp/catalogo/productos/1621/producto-1621-20260828141112-eedb39ff.webp,si,"AQUA KRIL","Acuario y peces / Peceras, acuarios y muebles / Bases y muebles",2600,MXN,agotado
2739,1873,4068,"4068 GABINETE 80X27X65 CM P/AQUA PACK 4064 (1)",4068-gabinete-80x27x65-cm-p-aqua-pack-4064-1,https://artiani.com.mx/producto/4068-gabinete-80x27x65-cm-p-aqua-pack-4064-1,https://sys.artiani.com.mx/uploads/erp/catalogo/productos/1620/producto-1620-20260828142103-15fc7933.webp,si,"AQUA KRIL","Acuario y peces / Peceras, acuarios y muebles / Bases y muebles",2850,MXN,agotado
502,1868,7490,"7490 SEVENPET CARDA C/CEPILLO (24-144)",7490-sevenpet-carda-c-cepillo-24-144,https://artiani.com.mx/producto/7490-sevenpet-carda-c-cepillo-24-144,https://sys.artiani.com.mx/uploads/erp/catalogo/productos/1615/producto-1615-20260824181416-d8efe44e.webp,si,SEVENPET,"Perros / Salud e higiene / Higiene y limpieza",95,MXN,agotado
2733,1865,7657,"7657 POOP OFF RECOGEDOR DE HECES GDE 63cm (6)",7657-poop-off-recogedor-de-heces-gde-63cm-6,https://artiani.com.mx/producto/7657-poop-off-recogedor-de-heces-gde-63cm-6,https://sys.artiani.com.mx/uploads/erp/catalogo/productos/1612/producto-1612-20260826071603-f9aa6a7a.webp,si,SEVENPET,"Perros / Salud e higiene / Higiene y limpieza",,,agotado
2725,1857,7664,"7664 ENTRENADOR CLICKET (108)",7664-entrenador-clicket-108,https://artiani.com.mx/producto/7664-entrenador-clicket-108,https://sys.artiani.com.mx/uploads/erp/catalogo/productos/1604/producto-1604-20260826072438-6d4961e6.webp,si,SEVENPET,"Perros / Transporte, paseo y entrenamiento / Entrenamiento",,,agotado
603,1846,8006,"8006 ALIMENTADOR AUTOMATICO 12-24 H (60)",8006-alimentador-automatico-12-24-h-60,https://artiani.com.mx/producto/8006-alimentador-automatico-12-24-h-60,https://sys.artiani.com.mx/uploads/erp/catalogo/productos/1593/producto-1593-20260820075255-b8c81c51.webp,si,"AQUA KRIL","Acuario y peces / Alimentacion / Alimentadores",500,MXN,agotado
7,1291,FL3627,"Aceite de salmon suplemento omega 3 250 ml",aceite-de-salmon-suplemento-omega-3-250ml,https://artiani.com.mx/producto/aceite-de-salmon-suplemento-omega-3-250ml,https://sys.artiani.com.mx/media/apps/ecommerce/productos/1664/1767672935.webp,si,"FANCY PETS","Perros / Alimentacion / Alimentos",220,MXN,consultar_disponibilidad
8,711,FL1108,"Aclarador de ojos para tortugas 30 ml",aclarador-de-ojos-para-tortugas-30ml,https://artiani.com.mx/producto/aclarador-de-ojos-para-tortugas-30ml,https://sys.artiani.com.mx/media/apps/ecommerce/productos/848/1679856216.jpg,si,LOMAS,"Reptiles, anfibios e invertebrados / Tortugas / Aditamentos y accesorios",25,MXN,agotado
9,637,Q335,"Acrivelt acriflavina 45 ml",acrivelt-acriflavina-45ml,https://artiani.com.mx/producto/acrivelt-acriflavina-45ml,https://sys.artiani.com.mx/media/apps/ecommerce/productos/762/1712862266.jpg,si,BIOMAA,"Acuario y peces / Repuestos, aditamentos y accesorios / Aditamentos",45,MXN,agotado
11,504,FL7961,"Acuario nano cascada negro 15 l",acuario-nano-cascada-negro-15l,https://artiani.com.mx/producto/acuario-nano-cascada-negro-15l,https://sys.artiani.com.mx/media/apps/ecommerce/productos/566/1712622236.jpg,si,LOMAS,"Acuario y peces / Peceras, acuarios y muebles / Acuarios",1890,MXN,agotado
14,503,FL7957,"Acuario nano reef 18 l",acuario-nano-reef-18l,https://artiani.com.mx/producto/acuario-nano-reef-18l,https://sys.artiani.com.mx/media/apps/ecommerce/productos/565/1697763084.jpg,si,LOMAS,"Acuario y peces / Peceras, acuarios y muebles / Acuarios",2850,MXN,agotado
54,1539,Art.4060,"Acuario paris 15 lts",acuario-paris-15l,https://artiani.com.mx/producto/acuario-paris-15l,https://sys.artiani.com.mx/media/apps/ecommerce/productos/1924/1778594205.webp,si,"AQUA KRIL","Acuario y peces / Peceras, acuarios y muebles / Acuarios",1490,MXN,consultar_disponibilidad
93,1373,FL4524,"Ajolostix 70 gr",ajolostix-70g,https://artiani.com.mx/producto/ajolostix-70g,https://sys.artiani.com.mx/media/apps/ecommerce/productos/1749/1769863936.webp,si,LOMAS,"Acuario y peces / Alimentacion / Alimentadores",35,MXN,consultar_disponibilidad
1668,599,TE77183,"Algaecontrol 1.7 oz (50 ml)",algaecontrol-1-7-oz-50ml,https://artiani.com.mx/producto/algaecontrol-1-7-oz-50ml,https://sys.artiani.com.mx/media/apps/ecommerce/productos/703/1711667229.jpg,si,Tetra,"Acuario y peces / Repuestos, aditamentos y accesorios / Aditamentos",145,MXN,agotado
736,280,TE77184,"Algaecontrol 3.5 oz 100 ml",algaecontrol-3-5-oz-100ml,https://artiani.com.mx/producto/algaecontrol-3-5-oz-100ml,https://sys.artiani.com.mx/media/apps/ecommerce/productos/190/1711667469.jpg,si,Tetra,"Acuario y peces / Repuestos, aditamentos y accesorios / Aditamentos",230,MXN,agotado
16,1091,OF-01,"Alimentador automatico para peces",alimentador-automatico-para-peces,https://artiani.com.mx/producto/alimentador-automatico-para-peces,https://sys.artiani.com.mx/media/apps/ecommerce/productos/1416/1766812862.webp,si,"OCEAN AQUA","Acuario y peces / Alimentacion / Alimentadores",500,MXN,agotado
744,300,FL9235,"Alimentador colibris 68 ml",alimentador-colibris-68ml,https://artiani.com.mx/producto/alimentador-colibris-68ml,https://sys.artiani.com.mx/media/apps/ecommerce/productos/221/1706911517.jpg,si,REDKITE,"Aves / Alimentacion / Bebederos y aditamentos para colibri",50,MXN,agotado
279,1700,RJ539,"Alimentador de hamster 200 ml",alimentador-de-hamster-200ml,https://artiani.com.mx/producto/alimentador-de-hamster-200ml,https://sys.artiani.com.mx/media/apps/ecommerce/productos/938/1700610309.jpg,si,"HOBBY PET","Pequenos mamiferos / Hamster / Accesorios y aditamentos",120,MXN,agotado
2390,1462,FL9237,"Alimentador de semillas para aves 600 gr",alimentador-de-semillas-para-aves-600g,https://artiani.com.mx/producto/alimentador-de-semillas-para-aves-600g,https://sys.artiani.com.mx/media/apps/ecommerce/productos/1843/1774361463.webp,si,LOMAS,"Aves / Alimentacion / Bebederos y comederos / Comederos",190,MXN,agotado
53,1496,1911202504,"Alimento banana crunch para conejo",alimento-banana-crunch-para-conejo,https://artiani.com.mx/producto/alimento-banana-crunch-para-conejo,https://sys.artiani.com.mx/media/apps/ecommerce/productos/1878/1775481258.webp,si,"MUNDO MASCOTA","Pequenos mamiferos / Conejo / Alimentacion / Alimentos",85,MXN,consultar_disponibilidad
18,142,Q125,"Alimento betta bit frasco",alimento-betta-bit-frasco,https://artiani.com.mx/producto/alimento-betta-bit-frasco,https://sys.artiani.com.mx/media/apps/ecommerce/productos/1/1712865274.jpg,si,BIOMAA,"Acuario y peces / Alimentacion / Alimentos para betta",30,MXN,agotado
21,881,TP-3510,"Alimento betta hi- protein (42%) krill flavoured 10gr tropical",alimento-betta-hi-protein-42-krill-flavoured-10g-tropical,https://artiani.com.mx/producto/alimento-betta-hi-protein-42-krill-flavoured-10g-tropical,https://sys.artiani.com.mx/media/apps/ecommerce/productos/1159/1712873834.jpg,si,SUNNY,"Acuario y peces / Alimentacion / Alimentos para betta",25,MXN,agotado
2676,1805,ALI-ALLOCH,"Alimento chico para grillo",alimento-chico-para-grillo,https://artiani.com.mx/producto/alimento-chico-para-grillo,https://sys.artiani.com.mx/uploads/erp/catalogo/productos/1564/producto-1564-20260903084438-e31acb18.webp,si,,"Reptiles, anfibios e invertebrados / Reptiles generales / Alimentos vivos",,,agotado
1,1759,TP-40372-100GR,"Alimento churro blanco para peces 100 gr",alimento-churro-blanco-para-peces-100g,https://artiani.com.mx/producto/alimento-churro-blanco-para-peces-100g,,no,Tropical,"Acuario y peces / Alimentacion / Alimentos de acuario",85,MXN,disponible
2,1757,TP-40372-25GR,"Alimento churro blanco para peces 25 gr",alimento-churro-blanco-para-peces-25g,https://artiani.com.mx/producto/alimento-churro-blanco-para-peces-25g,,no,Tropical,"Acuario y peces / Alimentacion / Alimentos de acuario",25,MXN,disponible
23,1758,TP-40372-50GR,"Alimento churro blanco para peces 50 gr",alimento-churro-blanco-para-peces-50g,https://artiani.com.mx/producto/alimento-churro-blanco-para-peces-50g,,no,Tropical,"Acuario y peces / Alimentacion / Alimentos de acuario",45,MXN,agotado
22,1756,TP-40372-500GR,"Alimento churro blanco para peces 500 gr",alimento-churro-blanco-para-peces-500g,https://artiani.com.mx/producto/alimento-churro-blanco-para-peces-500g,,no,Tropical,"Acuario y peces / Alimentacion / Alimentos de acuario",295,MXN,agotado
24,1397,ALA-0014,"Alimento Completo Premium Para Erizos Hedgehog - 1kg",alimento-completo-premium-para-erizos-hedgehog-1kg,https://artiani.com.mx/producto/alimento-completo-premium-para-erizos-hedgehog-1kg,https://sys.artiani.com.mx/media/apps/ecommerce/productos/1773/1771336659.webp,si,ALAMAZONAS,"Pequenos mamiferos / Erizo / Alimentacion / Alimentos",350,MXN,agotado
25,1398,ALA-0015,"Alimento Completo Premium Para Sugar Glider Petauros - 1kg",alimento-completo-premium-para-sugar-glider-petauros-1kg,https://artiani.com.mx/producto/alimento-completo-premium-para-sugar-glider-petauros-1kg,https://sys.artiani.com.mx/media/apps/ecommerce/productos/1774/1771337096.webp,si,ALAMAZONAS,"Pequenos mamiferos / Accesorios generales",350,MXN,agotado
2160,1224,NUAN-ARMG900G,"Alimento croqueta nucan adulto razas medianas y grandes 900 gr",alimento-croqueta-nucan-adulto-razas-medianas-y-grandes-900g,https://artiani.com.mx/producto/alimento-croqueta-nucan-adulto-razas-medianas-y-grandes-900g,https://sys.artiani.com.mx/media/apps/ecommerce/productos/1580/1759171572.webp,si,NUCAN,"Perros / Alimentacion / Alimentos",,,agotado
26,1226,NUAN-RP900G,"Alimento croqueta nucan adulto razas pequeñas 900 gr",alimento-croqueta-nucan-adulto-razas-pequenas-900g,https://artiani.com.mx/producto/alimento-croqueta-nucan-adulto-razas-pequenas-900g,https://sys.artiani.com.mx/media/apps/ecommerce/productos/1584/1759173703.webp,si,NUCAN,"Perros / Alimentacion / Alimentos",50,MXN,agotado
2159,1223,NUAN-C900G,"Alimento croqueta nucan cachorro razas medianas y grandes 900 gr",alimento-croqueta-nucan-cachorro-razas-medianas-y-grandes-900g,https://artiani.com.mx/producto/alimento-croqueta-nucan-cachorro-razas-medianas-y-grandes-900g,https://sys.artiani.com.mx/media/apps/ecommerce/productos/1579/1759170380.webp,si,NUCAN,"Perros / Alimentacion / Alimentos",60,MXN,agotado
98,1703,NUAN-CRP900G,"Alimento croqueta nucan cachorro razas pequeñas 900 gr",alimento-croqueta-nucan-cachorro-razas-pequenas-900g,https://artiani.com.mx/producto/alimento-croqueta-nucan-cachorro-razas-pequenas-900g,https://sys.artiani.com.mx/media/apps/ecommerce/productos/1583/1759173029.webp,si,NUCAN,"Perros / Alimentacion / Alimentos",60,MXN,consultar_disponibilidad
27,1225,NUAN-AS900G,"Alimento croqueta nucan senior 900 gr",alimento-croqueta-nucan-senior-900g,https://artiani.com.mx/producto/alimento-croqueta-nucan-senior-900g,https://sys.artiani.com.mx/media/apps/ecommerce/productos/1581/1759171891.webp,si,NUCAN,"Perros / Alimentacion / Alimentos",55,MXN,agotado
110,1184,NUEC-FENOADUOR1500G,"Alimento croqueta para gato adulto indoor nupec 1.5 kg",alimento-croqueta-para-gato-adulto-indoor-nupec-1-5kg,https://artiani.com.mx/producto/alimento-croqueta-para-gato-adulto-indoor-nupec-1-5kg,https://sys.artiani.com.mx/media/apps/ecommerce/productos/1535/1758670785.jpg,si,NUPEC,"Gatos / Alimentacion / Alimentos",260,MXN,consultar_disponibilidad
105,787,NUEC-FENOADUOR3K,"Alimento croqueta para gato adulto indoor nupec 3 kg",alimento-croqueta-para-gato-adulto-indoor-nupec-3kg,https://artiani.com.mx/producto/alimento-croqueta-para-gato-adulto-indoor-nupec-3kg,https://sys.artiani.com.mx/media/apps/ecommerce/productos/1013/1701566812.jpg,si,NUPEC,"Gatos / Alimentacion / Alimentos",499,MXN,consultar_disponibilidad
1809,790,NUEC-FENOKIEN1500G,"Alimento croqueta para gato kitten nupec 1.5 kg",alimento-croqueta-para-gato-kitten-nupec-1-5kg,https://artiani.com.mx/producto/alimento-croqueta-para-gato-kitten-nupec-1-5kg,https://sys.artiani.com.mx/media/apps/ecommerce/productos/1016/1701568006.jpg,si,NUPEC,"Gatos / Alimentacion / Alimentos",290,MXN,agotado
107,789,NUEC-FENOKIEN3K,"Alimento croqueta para gato kitten nupec 3 kg",alimento-croqueta-para-gato-kitten-nupec-3kg,https://artiani.com.mx/producto/alimento-croqueta-para-gato-kitten-nupec-3kg,https://sys.artiani.com.mx/media/apps/ecommerce/productos/1015/1701568001.jpg,si,NUPEC,"Gatos / Alimentacion / Alimentos",570,MXN,consultar_disponibilidad
103,197,WAT450,"Alimento croqueta para hamster 450 gr",alimento-croqueta-para-hamster-450g,https://artiani.com.mx/producto/alimento-croqueta-para-hamster-450g,https://sys.artiani.com.mx/media/apps/ecommerce/productos/71/1678726396.jpg,si,REDKITE,"Pequenos mamiferos / Hamster / Alimentacion / Alimentos",98,MXN,consultar_disponibilidad
2186,1253,NUAN-ARMG25K,"Alimento croqueta razas medianas a grandes nucan (por nupec) adulto 25 kg",alimento-croqueta-razas-medianas-a-grandes-nucan-por-nupec-adulto-25kg,https://artiani.com.mx/producto/alimento-croqueta-razas-medianas-a-grandes-nucan-por-nupec-adulto-25kg,https://sys.artiani.com.mx/media/apps/ecommerce/productos/1615/1761109524.webp,si,NUCAN,"Perros / Alimentacion / Alimentos",1135,MXN,agotado
4332,1915,SFF-13,"Alimento de fondo alga wafers 70g",alimento-de-fondo-alga-wafers-70g,https://artiani.com.mx/producto/alimento-de-fondo-alga-wafers-70g,https://sys.artiani.com.mx/uploads/erp/catalogo/productos/1631/producto-1631-20260908120129-24ce6f5b.webp,si,SUNNY,"Acuario y peces / Alimentacion / Alimentos de fondo",,,agotado
28,888,Q829,"Alimento de hojuela color flakes 20gr",alimento-de-hojuela-color-flakes-20g,https://artiani.com.mx/producto/alimento-de-hojuela-color-flakes-20g,https://sys.artiani.com.mx/media/apps/ecommerce/productos/1167/1712879900.jpg,si,BIOMAA,"Acuario y peces / Alimentacion / Alimentos de acuario",60,MXN,agotado
32,151,FL5032,"Alimento de vacaciones",alimento-de-vacaciones,https://artiani.com.mx/producto/alimento-de-vacaciones,https://sys.artiani.com.mx/media/apps/ecommerce/productos/12/1668195548.png,si,LOMAS,"Acuario y peces / Alimentacion / Alimentos de acuario",35,MXN,agotado
29,889,Q828,"Alimento en hojuela color flakes 150 gr",alimento-en-hojuela-color-flakes-150g,https://artiani.com.mx/producto/alimento-en-hojuela-color-flakes-150g,https://sys.artiani.com.mx/media/apps/ecommerce/productos/1168/1712949857.jpg,si,BIOMAA,"Acuario y peces / Alimentacion / Alimentos de acuario",250,MXN,agotado
36,1162,Q840,"Alimento en hojuela color flakes 40 gr",alimento-en-hojuela-color-flakes-40g,https://artiani.com.mx/producto/alimento-en-hojuela-color-flakes-40g,https://sys.artiani.com.mx/media/apps/ecommerce/productos/1513/1757978304.webp,si,BIOMAA,"Acuario y peces / Alimentacion / Alimentos de acuario",99,MXN,agotado
2050,1097,Q818,"Alimento en hojuela super flakes 500 gr",alimento-en-hojuela-super-flakes-500g,https://artiani.com.mx/producto/alimento-en-hojuela-super-flakes-500g,https://sys.artiani.com.mx/media/apps/ecommerce/productos/1422/1759362010.webp,si,BIOMAA,"Acuario y peces / Alimentacion / Alimentos de acuario",,,agotado
44,1164,Q816,"Alimento en hojuelas super flakes 40 gr",alimento-en-hojuelas-super-flakes-40g,https://artiani.com.mx/producto/alimento-en-hojuelas-super-flakes-40g,https://sys.artiani.com.mx/media/apps/ecommerce/productos/1515/1757976523.webp,si,BIOMAA,"Acuario y peces / Alimentacion / Alimentos de acuario",70,MXN,agotado
31,150,FL5033,"Alimento fin de semana",alimento-fin-de-semana,https://artiani.com.mx/producto/alimento-fin-de-semana,https://sys.artiani.com.mx/media/apps/ecommerce/productos/11/1668195405.png,si,LOMAS,"Acuario y peces / Alimentacion / Alimentos de acuario",35,MXN,agotado
133,1755,SFF-303,"Alimento goldfish pellets flotantes 300 gr",alimento-goldfish-pellets-flotantes-300g,https://artiani.com.mx/producto/alimento-goldfish-pellets-flotantes-300g,https://sys.artiani.com.mx/uploads/erp/catalogo/productos/1546/producto-1546-20260721092434-78a8faee.webp,si,SUNNY,"Acuario y peces / Alimentacion / Alimentos de acuario",95,MXN,consultar_disponibilidad
2677,1806,ALI-ALLOGD,"Alimento grande para grillo",alimento-grande-para-grillo,https://artiani.com.mx/producto/alimento-grande-para-grillo,https://sys.artiani.com.mx/uploads/erp/catalogo/productos/1565/producto-1565-20260903084335-b1dedff3.webp,si,,"Reptiles, anfibios e invertebrados / Reptiles generales / Alimentos vivos",,,agotado
129,1163,Q162,"Alimento granulado rainbow color bites 50 gr",alimento-granulado-rainbow-color-bites-50g,https://artiani.com.mx/producto/alimento-granulado-rainbow-color-bites-50g,https://sys.artiani.com.mx/media/apps/ecommerce/productos/1514/1757977167.webp,si,BIOMAA,"Acuario y peces / Alimentacion / Alimentos de acuario",75,MXN,consultar_disponibilidad
33,1677,AQ-16159,"Alimento granulado tetra color para peces",alimento-granulado-tetra-color-para-peces,https://artiani.com.mx/producto/alimento-granulado-tetra-color-para-peces,https://sys.artiani.com.mx/media/apps/ecommerce/productos/1172/1712951313.jpg,si,Tetra,"Acuario y peces / Alimentacion / Alimentos de acuario",265,MXN,agotado
96,1494,412202509,"Alimento hamster mix manzana",alimento-hamster-mix-manzana,https://artiani.com.mx/producto/alimento-hamster-mix-manzana,https://sys.artiani.com.mx/media/apps/ecommerce/productos/1876/1775480825.webp,si,"MUNDO MASCOTA","Pequenos mamiferos / Hamster / Alimentacion / Alimentos",65,MXN,consultar_disponibilidad
716,158,TP-3504,"Alimento hojuelas basicas tropicales 100 gr",alimento-hojuelas-basicas-tropicales-100g,https://artiani.com.mx/producto/alimento-hojuelas-basicas-tropicales-100g,https://sys.artiani.com.mx/media/apps/ecommerce/productos/22/1689167818.jpg,si,SUNNY,"Acuario y peces / Alimentacion / Alimentos de acuario",150,MXN,agotado
254,1011,WAT572,"Alimento huron / ferret diet 1 kg",alimento-huron-ferret-diet-1kg,https://artiani.com.mx/producto/alimento-huron-ferret-diet-1kg,https://sys.artiani.com.mx/media/apps/ecommerce/productos/1327/1723183676.jpg,si,REDKITE,"Pequenos mamiferos / Huron / Alimentacion / Alimentos",180,MXN,agotado
97,1497,2010202501,"Alimento manzana crunch para conejo",alimento-manzana-crunch-para-conejo,https://artiani.com.mx/producto/alimento-manzana-crunch-para-conejo,https://sys.artiani.com.mx/media/apps/ecommerce/productos/1879/1775481407.webp,si,"MUNDO MASCOTA","Pequenos mamiferos / Conejo / Alimentacion / Alimentos",85,MXN,consultar_disponibilidad
86,451,FL4035,"Alimento mezcla de semillas para hamster 1 kg",alimento-mezcla-de-semillas-para-hamster-1kg,https://artiani.com.mx/producto/alimento-mezcla-de-semillas-para-hamster-1kg,https://sys.artiani.com.mx/media/apps/ecommerce/productos/487/1689861522.jpg,si,REDKITE,"Pequenos mamiferos / Hamster / Alimentacion / Alimentos",150,MXN,consultar_disponibilidad
90,873,AZ80083,"Alimento micropélet flotante Azoo 2 en 1 chico",alimento-micropelet-flotante-azoo-2-en-1-chico,https://artiani.com.mx/producto/alimento-micropelet-flotante-azoo-2-en-1-chico,https://sys.artiani.com.mx/media/apps/ecommerce/productos/1151/1712788764.jpg,si,AZOO,"Acuario y peces / Alimentacion / Alimentos para betta",55,MXN,consultar_disponibilidad
1887,886,B-300,"Alimento mini bolitas para tortuga",alimento-mini-bolitas-para-tortuga,https://artiani.com.mx/producto/alimento-mini-bolitas-para-tortuga,https://sys.artiani.com.mx/media/apps/ecommerce/productos/1165/1712878839.jpg,si,PETMMAL,"Reptiles, anfibios e invertebrados / Tortugas / Alimentos para tortugas",,,agotado
95,1492,412202510,"Alimento mix zanahorita para hámster",alimento-mix-zanahorita-para-hamster,https://artiani.com.mx/producto/alimento-mix-zanahorita-para-hamster,https://sys.artiani.com.mx/media/apps/ecommerce/productos/1874/1775480290.webp,si,"MUNDO MASCOTA","Pequenos mamiferos / Hamster / Alimentacion / Alimentos",65,MXN,consultar_disponibilidad
58,1521,TP-7840,"Alimento monte verde para cacatuas, loros y guacamayas 500 gr tropifit",alimento-monte-verde-para-cacatuas-loros-y-guacamayas-500g-tropifit,https://artiani.com.mx/producto/alimento-monte-verde-para-cacatuas-loros-y-guacamayas-500g-tropifit,https://sys.artiani.com.mx/media/apps/ecommerce/productos/1904/1776693970.webp,si,SUNNY,"Aves / Alimentacion / Alimentos",98,MXN,consultar_disponibilidad
57,1520,TP-7837,"Alimento monte verde para canarios, finches y exoticos 500 gr tropifit",alimento-monte-verde-para-canarios-finches-y-exoticos-500g-tropifit,https://artiani.com.mx/producto/alimento-monte-verde-para-canarios-finches-y-exoticos-500g-tropifit,https://sys.artiani.com.mx/media/apps/ecommerce/productos/1903/1776693894.webp,si,SUNNY,"Aves / Alimentacion / Alimentos",98,MXN,consultar_disponibilidad
91,1139,TP-7839,"Alimento monte verde para ninfas y agapornis 500 gr",alimento-monte-verde-para-ninfas-y-agapornis-500g,https://artiani.com.mx/producto/alimento-monte-verde-para-ninfas-y-agapornis-500g,https://sys.artiani.com.mx/media/apps/ecommerce/productos/1488/1758052401.webp,si,"MONTE VERDE","Aves / Alimentacion / Alimentos",98,MXN,consultar_disponibilidad
56,1519,TP-7838,"Alimento monte verde para periquitos australianos 500 gr tropifit",alimento-monte-verde-para-periquitos-australianos-500g-tropifit,https://artiani.com.mx/producto/alimento-monte-verde-para-periquitos-australianos-500g-tropifit,https://sys.artiani.com.mx/media/apps/ecommerce/productos/1901/1776693267.webp,si,SUNNY,"Aves / Alimentacion / Alimentos",98,MXN,consultar_disponibilidad
300,1813,A02877-500G,"Alimento nutricubo para roedores 500 gr",alimento-nutricubo-para-roedores-500g,https://artiani.com.mx/producto/alimento-nutricubo-para-roedores-500g,https://sys.artiani.com.mx/uploads/erp/catalogo/productos/1567/producto-1567-20260817153204-fcb25950.webp,si,,"Pequenos mamiferos / Hamster / Alimentacion / Premios y snacks",50,MXN,agotado
80,161,A100,"Alimento para ajolotes 60 gr mini",alimento-para-ajolotes-60g-mini,https://artiani.com.mx/producto/alimento-para-ajolotes-60g-mini,https://sys.artiani.com.mx/media/apps/ecommerce/productos/28/1687526256.jpg,si,PETMMAL,"Acuario y peces / Alimentacion / Alimentos para ajolotes",60,MXN,consultar_disponibilidad
88,540,A300,"Alimento para ajolotes adultos 60 gr",alimento-para-ajolotes-adultos-60g,https://artiani.com.mx/producto/alimento-para-ajolotes-adultos-60g,https://sys.artiani.com.mx/media/apps/ecommerce/productos/606/1687526704.jpg,si,PETMMAL,"Acuario y peces / Alimentacion / Alimentos para ajolotes",60,MXN,consultar_disponibilidad
61,1524,TP-52351,"Alimento para aves exoticas tropifit exoten 700 gr",alimento-para-aves-exoticas-tropifit-exoten-700g,https://artiani.com.mx/producto/alimento-para-aves-exoticas-tropifit-exoten-700g,https://sys.artiani.com.mx/media/apps/ecommerce/productos/1907/1776694611.webp,si,SUNNY,"Aves / Alimentacion / Alimentos",150,MXN,consultar_disponibilidad
60,1523,TP-52341,"Alimento para canarios tropifit canary 700 gr",alimento-para-canarios-tropifit-canary-700g,https://artiani.com.mx/producto/alimento-para-canarios-tropifit-canary-700g,https://sys.artiani.com.mx/media/apps/ecommerce/productos/1906/1776694505.webp,si,SUNNY,"Aves / Alimentacion / Alimentos",150,MXN,consultar_disponibilidad
83,196,WAT676,"Alimento para conejo 1.2 kg",alimento-para-conejo-1-2kg,https://artiani.com.mx/producto/alimento-para-conejo-1-2kg,https://sys.artiani.com.mx/media/apps/ecommerce/productos/70/1689776726.jpg,si,HARTZ,"Pequenos mamiferos / Conejo / Alimentacion / Alimentos",110,MXN,consultar_disponibilidad
84,255,FL4010,"Alimento para cuyo 850 gr",alimento-para-cuyo-850g,https://artiani.com.mx/producto/alimento-para-cuyo-850g,https://sys.artiani.com.mx/media/apps/ecommerce/productos/151/1689860591.jpg,si,REDKITE,"Pequenos mamiferos / Cuyo / Alimentacion / Alimentos",150,MXN,consultar_disponibilidad
764,368,EX035,"Alimento para erizo 1.2 kg gusano cera",alimento-para-erizo-1-2kg-gusano-cera,https://artiani.com.mx/producto/alimento-para-erizo-1-2kg-gusano-cera,https://sys.artiani.com.mx/media/apps/ecommerce/productos/340/1688220931.jpg,si,EXOTICS,"Pequenos mamiferos / Erizo / Alimentacion / Alimentos",,,agotado
718,184,EX005,"Alimento para erizo 1.2 kg tenebrios",alimento-para-erizo-1-2kg-tenebrios,https://artiani.com.mx/producto/alimento-para-erizo-1-2kg-tenebrios,https://sys.artiani.com.mx/media/apps/ecommerce/productos/55/1687811819.jpg,si,EXOTICS,"Pequenos mamiferos / Erizo / Alimentacion / Alimentos",,,agotado
730,246,EX031,"Alimento para erizo 250 gr gusano cera",alimento-para-erizo-250g-gusano-cera,https://artiani.com.mx/producto/alimento-para-erizo-250g-gusano-cera,https://sys.artiani.com.mx/media/apps/ecommerce/productos/137/1690829042.jpg,si,EXOTICS,"Pequenos mamiferos / Erizo / Alimentacion / Alimentos",,,agotado
719,185,EX001,"Alimento para erizo 250 gr tenebrios",alimento-para-erizo-250g-tenebrios,https://artiani.com.mx/producto/alimento-para-erizo-250g-tenebrios,https://sys.artiani.com.mx/media/apps/ecommerce/productos/56/1687808468.jpg,si,EXOTICS,"Pequenos mamiferos / Erizo / Alimentacion / Alimentos",,,agotado
720,186,EX033,"Alimento para erizo 700 gr gusano cera",alimento-para-erizo-700g-gusano-cera,https://artiani.com.mx/producto/alimento-para-erizo-700g-gusano-cera,https://sys.artiani.com.mx/media/apps/ecommerce/productos/57/1688167291.jpg,si,EXOTICS,"Pequenos mamiferos / Erizo / Alimentacion / Alimentos",,,agotado
721,188,EX003,"Alimento para erizo 700 gr tenebrios",alimento-para-erizo-700g-tenebrios,https://artiani.com.mx/producto/alimento-para-erizo-700g-tenebrios,https://sys.artiani.com.mx/media/apps/ecommerce/productos/59/1687809473.jpg,si,EXOTICS,"Pequenos mamiferos / Erizo / Alimentacion / Alimentos",,,agotado
108,1128,FL4004,"Alimento para erizos select 800 gr",alimento-para-erizos-select-800g,https://artiani.com.mx/producto/alimento-para-erizos-select-800g,https://sys.artiani.com.mx/media/apps/ecommerce/productos/1472/1759356371.webp,si,REDKITE,"Pequenos mamiferos / Erizo / Alimentacion / Alimentos",199,MXN,consultar_disponibilidad
99,181,FL4003,"Alimento para iguana juvenil 350 gr",alimento-para-iguana-juvenil-350g,https://artiani.com.mx/producto/alimento-para-iguana-juvenil-350g,https://sys.artiani.com.mx/media/apps/ecommerce/productos/51/1687442820.jpg,si,LOMAS,"Reptiles, anfibios e invertebrados / Iguanas / Alimentos para iguana",95,MXN,consultar_disponibilidad
100,182,FL4002,"Alimento para iguana juvenil 700 gr",alimento-para-iguana-juvenil-700g,https://artiani.com.mx/producto/alimento-para-iguana-juvenil-700g,https://sys.artiani.com.mx/media/apps/ecommerce/productos/52/1687443327.jpg,si,LOMAS,"Reptiles, anfibios e invertebrados / Iguanas / Alimentos para iguana",190,MXN,consultar_disponibilidad
48,1151,SFF-305,"Alimento para iguana sticks 300 gr tropical",alimento-para-iguana-sticks-300g-tropical,https://artiani.com.mx/producto/alimento-para-iguana-sticks-300g-tropical,https://sys.artiani.com.mx/media/apps/ecommerce/productos/1500/1757979705.webp,si,SUNNY,"Reptiles, anfibios e invertebrados / Iguanas / Alimentos para iguana",95,MXN,agotado
62,1525,TP-52321,"Alimento para ninfas, agapornis y pericos tropifit cockatiel 700 gr",alimento-para-ninfas-agapornis-y-pericos-tropifit-cockatiel-700g,https://artiani.com.mx/producto/alimento-para-ninfas-agapornis-y-pericos-tropifit-cockatiel-700g,https://sys.artiani.com.mx/media/apps/ecommerce/productos/1908/1776694898.webp,si,SUNNY,"Aves / Alimentacion / Alimentos",150,MXN,consultar_disponibilidad
1760,724,WAT638,"Alimento para peces de fondo 70 gr",alimento-para-peces-de-fondo-70g,https://artiani.com.mx/producto/alimento-para-peces-de-fondo-70g,https://sys.artiani.com.mx/media/apps/ecommerce/productos/868/1699747919.jpg,si,WARDLEY,"Acuario y peces / Alimentacion / Alimentos de acuario",,,agotado
59,1522,TP-52331,"Alimento para periquitos tropifit budgie 700 gr",alimento-para-periquitos-tropifit-budgie-700g,https://artiani.com.mx/producto/alimento-para-periquitos-tropifit-budgie-700g,https://sys.artiani.com.mx/media/apps/ecommerce/productos/1905/1776694394.webp,si,SUNNY,"Aves / Alimentacion / Alimentos",150,MXN,consultar_disponibilidad
717,164,B-102,"Alimento para tortuga 120 gramos",alimento-para-tortuga-120g,https://artiani.com.mx/producto/alimento-para-tortuga-120g,https://sys.artiani.com.mx/media/apps/ecommerce/productos/32/1675466545.jpg,si,,"Reptiles, anfibios e invertebrados / Tortugas / Alimentos para tortugas",,,agotado
132,1160,WAT055,"Alimento para tortuga reptile sticks 1.5 kg",alimento-para-tortuga-reptile-sticks-1-5kg,https://artiani.com.mx/producto/alimento-para-tortuga-reptile-sticks-1-5kg,https://sys.artiani.com.mx/media/apps/ecommerce/productos/1511/1757978571.webp,si,LOMAS,"Reptiles, anfibios e invertebrados / Tortugas / Alimentos para tortugas",340,MXN,consultar_disponibilidad
115,641,WAT042,"Alimento para tortuga reptile sticks baby 70 g",alimento-para-tortuga-reptile-sticks-baby-70g,https://artiani.com.mx/producto/alimento-para-tortuga-reptile-sticks-baby-70g,https://sys.artiani.com.mx/media/apps/ecommerce/productos/767/1696533477.jpg,si,WARDLEY,"Reptiles, anfibios e invertebrados / Tortugas / Alimentos para tortugas",35,MXN,consultar_disponibilidad
126,1166,TE29254,"Alimento para tortuga reptomin sticks 105gr",alimento-para-tortuga-reptomin-sticks-105g,https://artiani.com.mx/producto/alimento-para-tortuga-reptomin-sticks-105g,https://sys.artiani.com.mx/media/apps/ecommerce/productos/1517/1757976405.webp,si,Tetra,"Reptiles, anfibios e invertebrados / Tortugas / Alimentos para tortugas",210,MXN,consultar_disponibilidad
125,1165,TE29252,"Alimento para tortuga reptomin sticks 55gr",alimento-para-tortuga-reptomin-sticks-55g,https://artiani.com.mx/producto/alimento-para-tortuga-reptomin-sticks-55g,https://sys.artiani.com.mx/media/apps/ecommerce/productos/1516/1757976435.webp,si,Tetra,"Reptiles, anfibios e invertebrados / Tortugas / Alimentos para tortugas",120,MXN,consultar_disponibilidad
114,624,WAT061,"Alimento para tortugas reptile sticks baby 300 gr",alimento-para-tortugas-reptile-sticks-baby-300g,https://artiani.com.mx/producto/alimento-para-tortugas-reptile-sticks-baby-300g,https://sys.artiani.com.mx/media/apps/ecommerce/productos/745/1696535856.jpg,si,WARDLEY,"Reptiles, anfibios e invertebrados / Tortugas / Alimentos para tortugas",95,MXN,consultar_disponibilidad
127,1498,1911202507,"Alimento parakeets para aves",alimento-parakeets-para-aves,https://artiani.com.mx/producto/alimento-parakeets-para-aves,https://sys.artiani.com.mx/media/apps/ecommerce/productos/1880/1775482500.webp,si,"MUNDO MASCOTA","Aves / Alimentacion / Alimentos",85,MXN,consultar_disponibilidad
120,1499,1911202506,"Alimento parrots para aves",alimento-parrots-para-aves,https://artiani.com.mx/producto/alimento-parrots-para-aves,https://sys.artiani.com.mx/media/apps/ecommerce/productos/1881/1775482866.webp,si,"MUNDO MASCOTA","Aves / Alimentacion / Alimentos",85,MXN,consultar_disponibilidad
2679,1808,SUET-COESSKG,"Alimento pellet para mascotas 1 kg",alimento-pellet-para-mascotas-1kg,https://artiani.com.mx/producto/alimento-pellet-para-mascotas-1kg,https://sys.artiani.com.mx/uploads/erp/catalogo/productos/586/producto-586-20260919173612-4f232c78.webp,si,,"Pequenos mamiferos / Cuyo / Alimentacion / Desgaste dental",40,MXN,agotado
2419,1491,2611202508,"Alimento pellets petalos de rosas para chinchilla, cuyos y hámsters",alimento-pellets-petalos-de-rosas-para-chinchilla-cuyos-y-hamsters,https://artiani.com.mx/producto/alimento-pellets-petalos-de-rosas-para-chinchilla-cuyos-y-hamsters,https://sys.artiani.com.mx/media/apps/ecommerce/productos/1873/1775479779.webp,si,"MUNDO MASCOTA","Pequenos mamiferos / Chinchilla / Alimentacion / Alimentos",95,MXN,agotado
130,1493,110420255,"Alimento pet food para hámster",alimento-pet-food-para-hamster,https://artiani.com.mx/producto/alimento-pet-food-para-hamster,https://sys.artiani.com.mx/media/apps/ecommerce/productos/1875/1775480660.jpg,si,"MUNDO MASCOTA","Pequenos mamiferos / Hamster / Alimentacion / Alimentos",65,MXN,consultar_disponibilidad
1987,1025,Q118,"Alimento pleco sticks 160 gr",alimento-pleco-sticks-160g,https://artiani.com.mx/producto/alimento-pleco-sticks-160g,https://sys.artiani.com.mx/media/apps/ecommerce/productos/1343/1726212833.jpg,si,BIOMAA,"Acuario y peces / Alimentacion / Alimentos de acuario",,,agotado
1986,1024,Q117,"Alimento pleco sticks 80 gr",alimento-pleco-sticks-80g,https://artiani.com.mx/producto/alimento-pleco-sticks-80g,https://sys.artiani.com.mx/media/apps/ecommerce/productos/1342/1726212482.jpg,si,BIOMAA,"Acuario y peces / Alimentacion / Alimentos de acuario",,,agotado
20,509,WAT648,"Alimento premium betta 20 gr",alimento-premium-betta-20g,https://artiani.com.mx/producto/alimento-premium-betta-20g,https://sys.artiani.com.mx/media/apps/ecommerce/productos/572/1690294205.jpg,si,LOMAS,"Acuario y peces / Alimentacion / Alimentos de acuario",25,MXN,agotado
19,143,WAT646,"Alimento premium betta 8 gr",alimento-premium-betta-8g,https://artiani.com.mx/producto/alimento-premium-betta-8g,https://sys.artiani.com.mx/media/apps/ecommerce/productos/2/1668185176.png,si,LOMAS,"Acuario y peces / Alimentacion / Alimentos para betta",20,MXN,agotado
104,372,FL4005,"Alimento premium para huron 850 gr",alimento-premium-para-huron-850g,https://artiani.com.mx/producto/alimento-premium-para-huron-850g,https://sys.artiani.com.mx/media/apps/ecommerce/productos/345/1687525637.jpg,si,REDKITE,"Pequenos mamiferos / Huron / Alimentacion / Alimentos",250,MXN,consultar_disponibilidad
116,1099,FL2121,"Alimento spirulina boost 350 gr",alimento-spirulina-boost-350g,https://artiani.com.mx/producto/alimento-spirulina-boost-350g,https://sys.artiani.com.mx/media/apps/ecommerce/productos/1424/1759361837.webp,si,LOMAS,"Acuario y peces / Alimentacion / Alimentos de acuario",120,MXN,consultar_disponibilidad
117,1125,FL2120,"Alimento spirulina boost 70 gr",alimento-spirulina-boost-70g,https://artiani.com.mx/producto/alimento-spirulina-boost-70g,https://sys.artiani.com.mx/media/apps/ecommerce/productos/1469/1759356122.webp,si,LOMAS,"Acuario y peces / Alimentacion / Alimentos de acuario",35,MXN,consultar_disponibilidad
17,865,TP-11614,"Alimento tropical axolotl sticks 135g",alimento-tropical-axolotl-sticks-135g,https://artiani.com.mx/producto/alimento-tropical-axolotl-sticks-135g,https://sys.artiani.com.mx/media/apps/ecommerce/productos/1141/1712778686.jpg,si,Tropical,"Acuario y peces / Alimentacion / Alimentos de acuario",270,MXN,agotado
118,1133,TP-01153,"Alimento tropical fd brine shrimp 8 gr",alimento-tropical-fd-brine-shrimp-8g,https://artiani.com.mx/producto/alimento-tropical-fd-brine-shrimp-8g,https://sys.artiani.com.mx/media/apps/ecommerce/productos/1482/1758652284.webp,si,Tropical,"Acuario y peces / Alimentacion / Alimentos de acuario",180,MXN,consultar_disponibilidad
128,171,SFF-03,"Alimento tropical goldfish pellets flotantes 90 gr",alimento-tropical-goldfish-pellets-flotantes-90g,https://artiani.com.mx/producto/alimento-tropical-goldfish-pellets-flotantes-90g,https://sys.artiani.com.mx/media/apps/ecommerce/productos/40/1670459879.png,si,SUNNY,"Acuario y peces / Alimentacion / Alimentos de acuario",35,MXN,consultar_disponibilidad
131,162,SFF-04,"Alimento tropical granulado 90 gr",alimento-tropical-granulado-90g,https://artiani.com.mx/producto/alimento-tropical-granulado-90g,https://sys.artiani.com.mx/media/apps/ecommerce/productos/30/1671202653.jpg,si,SUNNY,"Acuario y peces / Alimentacion / Alimentos de acuario",40,MXN,consultar_disponibilidad
49,146,TP-40372,"Alimento tropical koi & goldfish basic sticks 4 kg",alimento-tropical-koi-y-goldfish-basic-sticks-4kg,https://artiani.com.mx/producto/alimento-tropical-koi-y-goldfish-basic-sticks-4kg,https://sys.artiani.com.mx/media/apps/ecommerce/productos/5/1670071869.png,si,Tropical,"Acuario y peces / Alimentacion / Alimentos de acuario",2100,MXN,consultar_disponibilidad
51,1112,TP-40352,"Alimento tropical koi & goldfish colour sticks 4 kg",alimento-tropical-koi-y-goldfish-colour-sticks-4kg,https://artiani.com.mx/producto/alimento-tropical-koi-y-goldfish-colour-sticks-4kg,https://sys.artiani.com.mx/media/apps/ecommerce/productos/1443/1759442445.webp,si,Tropical,"Acuario y peces / Alimentacion / Alimentos de acuario",1900,MXN,consultar_disponibilidad
119,1134,TP-01133,"Alimento tropical tubi cubi 10 gr",alimento-tropical-tubi-cubi-10g,https://artiani.com.mx/producto/alimento-tropical-tubi-cubi-10g,https://sys.artiani.com.mx/media/apps/ecommerce/productos/1483/1758651821.webp,si,Tropical,"Acuario y peces / Alimentacion / Alimentos de acuario",150,MXN,consultar_disponibilidad
714,153,SFF-01,"Alimento tropical turtle bites 90 gr",alimento-tropical-turtle-bites-90g,https://artiani.com.mx/producto/alimento-tropical-turtle-bites-90g,https://sys.artiani.com.mx/media/apps/ecommerce/productos/14/1689031886.jpg,si,SUNNY,"Reptiles, anfibios e invertebrados / Tortugas / Alimentos para tortugas",,,agotado
715,154,SFF-02,"Alimento tropical turtle sticks 70 gr",alimento-tropical-turtle-sticks-70g,https://artiani.com.mx/producto/alimento-tropical-turtle-sticks-70g,https://sys.artiani.com.mx/media/apps/ecommerce/productos/15/1689031178.jpg,si,SUNNY,"Reptiles, anfibios e invertebrados / Tortugas / Alimentos para tortugas",,,agotado
81,190,TP-3745,"Alimento tropifit para conejos 500 gr",alimento-tropifit-para-conejos-500g,https://artiani.com.mx/producto/alimento-tropifit-para-conejos-500g,https://sys.artiani.com.mx/media/apps/ecommerce/productos/62/1669672643.jpg,si,SUNNY,"Pequenos mamiferos / Conejo / Alimentacion / Alimentos",95,MXN,consultar_disponibilidad
82,191,TP-3742,"Alimento tropifit para cuyo 500 gr",alimento-tropifit-para-cuyo-500g,https://artiani.com.mx/producto/alimento-tropifit-para-cuyo-500g,https://sys.artiani.com.mx/media/apps/ecommerce/productos/63/1669672735.jpg,si,SUNNY,"Pequenos mamiferos / Cuyo / Alimentacion / Alimentos",95,MXN,consultar_disponibilidad
102,192,TP-3740,"Alimento tropifit para hamster 500 gr",alimento-tropifit-para-hamster-500g,https://artiani.com.mx/producto/alimento-tropifit-para-hamster-500g,https://sys.artiani.com.mx/media/apps/ecommerce/productos/64/1669672847.jpg,si,SUNNY,"Pequenos mamiferos / Hamster / Alimentacion / Alimentos",95,MXN,consultar_disponibilidad
109,1145,TP-53121,"Alimento tropifit premium guinea pig cuyo 500 gr",alimento-tropifit-premium-guinea-pig-cuyo-500g,https://artiani.com.mx/producto/alimento-tropifit-premium-guinea-pig-cuyo-500g,https://sys.artiani.com.mx/media/apps/ecommerce/productos/1494/1758050978.webp,si,TROPIFIT,"Pequenos mamiferos / Cuyo / Alimentacion / Alimentos",160,MXN,consultar_disponibilidad
64,1527,TP-53111,"Alimento tropifit premium hamster 500 gr",alimento-tropifit-premium-hamster-500g,https://artiani.com.mx/producto/alimento-tropifit-premium-hamster-500g,https://sys.artiani.com.mx/media/apps/ecommerce/productos/1910/1776959806.webp,si,TROPIFIT,"Pequenos mamiferos / Hamster / Alimentacion / Alimentos",160,MXN,consultar_disponibilidad
135,1684,TP-50422,"Alimento tropifit premium plus cavia cuyo 750 gr",alimento-tropifit-premium-plus-cavia-cuyo-750g,https://artiani.com.mx/producto/alimento-tropifit-premium-plus-cavia-cuyo-750g,https://sys.artiani.com.mx/media/apps/ecommerce/productos/571/1691073081.jpg,si,TROPIFIT,"Pequenos mamiferos / Cuyo / Alimentacion / Alimentos",280,MXN,consultar_disponibilidad
85,366,TP-50462,"Alimento tropifit premium plus chinchilla 750 gr",alimento-tropifit-premium-plus-chinchilla-750g,https://artiani.com.mx/producto/alimento-tropifit-premium-plus-chinchilla-750g,https://sys.artiani.com.mx/media/apps/ecommerce/productos/338/1691070820.jpg,si,TROPIFIT,"Pequenos mamiferos / Chinchilla / Alimentacion / Alimentos",280,MXN,consultar_disponibilidad
87,460,TP-50432,"Alimento tropifit premium plus conejo juvenil 750 gr",alimento-tropifit-premium-plus-conejo-juvenil-750g,https://artiani.com.mx/producto/alimento-tropifit-premium-plus-conejo-juvenil-750g,https://sys.artiani.com.mx/media/apps/ecommerce/productos/513/1691071599.jpg,si,SUNNY,"Pequenos mamiferos / Conejo / Alimentacion / Alimentos",280,MXN,consultar_disponibilidad
101,189,TP-50412,"Alimento tropifit premium plus hamster 750 gr",alimento-tropifit-premium-plus-hamster-750g,https://artiani.com.mx/producto/alimento-tropifit-premium-plus-hamster-750g,https://sys.artiani.com.mx/media/apps/ecommerce/productos/61/1691242924.jpg,si,TROPIFIT,"Pequenos mamiferos / Hamster / Alimentacion / Alimentos",280,MXN,consultar_disponibilidad
89,694,TP-50442,"Alimento tropifit premium plus para conejo adulto 750 gr",alimento-tropifit-premium-plus-para-conejo-adulto-750g,https://artiani.com.mx/producto/alimento-tropifit-premium-plus-para-conejo-adulto-750g,https://sys.artiani.com.mx/media/apps/ecommerce/productos/824/1701564234.jpg,si,SUNNY,"Pequenos mamiferos / Conejo / Alimentacion / Alimentos",280,MXN,consultar_disponibilidad
30,152,Q150,"Alimento vacaciones 1 pza",alimento-vacaciones-1,https://artiani.com.mx/producto/alimento-vacaciones-1,https://sys.artiani.com.mx/media/apps/ecommerce/productos/13/1670073530.png,si,BIOMAA,"Acuario y peces / Alimentacion / Alimentos de acuario",35,MXN,agotado
136,1797,ALI-GLOMDM-100P,"Alimento vivo grillo mediano 100 piezas",alimento-vivo-grillo-mediano-100,https://artiani.com.mx/producto/alimento-vivo-grillo-mediano-100,,no,,"Reptiles, anfibios e invertebrados / Reptiles generales / Alimentos para reptiles",126,MXN,consultar_disponibilidad
138,1783,ALI-GLOMDM-25P,"Alimento vivo grillo mediano 25 piezas",alimento-vivo-grillo-mediano-25,https://artiani.com.mx/producto/alimento-vivo-grillo-mediano-25,,no,,"Reptiles, anfibios e invertebrados / Reptiles generales / Alimentos para reptiles",35,MXN,consultar_disponibilidad
139,1796,ALI-GLOMDM-50P,"Alimento vivo grillo mediano 50 piezas",alimento-vivo-grillo-mediano-50,https://artiani.com.mx/producto/alimento-vivo-grillo-mediano-50,,no,,"Reptiles, anfibios e invertebrados / Reptiles generales / Alimentos para reptiles",65,MXN,consultar_disponibilidad
134,173,ALI-GLOMDM,"Alimento vivo grillo mediano por millar",alimento-vivo-grillo-mediano-por-millar-caja,https://artiani.com.mx/producto/alimento-vivo-grillo-mediano-por-millar-caja,https://sys.artiani.com.mx/media/apps/ecommerce/productos/43/1699149632.jpg,si,,"Reptiles, anfibios e invertebrados / Reptiles generales / Alimentos para reptiles",550,MXN,consultar_disponibilidad
2673,1802,ALI-ZOBA1KG,"Alimento vivo larva de zophoba (gusano rey) 1 kg",alimento-vivo-larva-de-zophoba-gusano-rey-1kg-caja,https://artiani.com.mx/producto/alimento-vivo-larva-de-zophoba-gusano-rey-1kg-caja,https://sys.artiani.com.mx/uploads/erp/catalogo/productos/1563/producto-1563-20260907073905-f8c1245d.webp,si,,"Reptiles, anfibios e invertebrados / Reptiles generales / Alimentos vivos",,,agotado
2675,1804,ALI-ZOBA1000PZ,"Alimento vivo larva de zophoba (gusano rey) millar",alimento-vivo-larva-de-zophoba-gusano-rey-millar,https://artiani.com.mx/producto/alimento-vivo-larva-de-zophoba-gusano-rey-millar,https://sys.artiani.com.mx/uploads/erp/catalogo/productos/1563/producto-1563-20260907073905-f8c1245d.webp,si,,"Reptiles, anfibios e invertebrados / Reptiles generales / Alimentos vivos",,,agotado
2674,1803,ALI-ZOBAPZ,"Alimento vivo larva de zophoba (gusano rey) pieza",alimento-vivo-larva-de-zophoba-gusano-rey,https://artiani.com.mx/producto/alimento-vivo-larva-de-zophoba-gusano-rey,https://sys.artiani.com.mx/uploads/erp/catalogo/productos/1563/producto-1563-20260907073905-f8c1245d.webp,si,,"Reptiles, anfibios e invertebrados / Reptiles generales / Alimentos vivos",,,agotado
137,700,ALI-TEBRIO1K,"Alimento vivo larva tenebrio (gusano de harina) 1 kg",alimento-vivo-larva-tenebrio-gusano-de-harina-1kg-caja,https://artiani.com.mx/producto/alimento-vivo-larva-tenebrio-gusano-de-harina-1kg-caja,https://sys.artiani.com.mx/media/apps/ecommerce/productos/833/1699142892.jpg,si,,"Aves / Alimentacion / Alimento vivo y deshidratado / Alimento vivo",890,MXN,consultar_disponibilidad
141,1800,ALI-TEBRIO1K-100P,"Alimento vivo larva tenebrio (gusano de harina) 100 pzs",alimento-vivo-larva-tenebrio-gusano-de-harina-100-pzs,https://artiani.com.mx/producto/alimento-vivo-larva-tenebrio-gusano-de-harina-100-pzs,,no,,"Aves / Alimentacion / Alimento vivo y deshidratado / Alimento vivo",80,MXN,consultar_disponibilidad
142,1801,ALI-TEBRIO1K-1000P,"Alimento vivo larva tenebrio (gusano de harina) 1000 pzs",alimento-vivo-larva-tenebrio-gusano-de-harina-1000-pzs,https://artiani.com.mx/producto/alimento-vivo-larva-tenebrio-gusano-de-harina-1000-pzs,,no,,"Aves / Alimentacion / Alimento vivo y deshidratado / Alimento vivo",280,MXN,consultar_disponibilidad
140,1798,ALI-TEBRIO1K-25P,"Alimento vivo larva tenebrio (gusano de harina) 25 pzs",alimento-vivo-larva-tenebrio-gusano-de-harina-25-pzs,https://artiani.com.mx/producto/alimento-vivo-larva-tenebrio-gusano-de-harina-25-pzs,,no,,"Aves / Alimentacion / Alimento vivo y deshidratado / Alimento vivo",30,MXN,consultar_disponibilidad
299,1799,ALI-TEBRIO1K-50P,"Alimento vivo larva tenebrio (gusano de harina) 50 pzs",alimento-vivo-larva-tenebrio-gusano-de-harina-50-pzs,https://artiani.com.mx/producto/alimento-vivo-larva-tenebrio-gusano-de-harina-50-pzs,,no,,"Aves / Alimentacion / Alimento vivo y deshidratado / Alimento vivo",50,MXN,agotado
163,1495,4112025001,"Alimento zanahoria crunch para cuyo y conejo",alimento-zanahoria-crunch-para-cuyo-y-conejo,https://artiani.com.mx/producto/alimento-zanahoria-crunch-para-cuyo-y-conejo,https://sys.artiani.com.mx/media/apps/ecommerce/productos/1877/1775481033.webp,si,"MUNDO MASCOTA","Pequenos mamiferos / Cuyo / Alimentacion / Alimentos",85,MXN,consultar_disponibilidad
251,708,Q307,"All-blue 125 ml azul de metileno",all-blue-125ml-azul-de-metileno,https://artiani.com.mx/producto/all-blue-125ml-azul-de-metileno,https://sys.artiani.com.mx/media/apps/ecommerce/productos/842/1701290076.jpg,si,BIOMAA,"Acuario y peces / Repuestos, aditamentos y accesorios / Aditamentos",65,MXN,agotado
249,603,Q306,"All-blue 45 ml azul de metileno",all-blue-45ml-azul-de-metileno,https://artiani.com.mx/producto/all-blue-45ml-azul-de-metileno,https://sys.artiani.com.mx/media/apps/ecommerce/productos/707/1712864293.jpg,si,BIOMAA,"Acuario y peces / Repuestos, aditamentos y accesorios / Aditamentos",25,MXN,agotado
2415,1487,SP-3808,"Almohadillas entrenadoras (Tapete entrenador desechable) ultra-absorbentes con 6 capas y adhesivo antiderrapante (8 pzas) 58 x 58 cm",almohadillas-entrenadoras-tapete-entrenador-desechable-ultra-absorbentes-con-6-capas-y-adhesivo-antiderrapante-8-58-x-58-cm,https://artiani.com.mx/producto/almohadillas-entrenadoras-tapete-entrenador-desechable-ultra-absorbentes-con-6-capas-y-adhesivo-antiderrapante-8-58-x-58-cm,https://sys.artiani.com.mx/media/apps/ecommerce/productos/1869/1774879042.webp,si,SUNNY,"Perros / Salud e higiene / Prevencion y cuidado",99,MXN,agotado
1835,823,10049,"Almohaza espiral chica 7 x 12cm",almohaza-espiral-chica-7-x-12cm,https://artiani.com.mx/producto/almohaza-espiral-chica-7-x-12cm,https://sys.artiani.com.mx/media/apps/ecommerce/productos/1093/1711216527.jpg,si,SEVENPET,"Perros / Salud e higiene / Prevencion y cuidado",80,MXN,agotado
192,177,FL7964,"Anillos de ceramica 450 gr",anillos-de-ceramica-450g,https://artiani.com.mx/producto/anillos-de-ceramica-450g,https://sys.artiani.com.mx/media/apps/ecommerce/productos/47/1687439468.jpg,si,LOMAS,"Acuario y peces / Repuestos, aditamentos y accesorios / Accesorios generales",170,MXN,consultar_disponibilidad
157,1167,Q202,"Anticloro clorkill 125 ml agua dulce y sal",anticloro-clorkill-125ml-agua-dulce-y-sal,https://artiani.com.mx/producto/anticloro-clorkill-125ml-agua-dulce-y-sal,https://sys.artiani.com.mx/media/apps/ecommerce/productos/1518/1757976287.webp,si,BIOMAA,"Acuario y peces / Repuestos, aditamentos y accesorios / Aditamentos",55,MXN,consultar_disponibilidad
151,606,Q201,"Anticloro clorkill 45 ml agua dulce y salada",anticloro-clorkill-45ml-agua-dulce-y-salada,https://artiani.com.mx/producto/anticloro-clorkill-45ml-agua-dulce-y-salada,https://sys.artiani.com.mx/media/apps/ecommerce/productos/713/1679857821.jpg,si,BIOMAA,"Acuario y peces / Repuestos, aditamentos y accesorios / Aditamentos",25,MXN,consultar_disponibilidad
152,607,Q203,"Anticloro clorkill 500 ml agua dulce y salada",anticloro-clorkill-500ml-agua-dulce-y-salada,https://artiani.com.mx/producto/anticloro-clorkill-500ml-agua-dulce-y-salada,https://sys.artiani.com.mx/media/apps/ecommerce/productos/714/1712862869.jpg,si,BIOMAA,"Acuario y peces / Repuestos, aditamentos y accesorios / Aditamentos",95,MXN,consultar_disponibilidad
149,600,FL11001,"Anticloro con vitamina b1 30 ml",anticloro-con-vitamina-b1-30ml,https://artiani.com.mx/producto/anticloro-con-vitamina-b1-30ml,https://sys.artiani.com.mx/media/apps/ecommerce/productos/704/1679856686.jpg,si,LOMAS,"Acuario y peces / Repuestos, aditamentos y accesorios / Aditamentos",25,MXN,consultar_disponibilidad
747,315,SH-230150,"Apolo transportadora premium",apolo-transportadora-premium,https://artiani.com.mx/producto/apolo-transportadora-premium,https://sys.artiani.com.mx/media/apps/ecommerce/productos/250/1694029931.jpg,si,"SAKURA PETTO",,,,agotado
2083,1130,4062,"Aqua pack (glin) acuario 50 x 21 x 50 cm 42 L",aqua-pack-glin-acuario-50-x-21-x-50-cm-42l,https://artiani.com.mx/producto/aqua-pack-glin-acuario-50-x-21-x-50-cm-42l,https://sys.artiani.com.mx/uploads/erp/catalogo/productos/1034/producto-1034-20261007084201-1b2d9c32.webp,si,"AQUA KRIL","Acuario y peces / Peceras, acuarios y muebles / Acuarios",2000,MXN,agotado
1989,1029,4063,"Aqua pack acuario equipado 60 x 23 x 61 cm 70 litros",aqua-pack-acuario-equipado-60-x-23-x-61-cm-70l,https://artiani.com.mx/producto/aqua-pack-acuario-equipado-60-x-23-x-61-cm-70l,https://sys.artiani.com.mx/uploads/erp/catalogo/productos/933/producto-933-20261007084352-fae8b5c0.webp,si,"AQUA KRIL","Acuario y peces / Peceras, acuarios y muebles / Acuarios",3500,MXN,agotado
2048,1095,4064,"Aqua pack acuario equipado 80 x 27 x 61 cm 110 litros",aqua-pack-acuario-equipado-80-x-27-x-61-cm-110l,https://artiani.com.mx/producto/aqua-pack-acuario-equipado-80-x-27-x-61-cm-110l,https://sys.artiani.com.mx/uploads/erp/catalogo/productos/999/producto-999-20261007085515-fcb16287.webp,si,"AQUA KRIL","Acuario y peces / Peceras, acuarios y muebles / Acuarios",4800,MXN,agotado
150,601,FL1124,"Aquari-sol 30 ml",aquari-sol-30ml,https://artiani.com.mx/producto/aquari-sol-30ml,https://sys.artiani.com.mx/media/apps/ecommerce/productos/705/1712864748.jpg,si,LOMAS,"Acuario y peces / Repuestos, aditamentos y accesorios / Aditamentos",25,MXN,consultar_disponibilidad
155,846,FL3933,"Arena para gato (fan) 3 kg",arena-para-gato-fan-3kg,https://artiani.com.mx/producto/arena-para-gato-fan-3kg,https://sys.artiani.com.mx/media/apps/ecommerce/productos/1120/1712089369.jpg,si,"FANCY PETS","Gatos / Salud e higiene / Control de olores y arenas",80,MXN,consultar_disponibilidad
154,845,FL4120,"Arena para gato (fan) 7.5 kg",arena-para-gato-fan-7-5kg,https://artiani.com.mx/producto/arena-para-gato-fan-7-5kg,https://sys.artiani.com.mx/media/apps/ecommerce/productos/1119/1712065159.jpg,si,"FANCY PETS","Gatos / Salud e higiene / Control de olores y arenas",180,MXN,consultar_disponibilidad
162,1437,FL9052,"Arena para gato soluble en agua costal de 4kg",arena-para-gato-soluble-en-agua-costal-de-4kg,https://artiani.com.mx/producto/arena-para-gato-soluble-en-agua-costal-de-4kg,https://sys.artiani.com.mx/media/apps/ecommerce/productos/1818/1772884081.webp,si,"FANCY PETS","Gatos / Salud e higiene / Control de olores y arenas",350,MXN,consultar_disponibilidad
143,201,G501,"Arena para gatos 3 kg",arena-para-gatos-3kg,https://artiani.com.mx/producto/arena-para-gatos-3kg,https://sys.artiani.com.mx/media/apps/ecommerce/productos/76/1674757335.jpg,si,BIOMAA,"Gatos / Salud e higiene / Control de olores y arenas",65,MXN,consultar_disponibilidad
1895,897,SP-3662,"Arena para gatos aroma lavanda (3kg) bentonita super aglutinante y 99% libre de polvo",arena-para-gatos-aroma-lavanda-3kg-bentonita-super-aglutinante-y-99-libre-de-polvo,https://artiani.com.mx/producto/arena-para-gatos-aroma-lavanda-3kg-bentonita-super-aglutinante-y-99-libre-de-polvo,https://sys.artiani.com.mx/media/apps/ecommerce/productos/1177/1713032302.jpg,si,SUNNY,"Gatos / Salud e higiene / Control de olores y arenas",95,MXN,agotado
4328,1908,SP-3739,"Arena para gatos aroma lavanda (bolsa 20kg) bentonita super aglutinante y 99% libre de polvo",arena-para-gatos-aroma-lavanda-bolsa-20kg-bentonita-super-aglutinante-y-99-libre-de-polvo,https://artiani.com.mx/producto/arena-para-gatos-aroma-lavanda-bolsa-20kg-bentonita-super-aglutinante-y-99-libre-de-polvo,https://sys.artiani.com.mx/uploads/erp/catalogo/productos/1624/producto-1624-20260907071326-a1ecf5b9.webp,si,SUNNY,"Gatos / Salud e higiene / Control de olores y arenas",,,agotado
161,1436,SP-3737,"Arena para gatos aroma limo 20 kg bentonita super aglutinante y 99% libre de polvo",arena-para-gatos-aroma-limo-20kg-bentonita-super-aglutinante-y-99-libre-de-polvo,https://artiani.com.mx/producto/arena-para-gatos-aroma-limo-20kg-bentonita-super-aglutinante-y-99-libre-de-polvo,https://sys.artiani.com.mx/media/apps/ecommerce/productos/1816/1772883415.webp,si,SUNNY,"Gatos / Salud e higiene / Control de olores y arenas",550,MXN,consultar_disponibilidad
1893,895,SP-3663,"Arena para gatos aroma limon (3kg) bentonita super aglutinante y 99% libre de polvo",arena-para-gatos-aroma-limon-3kg-bentonita-super-aglutinante-y-99-libre-de-polvo,https://artiani.com.mx/producto/arena-para-gatos-aroma-limon-3kg-bentonita-super-aglutinante-y-99-libre-de-polvo,https://sys.artiani.com.mx/media/apps/ecommerce/productos/1175/1713031637.jpg,si,SUNNY,"Gatos / Salud e higiene / Control de olores y arenas",90,MXN,agotado
159,1434,SP-3665,"Arena para gatos con aroma lavanda aglutinante 5 kg",arena-para-gatos-con-aroma-lavanda-aglutinante-5kg,https://artiani.com.mx/producto/arena-para-gatos-con-aroma-lavanda-aglutinante-5kg,https://sys.artiani.com.mx/media/apps/ecommerce/productos/1813/1772808913.webp,si,SUNNY,"Gatos / Salud e higiene / Control de olores y arenas",125,MXN,consultar_disponibilidad
160,1435,SP-3664,"Arena para gatos pawffy sin aroma 5 kg",arena-para-gatos-pawffy-sin-aroma-5kg,https://artiani.com.mx/producto/arena-para-gatos-pawffy-sin-aroma-5kg,https://sys.artiani.com.mx/media/apps/ecommerce/productos/1814/1772809016.webp,si,SUNNY,"Gatos / Salud e higiene / Control de olores y arenas",95,MXN,consultar_disponibilidad
156,896,SP-3661,"Arena para gatos sin aroma (3kg) bentonita super aglutinante y 99% libre de polvo",arena-para-gatos-sin-aroma-3kg-bentonita-super-aglutinante-y-99-libre-de-polvo,https://artiani.com.mx/producto/arena-para-gatos-sin-aroma-3kg-bentonita-super-aglutinante-y-99-libre-de-polvo,https://sys.artiani.com.mx/media/apps/ecommerce/productos/1176/1713032116.jpg,si,SUNNY,"Gatos / Salud e higiene / Control de olores y arenas",90,MXN,consultar_disponibilidad
4329,1909,SP-3738,"Arena para gatos sin aroma (bolsa 20kg) bentonita super aglutinante y 99% libre de polvo",arena-para-gatos-sin-aroma-bolsa-20kg-bentonita-super-aglutinante-y-99-libre-de-polvo,https://artiani.com.mx/producto/arena-para-gatos-sin-aroma-bolsa-20kg-bentonita-super-aglutinante-y-99-libre-de-polvo,https://sys.artiani.com.mx/uploads/erp/catalogo/productos/1625/producto-1625-20260907071127-023537f5.webp,si,SUNNY,"Gatos / Salud e higiene / Control de olores y arenas",,,agotado
148,336,"arena silica","Arena silice blanca por costal",arena-silice-blanca-por-costal,https://artiani.com.mx/producto/arena-silice-blanca-por-costal,https://sys.artiani.com.mx/media/apps/ecommerce/productos/292/1708372919.jpg,si,,"Acuario y peces / Decoracion y ambientacion / Sustratos, gravas y arenas",250,MXN,consultar_disponibilidad
2560,1650,SH-230133-RA,"Arenero aqua",arenero-aqua,https://artiani.com.mx/producto/arenero-aqua,https://sys.artiani.com.mx/media/apps/ecommerce/productos/613/1692797027.jpg,si,"SAKURA PETTO","Gatos / Salud e higiene / Areneros",,,agotado
2561,1651,SH-230133-VE,"Arenero aqua verde",arenero-aqua-verde,https://artiani.com.mx/producto/arenero-aqua-verde,https://sys.artiani.com.mx/media/apps/ecommerce/productos/613/1692797027.jpg,si,"SAKURA PETTO","Gatos / Salud e higiene / Areneros",,,agotado
242,106,7666,"Arenero basic 37 x 28 x 16 cm",arenero-basic-37-x-28-x-16-cm,https://artiani.com.mx/producto/arenero-basic-37-x-28-x-16-cm,https://sys.artiani.com.mx/media/apps/ecommerce/productos/89/1670030217.png,si,SEVENPET,"Gatos / Salud e higiene / Areneros",150,MXN,agotado
245,129,ARO-43,"Arenero blak azul",arenero-blak-azul,https://artiani.com.mx/producto/arenero-blak-azul,https://sys.artiani.com.mx/media/apps/ecommerce/productos/1479/1765372428.webp,si,,"Gatos / Salud e higiene / Areneros",,,agotado
246,130,ARO-43MO,"Arenero blak morado",arenero-blak-morado,https://artiani.com.mx/producto/arenero-blak-morado,https://sys.artiani.com.mx/media/apps/ecommerce/productos/1480/1765372407.webp,si,,"Gatos / Salud e higiene / Areneros",,,agotado
240,104,7672,"Arenero café con pala 37 x 28 x 16 cm",arenero-cafe-con-pala-37-x-28-x-16-cm,https://artiani.com.mx/producto/arenero-cafe-con-pala-37-x-28-x-16-cm,https://sys.artiani.com.mx/media/apps/ecommerce/productos/90/1718305643.jpg,si,SEVENPET,"Gatos / Salud e higiene / Areneros",150,MXN,agotado
704,111,98681,"Arenero cathy",arenero-cathy,https://artiani.com.mx/producto/arenero-cathy,https://sys.artiani.com.mx/media/apps/ecommerce/productos/1040/1705089591.jpg,si,Stefanplast,"Gatos / Salud e higiene / Areneros",,,agotado
2544,1634,98686,"Arenero cathy easy clean",arenero-cathy-easy-clean,https://artiani.com.mx/producto/arenero-cathy-easy-clean,https://sys.artiani.com.mx/media/apps/ecommerce/productos/1039/1705088433.jpg,si,,"Gatos / Salud e higiene / Areneros",,,agotado
2543,1633,98649,"Arenero cathy easy clean azul",arenero-cathy-easy-clean-azul,https://artiani.com.mx/producto/arenero-cathy-easy-clean-azul,https://sys.artiani.com.mx/media/apps/ecommerce/productos/1039/1705088433.jpg,si,,"Gatos / Salud e higiene / Areneros",,,agotado
705,112,98675,"Arenero cathy linea ecológica gris",arenero-cathy-linea-ecologica-gris,https://artiani.com.mx/producto/arenero-cathy-linea-ecologica-gris,https://sys.artiani.com.mx/media/apps/ecommerce/productos/1041/1705090245.jpg,si,Stefanplast,"Gatos / Salud e higiene / Areneros",,,agotado
724,204,ARO-05,"Arenero charola negra grande",arenero-charola-negra-grande,https://artiani.com.mx/producto/arenero-charola-negra-grande,https://sys.artiani.com.mx/media/apps/ecommerce/productos/80/1688385077.jpg,si,,"Gatos / Salud e higiene / Areneros",,,agotado
2556,1646,MP080403,"Arenero chico con marco",arenero-chico-con-marco,https://artiani.com.mx/producto/arenero-chico-con-marco,https://sys.artiani.com.mx/media/apps/ecommerce/productos/103/1690292853.jpg,si,LOMAS,"Gatos / Salud e higiene / Areneros",290,MXN,agotado
2510,1586,MP070801,"Arenero chico con tapa",arenero-chico-con-tapa,https://artiani.com.mx/producto/arenero-chico-con-tapa,https://sys.artiani.com.mx/media/apps/ecommerce/productos/87/1671194224.jpg,si,MPS,"Gatos / Salud e higiene / Areneros",580,MXN,agotado
252,740,7687,"Arenero clean cat con pala 48 x 38 x 18.5 cm",arenero-clean-cat-con-pala-48-x-38-x-18-5-cm,https://artiani.com.mx/producto/arenero-clean-cat-con-pala-48-x-38-x-18-5-cm,https://sys.artiani.com.mx/media/apps/ecommerce/productos/894/1718307226.jpg,si,SEVENPET,"Gatos / Salud e higiene / Areneros",350,MXN,agotado
146,212,10170,"Arenero con pala 50 x 41 x 39 cm",arenero-con-pala-50-x-41-x-39-cm,https://artiani.com.mx/producto/arenero-con-pala-50-x-41-x-39-cm,https://sys.artiani.com.mx/media/apps/ecommerce/productos/99/1690380633.jpg,si,SEVENPET,"Gatos / Salud e higiene / Areneros",590,MXN,consultar_disponibilidad
70,1648,SCA-601,"Arenero con rejilla para limpieza de patas de gato 51.3 x 39 x 24.3 cm",arenero-con-rejilla-para-limpieza-de-patas-de-gato-51-3-x-39-x-24-3-cm,https://artiani.com.mx/producto/arenero-con-rejilla-para-limpieza-de-patas-de-gato-51-3-x-39-x-24-3-cm,https://sys.artiani.com.mx/media/apps/ecommerce/productos/96/1669673171.png,si,SUNNY,"Gatos / Salud e higiene / Areneros",499,MXN,consultar_disponibilidad
147,308,8003507966253,"Arenero cornic",arenero-cornic,https://artiani.com.mx/producto/arenero-cornic,https://sys.artiani.com.mx/media/apps/ecommerce/productos/231/1725681930.jpg,si,Stefanplast,"Gatos / Salud e higiene / Areneros",,,agotado
239,103,7684,"Arenero deluxe II azul con pala 47 x 39 x 18.5 cm",arenero-deluxe-ii-azul-con-pala-47-x-39-x-18-5-cm,https://artiani.com.mx/producto/arenero-deluxe-ii-azul-con-pala-47-x-39-x-18-5-cm,https://sys.artiani.com.mx/media/apps/ecommerce/productos/83/1718300607.jpg,si,SEVENPET,"Gatos / Salud e higiene / Areneros",,,agotado
492,102,7681,"Arenero deluxe II rosa con pala 47 x 39 x 18.5 cm",arenero-deluxe-ii-rosa-con-pala-47-x-39-x-18-5-cm,https://artiani.com.mx/producto/arenero-deluxe-ii-rosa-con-pala-47-x-39-x-18-5-cm,https://sys.artiani.com.mx/media/apps/ecommerce/productos/86/1670026789.png,si,SEVENPET,"Gatos / Salud e higiene / Areneros",,,agotado
1766,737,SH-2217,"Arenero Dublín",arenero-dublin,https://artiani.com.mx/producto/arenero-dublin,https://sys.artiani.com.mx/media/apps/ecommerce/productos/890/1699394341.jpg,si,"SAKURA PETTO","Gatos / Salud e higiene / Areneros",,,agotado
73,1661,FL9077-AL,"Arenero eston azul",arenero-eston-azul,https://artiani.com.mx/producto/arenero-eston-azul,https://sys.artiani.com.mx/media/apps/ecommerce/productos/1477/1765371757.webp,si,"FANCY PETS","Gatos / Salud e higiene / Areneros",400,MXN,consultar_disponibilidad
158,1279,ARO-42G,"Arenero eston gris",arenero-eston-gris,https://artiani.com.mx/producto/arenero-eston-gris,https://sys.artiani.com.mx/media/apps/ecommerce/productos/1648/1765371933.webp,si,,"Gatos / Salud e higiene / Areneros",,,agotado
72,1660,FL9077,"Arenero eston rosa",arenero-eston-rosa,https://artiani.com.mx/producto/arenero-eston-rosa,https://sys.artiani.com.mx/media/apps/ecommerce/productos/1476/1765371708.webp,si,"FANCY PETS","Gatos / Salud e higiene / Areneros",400,MXN,consultar_disponibilidad
74,1662,FL9077-VE,"Arenero eston verde",arenero-eston-verde,https://artiani.com.mx/producto/arenero-eston-verde,https://sys.artiani.com.mx/media/apps/ecommerce/productos/1478/1765371791.webp,si,"FANCY PETS","Gatos / Salud e higiene / Areneros",400,MXN,consultar_disponibilidad
2565,1659,SH-230718-VE,"Arenero frida amarilloverde",arenero-frida-amarilloverde,https://artiani.com.mx/producto/arenero-frida-amarilloverde,https://sys.artiani.com.mx/media/apps/ecommerce/productos/893/1699399786.jpg,si,,"Gatos / Salud e higiene / Areneros",,,agotado
2564,1658,SH-230718-BO,"Arenero frida azul blanco",arenero-frida-azul-blanco,https://artiani.com.mx/producto/arenero-frida-azul-blanco,https://sys.artiani.com.mx/media/apps/ecommerce/productos/893/1699399786.jpg,si,,"Gatos / Salud e higiene / Areneros",,,agotado
2577,1686,SH-230718-GS,"Arenero frida grisrosa",arenero-frida-grisrosa,https://artiani.com.mx/producto/arenero-frida-grisrosa,https://sys.artiani.com.mx/media/apps/ecommerce/productos/893/1699399786.jpg,si,,"Gatos / Salud e higiene / Areneros",,,agotado
2562,1656,800350797763,"Arenero furba triple",arenero-furba-triple,https://artiani.com.mx/producto/arenero-furba-triple,https://sys.artiani.com.mx/media/apps/ecommerce/productos/886/1699383513.jpg,si,Stefanplast,"Gatos / Salud e higiene / Areneros",,,agotado
2563,1657,800350797764,"Arenero furba triple verde",arenero-furba-triple-verde,https://artiani.com.mx/producto/arenero-furba-triple-verde,https://sys.artiani.com.mx/media/apps/ecommerce/productos/886/1699383513.jpg,si,Stefanplast,"Gatos / Salud e higiene / Areneros",,,agotado
1825,809,98006,"Arenero furfa triple grande",arenero-furfa-triple-grande,https://artiani.com.mx/producto/arenero-furfa-triple-grande,https://sys.artiani.com.mx/media/apps/ecommerce/productos/1052/1706741980.jpg,si,Stefanplast,"Gatos / Salud e higiene / Areneros",,,agotado
1728,685,MP080404,"Arenero grande con marco",arenero-grande-con-marco,https://artiani.com.mx/producto/arenero-grande-con-marco,https://sys.artiani.com.mx/media/apps/ecommerce/productos/814/1692727350.jpg,si,,"Gatos / Salud e higiene / Areneros",390,MXN,agotado
153,799,MP071102,"Arenero grande con tapa y puerta abatible (colosal)",arenero-grande-con-tapa-y-puerta-abatible-colosal,https://artiani.com.mx/producto/arenero-grande-con-tapa-y-puerta-abatible-colosal,https://sys.artiani.com.mx/media/apps/ecommerce/productos/1042/1705091150.jpg,si,MPS,"Gatos / Salud e higiene / Areneros",1450,MXN,consultar_disponibilidad
1815,798,98708,"Arenero inteligente cathy azul",arenero-inteligente-cathy-azul,https://artiani.com.mx/producto/arenero-inteligente-cathy-azul,https://sys.artiani.com.mx/media/apps/ecommerce/productos/1038/1705087440.jpg,si,Stefanplast,"Gatos / Salud e higiene / Areneros",,,agotado
499,109,19120,"Arenero italiano cafe",arenero-italiano-cafe,https://artiani.com.mx/producto/arenero-italiano-cafe,https://sys.artiani.com.mx/media/apps/ecommerce/productos/78/1688386109.jpg,si,SUNNY,"Gatos / Salud e higiene / Areneros",,,agotado
500,110,19121,"Arenero italiano gris",arenero-italiano-gris,https://artiani.com.mx/producto/arenero-italiano-gris,https://sys.artiani.com.mx/media/apps/ecommerce/productos/95/1670028151.png,si,SUNNY,"Gatos / Salud e higiene / Areneros",750,MXN,agotado
1625,546,SH-230407,"Arenero lucah",arenero-lucah,https://artiani.com.mx/producto/arenero-lucah,https://sys.artiani.com.mx/media/apps/ecommerce/productos/616/1721970749.jpg,si,"SAKURA PETTO","Gatos / Salud e higiene / Areneros",,,agotado
243,107,7678,"Arenero naranja con pala 37 x 28 x 16 cm",arenero-naranja-con-pala-37-x-28-x-16-cm,https://artiani.com.mx/producto/arenero-naranja-con-pala-37-x-28-x-16-cm,https://sys.artiani.com.mx/media/apps/ecommerce/productos/91/1670029424.png,si,SEVENPET,"Gatos / Salud e higiene / Areneros",150,MXN,agotado
1967,1003,SH230720,"Arenero petit chico azul",arenero-petit-chico-azul,https://artiani.com.mx/producto/arenero-petit-chico-azul,https://sys.artiani.com.mx/media/apps/ecommerce/productos/1319/1721977134.jpg,si,,"Gatos / Salud e higiene / Areneros",,,agotado
1966,1002,SH230722,"Arenero petit chico rosa",arenero-petit-chico-rosa,https://artiani.com.mx/producto/arenero-petit-chico-rosa,https://sys.artiani.com.mx/media/apps/ecommerce/productos/1318/1721976580.jpg,si,,"Gatos / Salud e higiene / Areneros",,,agotado
1730,687,1515,"Arenero plus azul",arenero-plus-azul,https://artiani.com.mx/producto/arenero-plus-azul,https://sys.artiani.com.mx/media/apps/ecommerce/productos/816/1671196386.jpg,si,"PECES Y MA","Gatos / Salud e higiene / Areneros",580,MXN,agotado
2557,1647,MP080403-RO,"Arenero plus chico rojo",arenero-plus-chico-rojo,https://artiani.com.mx/producto/arenero-plus-chico-rojo,https://sys.artiani.com.mx/media/apps/ecommerce/productos/103/1690292853.jpg,si,LOMAS,"Gatos / Salud e higiene / Areneros",290,MXN,agotado
244,108,7669,"Arenero rosa con pala 37 x 28 x 16 cm",arenero-rosa-con-pala-37-x-28-x-16-cm,https://artiani.com.mx/producto/arenero-rosa-con-pala-37-x-28-x-16-cm,https://sys.artiani.com.mx/media/apps/ecommerce/productos/92/1721971025.jpg,si,SEVENPET,"Gatos / Salud e higiene / Areneros",150,MXN,agotado
1767,739,SH-230122,"Arenero sity",arenero-sity,https://artiani.com.mx/producto/arenero-sity,https://sys.artiani.com.mx/media/apps/ecommerce/productos/892/1699398768.jpg,si,"SAKURA PETTO","Gatos / Salud e higiene / Areneros",,,agotado
1731,688,1519,"Arenero space azul",arenero-space-azul,https://artiani.com.mx/producto/arenero-space-azul,https://sys.artiani.com.mx/media/apps/ecommerce/productos/817/1671197336.jpg,si,SEVENPET,"Gatos / Salud e higiene / Areneros",,,agotado
1813,796,96587,"Arenero sprint 10 green line",arenero-sprint-10-green-line,https://artiani.com.mx/producto/arenero-sprint-10-green-line,https://sys.artiani.com.mx/media/apps/ecommerce/productos/1036/1705085517.jpg,si,Stefanplast,"Gatos / Salud e higiene / Areneros",,,agotado
1814,797,96593,"Arenero sprint 20 linea ecológica",arenero-sprint-20-linea-ecologica,https://artiani.com.mx/producto/arenero-sprint-20-linea-ecologica,https://sys.artiani.com.mx/media/apps/ecommerce/productos/1037/1705085990.jpg,si,Stefanplast,"Gatos / Salud e higiene / Areneros",,,agotado
2512,1588,MP070801-AL,"Arenero tapado azul",arenero-tapado-azul,https://artiani.com.mx/producto/arenero-tapado-azul,https://sys.artiani.com.mx/media/apps/ecommerce/productos/987/1700959076.jpg,si,MPS,"Gatos / Salud e higiene / Areneros",580,MXN,agotado
2511,1587,MP070801-RO,"Arenero tapado roja",arenero-tapado-roja,https://artiani.com.mx/producto/arenero-tapado-roja,https://sys.artiani.com.mx/media/apps/ecommerce/productos/986/1700958922.jpg,si,MPS,"Gatos / Salud e higiene / Areneros",580,MXN,agotado
2554,1644,GPARENM-VE,"Arenero tina",arenero-tina,https://artiani.com.mx/producto/arenero-tina,https://sys.artiani.com.mx/media/apps/ecommerce/productos/81/1670013203.png,si,,"Gatos / Salud e higiene / Areneros",,,agotado
71,1649,SCA-601-AL,"Arenero tina anti derrame de arena azul",arenero-tina-anti-derrame-de-arena-azul,https://artiani.com.mx/producto/arenero-tina-anti-derrame-de-arena-azul,https://sys.artiani.com.mx/media/apps/ecommerce/productos/1316/1721971613.jpg,si,SUNNY,"Gatos / Salud e higiene / Areneros",499,MXN,consultar_disponibilidad
2555,1645,GPARENM-GS,"Arenero tina gris",arenero-tina-gris,https://artiani.com.mx/producto/arenero-tina-gris,https://sys.artiani.com.mx/media/apps/ecommerce/productos/81/1670013203.png,si,,"Gatos / Salud e higiene / Areneros",,,agotado
145,210,SCA-501,"Arenero toilet deluxe economico de puerta abatible 55 x 44 x 43 cm",arenero-toilet-deluxe-economico-de-puerta-abatible-55-x-44-x-43-cm,https://artiani.com.mx/producto/arenero-toilet-deluxe-economico-de-puerta-abatible-55-x-44-x-43-cm,https://sys.artiani.com.mx/media/apps/ecommerce/productos/97/1669673306.png,si,SUNNY,"Gatos / Salud e higiene / Areneros",680,MXN,consultar_disponibilidad
241,105,7675,"Arenero verde con pala 37 x 28 x 16 cm",arenero-verde-con-pala-37-x-28-x-16-cm,https://artiani.com.mx/producto/arenero-verde-con-pala-37-x-28-x-16-cm,https://sys.artiani.com.mx/media/apps/ecommerce/productos/88/1721978467.jpg,si,SEVENPET,"Gatos / Salud e higiene / Areneros",150,MXN,agotado
743,299,TX40711,"Arnes extra chico de malla",arnes-extra-chico-de-malla,https://artiani.com.mx/producto/arnes-extra-chico-de-malla,https://sys.artiani.com.mx/media/apps/ecommerce/productos/220/1712016562.jpg,si,"FANCY PETS","Gatos / Transporte, paseo y entrenamiento / Paseo y sujecion",,,agotado
1795,776,FL9543,"Arnes grande azul berrydog para mascota",arnes-grande-azul-berrydog-para-mascota,https://artiani.com.mx/producto/arnes-grande-azul-berrydog-para-mascota,https://sys.artiani.com.mx/media/apps/ecommerce/productos/999/1701285715.jpg,si,"FANCY PETS","Gatos / Transporte, paseo y entrenamiento / Paseo y sujecion",150,MXN,agotado
1794,775,FL9546,"Arnes grande rojo berrydog para mascota",arnes-grande-rojo-berrydog-para-mascota,https://artiani.com.mx/producto/arnes-grande-rojo-berrydog-para-mascota,https://sys.artiani.com.mx/media/apps/ecommerce/productos/998/1701285394.jpeg,si,"FANCY PETS","Gatos / Transporte, paseo y entrenamiento / Paseo y sujecion",150,MXN,agotado
2697,1826,PDM,"Arpilla piedra de mar",arpilla-piedra-de-mar,https://artiani.com.mx/producto/arpilla-piedra-de-mar,https://sys.artiani.com.mx/uploads/erp/catalogo/productos/1574/producto-1574-20260827123653-59c34b73.webp,si,,"Acuario y peces / Decoracion y ambientacion / Decoracion para peces",,,agotado
2699,1828,ARSAGU-ARIN,"Artemia instantanea",artemia-instantanea,https://artiani.com.mx/producto/artemia-instantanea,https://sys.artiani.com.mx/uploads/erp/catalogo/productos/1576/producto-1576-20260828120708-dbe4e410.webp,si,,"Acuario y peces / Alimentacion / Alimentos de acuario",,,agotado
1667,598,NA110,"Atrayente para cachorros fancy pets 500 ml",atrayente-para-cachorros-fancy-pets-500ml,https://artiani.com.mx/producto/atrayente-para-cachorros-fancy-pets-500ml,https://sys.artiani.com.mx/media/apps/ecommerce/productos/701/1706731659.jpg,si,"FANCY PETS","Perros / Salud e higiene / Prevencion y cuidado",110,MXN,agotado
248,602,FL11002,"Azul de metileno 30 ml",azul-de-metileno-30ml,https://artiani.com.mx/producto/azul-de-metileno-30ml,https://sys.artiani.com.mx/media/apps/ecommerce/productos/706/1679858597.jpg,si,LOMAS,"Acuario y peces / Repuestos, aditamentos y accesorios / Aditamentos",25,MXN,agotado
247,448,FL1102M,"Azul de metileno 60 ml",azul-de-metileno-60ml,https://artiani.com.mx/producto/azul-de-metileno-60ml,https://sys.artiani.com.mx/media/apps/ecommerce/productos/463/1701289609.jpg,si,LOMAS,"Acuario y peces / Repuestos, aditamentos y accesorios / Aditamentos",35,MXN,agotado
190,165,FCBACMI,"Bacteria 20 ml",bacteria-20ml,https://artiani.com.mx/producto/bacteria-20ml,https://sys.artiani.com.mx/media/apps/ecommerce/productos/33/1712868147.jpg,si,"Fish & coral","Acuario y peces / Repuestos, aditamentos y accesorios / Aditamentos",35,MXN,consultar_disponibilidad
1674,605,FCCICL-030,"Bacteria co 30ml",bacteria-co-30ml,https://artiani.com.mx/producto/bacteria-co-30ml,https://sys.artiani.com.mx/media/apps/ecommerce/productos/709/1701295728.jpg,si,"Fish & coral","Acuario y peces / Repuestos, aditamentos y accesorios / Aditamentos",55,MXN,agotado
1632,554,FCCICL-120,"Bacteria co grande 120 ml",bacteria-co-grande-120ml,https://artiani.com.mx/producto/bacteria-co-grande-120ml,https://sys.artiani.com.mx/media/apps/ecommerce/productos/631/1701471621.jpg,si,"Fish & coral","Acuario y peces / Repuestos, aditamentos y accesorios / Aditamentos",145,MXN,agotado
1673,604,FCCICL-060,"Bacteria co mediana 60ml",bacteria-co-mediana-60ml,https://artiani.com.mx/producto/bacteria-co-mediana-60ml,https://sys.artiani.com.mx/media/apps/ecommerce/productos/708/1701296149.jpg,si,"Fish & coral","Acuario y peces / Repuestos, aditamentos y accesorios / Aditamentos",100,MXN,agotado
236,314,SH-230730,"Bahia comedero y bebedero doble",bahia-comedero-y-bebedero-doble,https://artiani.com.mx/producto/bahia-comedero-y-bebedero-doble,https://sys.artiani.com.mx/media/apps/ecommerce/productos/249/1708983135.jpg,si,"SAKURA PETTO","Gatos / Alimentacion / Comederos y bebederos",,,agotado
763,367,SH-220314,"Balmori contenedor de alimento",balmori-contenedor-de-alimento,https://artiani.com.mx/producto/balmori-contenedor-de-alimento,https://sys.artiani.com.mx/media/apps/ecommerce/productos/339/1696636907.jpg,si,"SAKURA PETTO","Perros / Accesorios generales",,,agotado
2573,1673,RJ120-VE,"Bañera casa para hámster verde",banera-casa-para-hamster-verde,https://artiani.com.mx/producto/banera-casa-para-hamster-verde,https://sys.artiani.com.mx/media/apps/ecommerce/productos/784/1700610887.jpg,si,CAGELAND,"Pequenos mamiferos / Hamster / Accesorios y aditamentos",95,MXN,agotado
257,1258,FL8898,"Bañera para chinchilla con puerta",banera-para-chinchilla-con-puerta,https://artiani.com.mx/producto/banera-para-chinchilla-con-puerta,https://sys.artiani.com.mx/media/apps/ecommerce/productos/1622/1762176597.webp,si,REDKITE,"Pequenos mamiferos / Chinchilla / Salud e higiene / Sustratos",390,MXN,agotado
1914,918,1717107,"Baño esquinero grande",bano-esquinero-grande,https://artiani.com.mx/producto/bano-esquinero-grande,https://sys.artiani.com.mx/media/apps/ecommerce/productos/1202/1713566207.jpg,si,,"Pequenos mamiferos / Accesorios generales",,,agotado
273,1635,RJ125,"Baño para conejo 28 x 22 x 16 cm",bano-para-conejo-28-x-22-x-16-cm,https://artiani.com.mx/producto/bano-para-conejo-28-x-22-x-16-cm,https://sys.artiani.com.mx/media/apps/ecommerce/productos/461/1700611771.jpg,si,"HOBBY PET","Pequenos mamiferos / Accesorios generales",250,MXN,agotado
188,126,RJ121,"Baño para conejos esquina 24 x 18 x 11 cm",bano-para-conejos-esquina-24-x-18-x-11-cm,https://artiani.com.mx/producto/bano-para-conejos-esquina-24-x-18-x-11-cm,https://sys.artiani.com.mx/media/apps/ecommerce/productos/1410/1732890018.JPG,si,"HOBBY PET","Pequenos mamiferos / Accesorios generales",185,MXN,consultar_disponibilidad
2572,1672,RJ120,"Baño para hamster 13 x 9 x 9 cm",bano-para-hamster-13-x-9-x-9-cm,https://artiani.com.mx/producto/bano-para-hamster-13-x-9-x-9-cm,https://sys.artiani.com.mx/media/apps/ecommerce/productos/784/1700610887.jpg,si,CAGELAND,"Pequenos mamiferos / Hamster / Accesorios y aditamentos",95,MXN,agotado
1656,586,FL4036,"Barrita de mijo para aves 1 pz",barrita-de-mijo-para-aves-1,https://artiani.com.mx/producto/barrita-de-mijo-para-aves-1,https://sys.artiani.com.mx/media/apps/ecommerce/productos/685/1690290299.jpg,si,REDKITE,"Aves / Alimentacion / Alimento vivo y deshidratado / Alimento deshidratado",,,agotado
742,290,FL4032,"Barrita de semillas para canarios y finches 2 pz",barrita-de-semillas-para-canarios-y-finches-2,https://artiani.com.mx/producto/barrita-de-semillas-para-canarios-y-finches-2,https://sys.artiani.com.mx/media/apps/ecommerce/productos/207/1689255367.jpg,si,REDKITE,"Aves / Alimentacion / Premios y snacks",,,agotado
738,283,FL4031,"Barrita de semillas para loritos y ninfas 2 pz",barrita-de-semillas-para-loritos-y-ninfas-2,https://artiani.com.mx/producto/barrita-de-semillas-para-loritos-y-ninfas-2,https://sys.artiani.com.mx/media/apps/ecommerce/productos/194/1689256861.jpg,si,REDKITE,"Aves / Alimentacion / Premios y snacks",,,agotado
2578,1688,FL4033,"Barrita de semillas para loros y cacatuas 1 pz",barrita-de-semillas-para-loros-y-cacatuas-1,https://artiani.com.mx/producto/barrita-de-semillas-para-loros-y-cacatuas-1,https://sys.artiani.com.mx/media/apps/ecommerce/productos/195/1689255961.jpg,si,REDKITE,"Aves / Alimentacion / Premios y snacks",,,agotado
1659,590,FL4037,"Barrita para aves canoras alta en proteina 2 pzas",barrita-para-aves-canoras-alta-en-proteina-2,https://artiani.com.mx/producto/barrita-para-aves-canoras-alta-en-proteina-2,https://sys.artiani.com.mx/media/apps/ecommerce/productos/690/1701526985.jpg,si,REDKITE,"Aves / Alimentacion / Alimentos",,,agotado
233,298,BAROSA-PD3030,"Base cubo 30 x 30 x 70 cm altura",base-cubo-30-x-30-x-70-cm-altura,https://artiani.com.mx/producto/base-cubo-30-x-30-x-70-cm-altura,https://sys.artiani.com.mx/media/apps/ecommerce/productos/218/1726214479.jpg,si,,"Acuario y peces / Peceras, acuarios y muebles / Bases y muebles",530,MXN,consultar_disponibilidad
202,225,BAROSA-PD4040,"Base cubo 40 x 40 x 70 cm altura",base-cubo-40-x-40-x-70-cm-altura,https://artiani.com.mx/producto/base-cubo-40-x-40-x-70-cm-altura,https://sys.artiani.com.mx/media/apps/ecommerce/productos/114/1726214774.jpg,si,,"Acuario y peces / Peceras, acuarios y muebles / Bases y muebles",630,MXN,consultar_disponibilidad
198,221,BAROSA-PD2020,"base cubo mini 22 x 22 x 70 cm altura",base-cubo-mini-22-x-22-x-70-cm-altura,https://artiani.com.mx/producto/base-cubo-mini-22-x-22-x-70-cm-altura,https://sys.artiani.com.mx/media/apps/ecommerce/productos/110/1724164798.JPG,si,,"Acuario y peces / Peceras, acuarios y muebles / Bases y muebles",420,MXN,consultar_disponibilidad
206,230,BAROSA-PDH3838,"Base hexagonal 70 cm altura",base-hexagonal-70-cm-altura,https://artiani.com.mx/producto/base-hexagonal-70-cm-altura,https://sys.artiani.com.mx/media/apps/ecommerce/productos/119/1696967627.jpg,si,,"Acuario y peces / Peceras, acuarios y muebles / Bases y muebles",750,MXN,consultar_disponibilidad
200,223,BAROSA-PDP5237,"Base panorámica 4 patas 52 x 37 x 70 cm altura",base-panoramica-4-patas-52-x-37-x-70-cm-altura,https://artiani.com.mx/producto/base-panoramica-4-patas-52-x-37-x-70-cm-altura,https://sys.artiani.com.mx/media/apps/ecommerce/productos/112/1683640186.jpg,si,,"Acuario y peces / Peceras, acuarios y muebles / Bases y muebles",595,MXN,consultar_disponibilidad
199,222,BAROSA-5PDP5237,"Base panoramica 5 patas 52 x 37 x 70 cm altura",base-panoramica-5-patas-52-x-37-x-70-cm-altura,https://artiani.com.mx/producto/base-panoramica-5-patas-52-x-37-x-70-cm-altura,https://sys.artiani.com.mx/media/apps/ecommerce/productos/111/1696962730.jpg,si,,"Acuario y peces / Peceras, acuarios y muebles / Bases y muebles",695,MXN,consultar_disponibilidad
203,226,BAROSA-P100,"Base rectangular 1 m x 26 cm x 70 cm altura",base-rectangular-1-m-x-26-cm-x-70-cm-altura,https://artiani.com.mx/producto/base-rectangular-1-m-x-26-cm-x-70-cm-altura,https://sys.artiani.com.mx/media/apps/ecommerce/productos/115/1683641565.jpg,si,,"Acuario y peces / Peceras, acuarios y muebles / Bases y muebles",1290,MXN,consultar_disponibilidad
201,224,BAROSA-P112P12030,"Base rectangular 120 x 30 x 70 cm altura",base-rectangular-120-x-30-x-70-cm-altura,https://artiani.com.mx/producto/base-rectangular-120-x-30-x-70-cm-altura,https://sys.artiani.com.mx/media/apps/ecommerce/productos/113/1696966354.jpg,si,,"Acuario y peces / Peceras, acuarios y muebles / Bases y muebles",1390,MXN,consultar_disponibilidad
250,689,BAROSA-PD4020,"Base rectangular 40 x 20 x 70 cm altura",base-rectangular-40-x-20-x-70-cm-altura,https://artiani.com.mx/producto/base-rectangular-40-x-20-x-70-cm-altura,https://sys.artiani.com.mx/media/apps/ecommerce/productos/818/1696961989.jpg,si,,"Acuario y peces / Peceras, acuarios y muebles / Bases y muebles",480,MXN,agotado
205,229,BAROSA-P112P6030,"Base rectangular 60 x 30 x 70 cm altura",base-rectangular-60-x-30-x-70-cm-altura,https://artiani.com.mx/producto/base-rectangular-60-x-30-x-70-cm-altura,https://sys.artiani.com.mx/media/apps/ecommerce/productos/118/1684262182.jpg,si,,"Acuario y peces / Peceras, acuarios y muebles / Bases y muebles",850,MXN,consultar_disponibilidad
65,1543,BAROSA-PD3015,"Base rectangular de herreria para pecera de 30 x 15 cm con diseño de lineas rectas",base-rectangular-de-herreria-para-pecera-de-30-x-15-cm-con-diseno-de-lineas-rectas,https://artiani.com.mx/producto/base-rectangular-de-herreria-para-pecera-de-30-x-15-cm-con-diseno-de-lineas-rectas,https://sys.artiani.com.mx/media/apps/ecommerce/productos/1928/1778600524.webp,si,,"Acuario y peces / Peceras, acuarios y muebles / Bases y muebles",450,MXN,consultar_disponibilidad
66,1544,BAROSA-PD3015H,"Base rectangular de herreria para pecera de 30 x 15 x 70 cm altura diseño de hondas",base-rectangular-de-herreria-para-pecera-de-30-x-15-x-70-cm-altura-diseno-de-hondas,https://artiani.com.mx/producto/base-rectangular-de-herreria-para-pecera-de-30-x-15-x-70-cm-altura-diseno-de-hondas,,no,,"Acuario y peces / Peceras, acuarios y muebles / Bases y muebles",450,MXN,consultar_disponibilidad
204,227,BAROSA-PD5026,"Base rectangular para pecera 40lts 50 x 26 x 70 cm altura",base-rectangular-para-pecera-40l-50-x-26-x-70-cm-altura,https://artiani.com.mx/producto/base-rectangular-para-pecera-40l-50-x-26-x-70-cm-altura,https://sys.artiani.com.mx/media/apps/ecommerce/productos/116/1683640856.jpg,si,,"Acuario y peces / Peceras, acuarios y muebles / Bases y muebles",530,MXN,consultar_disponibilidad
757,354,8413856510173,"Bebebero tubo no.4 85 ml",bebebero-tubo-no-4-85ml,https://artiani.com.mx/producto/bebebero-tubo-no-4-85ml,https://sys.artiani.com.mx/media/apps/ecommerce/productos/323/1699666285.jpg,si,Pedros,"Aves / Alimentacion / Bebederos y comederos / Bebederos",,,agotado
762,365,SH-230152,"Bebedero automático aguacate",bebedero-automatico-aguacate,https://artiani.com.mx/producto/bebedero-automatico-aguacate,https://sys.artiani.com.mx/media/apps/ecommerce/productos/337/1693576796.jpg,si,"SAKURA PETTO","Perros / Alimentacion / Comederos y bebederos",,,agotado
755,351,LS207,"Bebedero automatico de lujo 3.8 litros",bebedero-automatico-de-lujo-3-8l,https://artiani.com.mx/producto/bebedero-automatico-de-lujo-3-8l,https://sys.artiani.com.mx/media/apps/ecommerce/productos/320/1675082377.jpg,si,MYPET,"Perros / Alimentacion / Comederos y bebederos",385,MXN,agotado
761,364,SH-230124,"Bebedero automático organic",bebedero-automatico-organic,https://artiani.com.mx/producto/bebedero-automatico-organic,https://sys.artiani.com.mx/media/apps/ecommerce/productos/336/1693578432.jpg,si,"SAKURA PETTO","Perros / Alimentacion / Comederos y bebederos",,,agotado
1930,934,FL9243,"Bebedero ch para colibries 125 ml",bebedero-ch-para-colibries-125ml,https://artiani.com.mx/producto/bebedero-ch-para-colibries-125ml,https://sys.artiani.com.mx/media/apps/ecommerce/productos/1220/1714435808.jpg,si,REDKITE,"Aves / Alimentacion / Bebederos y aditamentos para colibri",,,agotado
1931,936,FL9231,"Bebedero de vidrio para colibri 590 ml",bebedero-de-vidrio-para-colibri-590ml,https://artiani.com.mx/producto/bebedero-de-vidrio-para-colibri-590ml,https://sys.artiani.com.mx/media/apps/ecommerce/productos/1222/1714439720.jpg,si,REDKITE,"Aves / Alimentacion / Bebederos y aditamentos para colibri",,,agotado
1764,735,8003507046788,"Bebedero dispensador 6,5 l",bebedero-dispensador-6-5l,https://artiani.com.mx/producto/bebedero-dispensador-6-5l,https://sys.artiani.com.mx/media/apps/ecommerce/productos/882/1699319277.jpg,si,Stefanplast,"Perros / Alimentacion / Comederos y bebederos",,,agotado
2580,1690,8003507043763-BEBE,"Bebedero dispensador gri chico",bebedero-dispensador-gri-chico,https://artiani.com.mx/producto/bebedero-dispensador-gri-chico,https://sys.artiani.com.mx/media/apps/ecommerce/productos/885/1699372975.jpg,si,Stefanplast,"Perros / Alimentacion / Comederos y bebederos",,,agotado
264,1457,FL9876,"Bebedero fuente de agua aqua 3 litros",bebedero-fuente-de-agua-aqua-3l,https://artiani.com.mx/producto/bebedero-fuente-de-agua-aqua-3l,https://sys.artiani.com.mx/media/apps/ecommerce/productos/1838/1773496846.webp,si,"FANCY PETS","Perros / Alimentacion / Comederos y bebederos",450,MXN,agotado
364,352,50491,"Bebedero gravitacional con garrafon 3.8 litros",bebedero-gravitacional-con-garrafon-3-8l,https://artiani.com.mx/producto/bebedero-gravitacional-con-garrafon-3-8l,https://sys.artiani.com.mx/media/apps/ecommerce/productos/321/1669441511.jpg,si,SEVENPET,"Perros / Alimentacion / Comederos y bebederos",280,MXN,agotado
1776,754,SH-220906,"Bebedero nebul",bebedero-nebul,https://artiani.com.mx/producto/bebedero-nebul,https://sys.artiani.com.mx/media/apps/ecommerce/productos/910/1699683625.jpg,si,"SAKURA PETTO","Perros / Alimentacion / Comederos y bebederos",,,agotado
727,231,FL9213,"Bebedero para colibri 300 ml",bebedero-para-colibri-300ml,https://artiani.com.mx/producto/bebedero-para-colibri-300ml,https://sys.artiani.com.mx/media/apps/ecommerce/productos/120/1701562093.jpg,si,REDKITE,"Aves / Alimentacion / Bebederos y aditamentos para colibri",55,MXN,agotado
1805,786,FL9221,"Bebedero para colibri con nectar 500 ml",bebedero-para-colibri-con-nectar-500ml,https://artiani.com.mx/producto/bebedero-para-colibri-con-nectar-500ml,https://sys.artiani.com.mx/media/apps/ecommerce/productos/1012/1701562793.jpg,si,REDKITE,"Aves / Alimentacion / Bebederos y aditamentos para colibri",,,agotado
1542,440,SP-3653,"Bebedero plastico para roedores boquilla de cristal 60ml",bebedero-plastico-para-roedores-boquilla-de-cristal-60ml,https://artiani.com.mx/producto/bebedero-plastico-para-roedores-boquilla-de-cristal-60ml,https://sys.artiani.com.mx/media/apps/ecommerce/productos/452/1675464598.jpg,si,SUNNY,"Pequenos mamiferos / Hamster / Accesorios y aditamentos",35,MXN,agotado
1539,437,SP-3656,"Bebedero plastico para roedores ccon doble balin 250 ml",bebedero-plastico-para-roedores-ccon-doble-balin-250ml,https://artiani.com.mx/producto/bebedero-plastico-para-roedores-ccon-doble-balin-250ml,https://sys.artiani.com.mx/media/apps/ecommerce/productos/449/1675462159.jpg,si,SUNNY,"Pequenos mamiferos / Hamster / Accesorios y aditamentos",75,MXN,agotado
1540,438,SP-3670,"Bebedero plastico para roedores con balin 500 ml",bebedero-plastico-para-roedores-con-balin-500ml,https://artiani.com.mx/producto/bebedero-plastico-para-roedores-con-balin-500ml,https://sys.artiani.com.mx/media/apps/ecommerce/productos/450/1675463372.jpg,si,SUNNY,"Pequenos mamiferos / Hamster / Accesorios y aditamentos",135,MXN,agotado
194,195,SP-3671,"Bebedero plastico para roedores con balin 800 ml",bebedero-plastico-para-roedores-con-balin-800ml,https://artiani.com.mx/producto/bebedero-plastico-para-roedores-con-balin-800ml,https://sys.artiani.com.mx/media/apps/ecommerce/productos/69/1675463965.jpg,si,SUNNY,"Pequenos mamiferos / Accesorios generales",165,MXN,consultar_disponibilidad
1538,436,SP-3655,"Bebedero plastico para roedores con doble balin 125vml",bebedero-plastico-para-roedores-con-doble-balin-125vml,https://artiani.com.mx/producto/bebedero-plastico-para-roedores-con-doble-balin-125vml,https://sys.artiani.com.mx/media/apps/ecommerce/productos/448/1675461778.jpg,si,SUNNY,"Pequenos mamiferos / Hamster / Accesorios y aditamentos",75,MXN,agotado
1541,439,SP-3654,"Bebedero plastico para roedores con doble balin 80 ml",bebedero-plastico-para-roedores-con-doble-balin-80ml,https://artiani.com.mx/producto/bebedero-plastico-para-roedores-con-doble-balin-80ml,https://sys.artiani.com.mx/media/apps/ecommerce/productos/451/1675462723.jpg,si,SUNNY,"Pequenos mamiferos / Hamster / Accesorios y aditamentos",60,MXN,agotado
234,301,FL9233,"Bebedero rojo para colibri 470 ml",bebedero-rojo-para-colibri-470ml,https://artiani.com.mx/producto/bebedero-rojo-para-colibri-470ml,https://sys.artiani.com.mx/media/apps/ecommerce/productos/222/1701561596.jpg,si,REDKITE,"Aves / Alimentacion / Bebederos y aditamentos para colibri",180,MXN,consultar_disponibilidad
756,353,8413856516373,"Bebedero tubo no.5 225 ml",bebedero-tubo-no-5-225ml,https://artiani.com.mx/producto/bebedero-tubo-no-5-225ml,https://sys.artiani.com.mx/media/apps/ecommerce/productos/322/1699667003.jpg,si,Pedros,"Aves / Alimentacion / Bebederos y comederos / Bebederos",,,agotado
1770,747,8413856510371,"Bebedero tubular 2",bebedero-tubular-2,https://artiani.com.mx/producto/bebedero-tubular-2,https://sys.artiani.com.mx/media/apps/ecommerce/productos/902/1699579465.jpg,si,Pedros,"Aves / Alimentacion / Bebederos y comederos / Bebederos",,,agotado
1771,748,8413856511378,"Bebedero tubular 3",bebedero-tubular-3,https://artiani.com.mx/producto/bebedero-tubular-3,https://sys.artiani.com.mx/media/apps/ecommerce/productos/903/1699580838.jpg,si,Pedros,"Aves / Alimentacion / Bebederos y comederos / Bebederos",,,agotado
1773,751,8413856519275,"Bebedero tubular 6",bebedero-tubular-6,https://artiani.com.mx/producto/bebedero-tubular-6,https://sys.artiani.com.mx/media/apps/ecommerce/productos/906/1699667994.jpg,si,Pedros,"Aves / Alimentacion / Bebederos y comederos / Bebederos",,,agotado
1791,771,8413856520370B,"Bebedero tubular 7",bebedero-tubular-7,https://artiani.com.mx/producto/bebedero-tubular-7,https://sys.artiani.com.mx/media/apps/ecommerce/productos/989/1701106984.jpg,si,Pedros,"Aves / Alimentacion / Bebederos y comederos / Bebederos",,,agotado
1792,772,8413856520400,"Bebedero tubular 8",bebedero-tubular-8,https://artiani.com.mx/producto/bebedero-tubular-8,https://sys.artiani.com.mx/media/apps/ecommerce/productos/990/1701110425.jpg,si,Pedros,"Aves / Alimentacion / Bebederos y comederos / Bebederos",,,agotado
1793,773,8413856520509,"Bebedero tubular 9",bebedero-tubular-9,https://artiani.com.mx/producto/bebedero-tubular-9,https://sys.artiani.com.mx/media/apps/ecommerce/productos/991/1701111451.jpg,si,Pedros,"Aves / Alimentacion / Bebederos y comederos / Bebederos",,,agotado
1848,836,FL9252,"Bebedero tulipan para colibri 90 ml",bebedero-tulipan-para-colibri-90ml,https://artiani.com.mx/producto/bebedero-tulipan-para-colibri-90ml,https://sys.artiani.com.mx/media/apps/ecommerce/productos/1108/1711666316.jpg,si,REDKITE,"Aves / Alimentacion / Bebederos y aditamentos para colibri",,,agotado
2582,1692,SH-230726-02,"Bebedero y comedero avoca",bebedero-y-comedero-avoca,https://artiani.com.mx/producto/bebedero-y-comedero-avoca,https://sys.artiani.com.mx/media/apps/ecommerce/productos/237/1708988783.jpg,si,,"Perros / Alimentacion / Comederos y bebederos",,,agotado
760,361,SH-230907,"Bebedero y Comedero boreal",bebedero-y-comedero-boreal,https://artiani.com.mx/producto/bebedero-y-comedero-boreal,https://sys.artiani.com.mx/media/apps/ecommerce/productos/333/1699714571.jpg,si,"SAKURA PETTO","Perros / Alimentacion / Comederos y bebederos",,,agotado
712,144,Q860,"Betta bit alimento para betta 50 gr",betta-bit-alimento-para-betta-50g,https://artiani.com.mx/producto/betta-bit-alimento-para-betta-50g,https://sys.artiani.com.mx/media/apps/ecommerce/productos/3/1668185784.png,si,BIOMAA,"Acuario y peces / Alimentacion / Alimentos para betta",30,MXN,agotado
1725,678,FL7906,"Biberon para cachorro naturance 56 ml",biberon-para-cachorro-naturance-56ml,https://artiani.com.mx/producto/biberon-para-cachorro-naturance-56ml,https://sys.artiani.com.mx/media/apps/ecommerce/productos/807/1701548287.jpg,si,LOMAS,"Perros / Salud e higiene / Prevencion y cuidado",50,MXN,agotado
2735,1869,1074,"Bolsa medusas nadadoras",bolsa-medusas-nadadoras,https://artiani.com.mx/producto/bolsa-medusas-nadadoras,https://sys.artiani.com.mx/uploads/erp/catalogo/productos/1616/producto-1616-20260828140028-9f239a9f.webp,si,"AQUA KRIL","Acuario y peces / Decoracion y ambientacion / Decoracion para peces",,,agotado
306,176,50421,"Bolsas para dispensador 8 rollos 120 pzas",bolsas-para-dispensador-8-rollos-120,https://artiani.com.mx/producto/bolsas-para-dispensador-8-rollos-120,https://sys.artiani.com.mx/media/apps/ecommerce/productos/46/1697673612.jpg,si,SEVENPET,"Perros / Salud e higiene / Prevencion y cuidado",60,MXN,agotado
210,239,6007,"Bomba de agua 1500 l/h 2.50 m 25 w",bomba-de-agua-1500l-h-2-50-m-25-w,https://artiani.com.mx/producto/bomba-de-agua-1500l-h-2-50-m-25-w,https://sys.artiani.com.mx/media/apps/ecommerce/productos/128/1670418672.png,si,ECOFOUNT,"Acuario y peces / Equipamiento tecnico / Bombas y circulacion",695,MXN,consultar_disponibilidad
212,241,6009,"Bomba de agua 3000 l/h 3.50 m 70w",bomba-de-agua-3000l-h-3-50-m-70w,https://artiani.com.mx/producto/bomba-de-agua-3000l-h-3-50-m-70w,https://sys.artiani.com.mx/media/apps/ecommerce/productos/130/1670891526.png,si,ECOFOUNT,"Acuario y peces / Equipamiento tecnico / Bombas y circulacion",1350,MXN,consultar_disponibilidad
216,245,6003,"Bomba de agua 450 l/h 90 cm 6.5w",bomba-de-agua-450l-h-90-cm-6-5w,https://artiani.com.mx/producto/bomba-de-agua-450l-h-90-cm-6-5w,https://sys.artiani.com.mx/media/apps/ecommerce/productos/136/1701700584.jpg,si,ECOFOUNT,"Acuario y peces / Equipamiento tecnico / Bombas y circulacion",295,MXN,consultar_disponibilidad
208,237,6005,"Bomba de agua 800 l/h 1.60 m 13 w",bomba-de-agua-800l-h-1-60-m-13-w,https://artiani.com.mx/producto/bomba-de-agua-800l-h-1-60-m-13-w,https://sys.artiani.com.mx/media/apps/ecommerce/productos/126/1670418013.png,si,ECOFOUNT,"Acuario y peces / Equipamiento tecnico / Bombas y circulacion",460,MXN,consultar_disponibilidad
372,371,SAP-301,"Bomba de aire 2 salidas 2 w para acuarios de 10 a 100 lts",bomba-de-aire-2-salidas-2-w-para-acuarios-de-10-a-100l,https://artiani.com.mx/producto/bomba-de-aire-2-salidas-2-w-para-acuarios-de-10-a-100l,https://sys.artiani.com.mx/media/apps/ecommerce/productos/344/1706729079.png,si,SUNNY,"Acuario y peces / Equipamiento tecnico / Filtracion y oxigenacion",199,MXN,agotado
1687,622,OC-10,"Bomba de aire de 2 salidas",bomba-de-aire-de-2-salidas,https://artiani.com.mx/producto/bomba-de-aire-de-2-salidas,https://sys.artiani.com.mx/media/apps/ecommerce/productos/743/1712870051.jpg,si,"OCEAN AQUA","Acuario y peces / Equipamiento tecnico / Filtracion y oxigenacion",199,MXN,agotado
1882,880,FL8916,"Bomba de aire de pilas",bomba-de-aire-de-pilas,https://artiani.com.mx/producto/bomba-de-aire-de-pilas,https://sys.artiani.com.mx/media/apps/ecommerce/productos/1158/1712874344.jpg,si,LOMAS,"Acuario y peces / Equipamiento tecnico / Filtracion y oxigenacion",245,MXN,agotado
1881,879,4261,"Bomba de aire doble salida aqua",bomba-de-aire-doble-salida-aqua,https://artiani.com.mx/producto/bomba-de-aire-doble-salida-aqua,https://sys.artiani.com.mx/media/apps/ecommerce/productos/1157/1712870640.jpg,si,"AQUA KRIL","Acuario y peces / Equipamiento tecnico / Filtracion y oxigenacion",,,agotado
1884,883,HA800,"Bomba de aire elite 800 10 gal (37.8 l)",bomba-de-aire-elite-800-10-gal-37-8l,https://artiani.com.mx/producto/bomba-de-aire-elite-800-10-gal-37-8l,https://sys.artiani.com.mx/media/apps/ecommerce/productos/1162/1712876513.jpg,si,HAGEN,"Acuario y peces / Equipamiento tecnico / Filtracion y oxigenacion",245,MXN,agotado
1883,882,HA801,"Bomba de aire elite 801 15 gal (57 l)",bomba-de-aire-elite-801-15-gal-57l,https://artiani.com.mx/producto/bomba-de-aire-elite-801-15-gal-57l,https://sys.artiani.com.mx/media/apps/ecommerce/productos/1161/1712875435.jpg,si,HAGEN,"Acuario y peces / Equipamiento tecnico / Filtracion y oxigenacion",270,MXN,agotado
1885,884,HA802,"Bomba de aire elite 802 20 gal (75.7 l)",bomba-de-aire-elite-802-20-gal-75-7l,https://artiani.com.mx/producto/bomba-de-aire-elite-802-20-gal-75-7l,https://sys.artiani.com.mx/media/apps/ecommerce/productos/1163/1713033018.jpg,si,HAGEN,"Acuario y peces / Equipamiento tecnico / Filtracion y oxigenacion",398,MXN,agotado
371,370,SAP-300,"Bomba de aire mini 1 salida 2 w para acuarios de 10 a 100 lts",bomba-de-aire-mini-1-salida-2-w-para-acuarios-de-10-a-100l,https://artiani.com.mx/producto/bomba-de-aire-mini-1-salida-2-w-para-acuarios-de-10-a-100l,https://sys.artiani.com.mx/media/apps/ecommerce/productos/343/1677937363.jpg,si,SUNNY,"Acuario y peces / Equipamiento tecnico / Filtracion y oxigenacion",110,MXN,agotado
370,369,OC-5,"Bomba de aire una salida",bomba-de-aire-una-salida,https://artiani.com.mx/producto/bomba-de-aire-una-salida,https://sys.artiani.com.mx/media/apps/ecommerce/productos/342/1712869584.jpg,si,"OCEAN AQUA","Acuario y peces / Equipamiento tecnico / Filtracion y oxigenacion",110,MXN,agotado
373,373,HA799,"Bomba elite 799 5 gal (18.9 l)",bomba-elite-799-5-gal-18-9l,https://artiani.com.mx/producto/bomba-elite-799-5-gal-18-9l,https://sys.artiani.com.mx/media/apps/ecommerce/productos/346/1697919999.jpg,si,HAGEN,"Acuario y peces / Equipamiento tecnico / Filtracion y oxigenacion",179,MXN,agotado
209,238,6006,"Bomba sumergible ecofount 1200 litros por hora 2.0 m 18 w",bomba-sumergible-ecofount-1200l-por-hora-2-0-m-18-w,https://artiani.com.mx/producto/bomba-sumergible-ecofount-1200l-por-hora-2-0-m-18-w,https://sys.artiani.com.mx/media/apps/ecommerce/productos/127/1670417627.png,si,ECOFOUNT,"Acuario y peces / Equipamiento tecnico / Bombas y circulacion",595,MXN,consultar_disponibilidad
211,240,6008,"Bomba sumergible ecofount 2000 litros por hora 3.20 m 40 w",bomba-sumergible-ecofount-2000l-por-hora-3-20-m-40-w,https://artiani.com.mx/producto/bomba-sumergible-ecofount-2000l-por-hora-3-20-m-40-w,https://sys.artiani.com.mx/media/apps/ecommerce/productos/129/1670418932.png,si,ECOFOUNT,"Acuario y peces / Equipamiento tecnico / Bombas y circulacion",1100,MXN,consultar_disponibilidad
213,242,6010,"Bomba sumergible ecofount 3500 litros por hora 4.0 m 80 w",bomba-sumergible-ecofount-3500l-por-hora-4-0-m-80-w,https://artiani.com.mx/producto/bomba-sumergible-ecofount-3500l-por-hora-4-0-m-80-w,https://sys.artiani.com.mx/media/apps/ecommerce/productos/131/1670420123.png,si,ECOFOUNT,"Acuario y peces / Equipamiento tecnico / Bombas y circulacion",1500,MXN,consultar_disponibilidad
214,243,6011,"Bomba sumergible ecofount 4000 litros por hora 4.5 m 130 w",bomba-sumergible-ecofount-4000l-por-hora-4-5-m-130-w,https://artiani.com.mx/producto/bomba-sumergible-ecofount-4000l-por-hora-4-5-m-130-w,https://sys.artiani.com.mx/media/apps/ecommerce/productos/132/1670419774.png,si,ECOFOUNT,"Acuario y peces / Equipamiento tecnico / Bombas y circulacion",1750,MXN,consultar_disponibilidad
215,244,6012,"Bomba sumergible ecofount 5000 litros por hora 5.50 m 160 w",bomba-sumergible-ecofount-5000l-por-hora-5-50-m-160-w,https://artiani.com.mx/producto/bomba-sumergible-ecofount-5000l-por-hora-5-50-m-160-w,https://sys.artiani.com.mx/media/apps/ecommerce/productos/133/1670891959.png,si,ECOFOUNT,"Acuario y peces / Equipamiento tecnico / Bombas y circulacion",2100,MXN,consultar_disponibilidad
207,235,6004,"Bomba sumergible ecofount 600 litros por hora 1.20 m 8 w",bomba-sumergible-ecofount-600l-por-hora-1-20-m-8-w,https://artiani.com.mx/producto/bomba-sumergible-ecofount-600l-por-hora-1-20-m-8-w,https://sys.artiani.com.mx/media/apps/ecommerce/productos/124/1670420685.png,si,ECOFOUNT,"Acuario y peces / Equipamiento tecnico / Bombas y circulacion",360,MXN,consultar_disponibilidad
2170,1237,USA654,"Bote churu 4 sabores 50 pzs x 14 gr 700 gr",bote-churu-4-sabores-50-pzs-x-14g-700g-paq,https://artiani.com.mx/producto/bote-churu-4-sabores-50-pzs-x-14g-700g-paq,https://sys.artiani.com.mx/media/apps/ecommerce/productos/1599/1760204535.webp,si,"INABA CHURU","Gatos / Alimentacion / Premios y snacks",790,MXN,agotado
50,149,PPNCL05,"Bote gambita de camaron 10 grs",bote-gambita-de-camaron-10g,https://artiani.com.mx/producto/bote-gambita-de-camaron-10g,https://sys.artiani.com.mx/media/apps/ecommerce/productos/10/1670071714.png,si,,"Reptiles, anfibios e invertebrados / Tortugas / Alimentos para tortugas",35,MXN,consultar_disponibilidad
2584,1694,TX40757,"Bozal extra grande con forro de malla",bozal-extra-grande-con-forro-de-malla,https://artiani.com.mx/producto/bozal-extra-grande-con-forro-de-malla,https://sys.artiani.com.mx/media/apps/ecommerce/productos/1116/1712018557.jpg,si,"FANCY PETS","Perros / Transporte, paseo y entrenamiento / Entrenamiento",160,MXN,agotado
2583,1693,TX40756,"Bozal grande con forro de malla",bozal-grande-con-forro-de-malla,https://artiani.com.mx/producto/bozal-grande-con-forro-de-malla,https://sys.artiani.com.mx/media/apps/ecommerce/productos/1117/1712018561.jpg,si,"FANCY PETS","Perros / Transporte, paseo y entrenamiento / Paseo y sujecion",160,MXN,agotado
1855,843,TX40755,"Bozal intermedio con forro de malla",bozal-intermedio-con-forro-de-malla,https://artiani.com.mx/producto/bozal-intermedio-con-forro-de-malla,https://sys.artiani.com.mx/media/apps/ecommerce/productos/1115/1712018547.jpg,si,"FANCY PETS","Perros / Transporte, paseo y entrenamiento / Entrenamiento",160,MXN,agotado
255,1231,8713184301246,"Bravecto Tableta masticable 10 - 20 kg verde 37 días 200 mg",bravecto-tableta-masticable-10-20kg-verde-37-dias-200-mg,https://artiani.com.mx/producto/bravecto-tableta-masticable-10-20kg-verde-37-dias-200-mg,https://sys.artiani.com.mx/media/apps/ecommerce/productos/1593/1760225012.webp,si,BRAVECTO,"Perros / Salud e higiene / Antipulgas y control externo",345,MXN,agotado
293,1743,8713184301222,"Bravecto Tableta masticable 2 - 4.5 kg amarillo 37 días 45 mg",bravecto-tableta-masticable-2-4-5kg-amarillo-37-dias-45-mg,https://artiani.com.mx/producto/bravecto-tableta-masticable-2-4-5kg-amarillo-37-dias-45-mg,https://sys.artiani.com.mx/media/apps/ecommerce/productos/1617/1761172282.webp,si,BRAVECTO,"Perros / Salud e higiene / Antipulgas y control externo",310,MXN,agotado
256,1232,8713184301253,"Bravecto Tableta masticable 20 - 40 kg azul 37 días 400 mg",bravecto-tableta-masticable-20-40kg-azul-37-dias-400-mg,https://artiani.com.mx/producto/bravecto-tableta-masticable-20-40kg-azul-37-dias-400-mg,https://sys.artiani.com.mx/media/apps/ecommerce/productos/1594/1760225346.webp,si,BRAVECTO,"Perros / Salud e higiene / Antipulgas y control externo",360,MXN,agotado
292,1742,8713184301239,"Bravecto Tableta masticable 4.5 - 10 kg naranja 37 días 100 mg",bravecto-tableta-masticable-4-5-10kg-naranja-37-dias-100-mg,https://artiani.com.mx/producto/bravecto-tableta-masticable-4-5-10kg-naranja-37-dias-100-mg,https://sys.artiani.com.mx/media/apps/ecommerce/productos/1617/1761172282.webp,si,BRAVECTO,"Perros / Salud e higiene / Antipulgas y control externo",325,MXN,agotado
1888,890,FL7971,"Cabeza de poder con filtro rapido aquaflow 10",cabeza-de-poder-con-filtro-rapido-aquaflow-10,https://artiani.com.mx/producto/cabeza-de-poder-con-filtro-rapido-aquaflow-10,https://sys.artiani.com.mx/media/apps/ecommerce/productos/1169/1712881515.jpg,si,LOMAS,"Acuario y peces / Equipamiento tecnico / Filtracion y oxigenacion",260,MXN,agotado
1889,891,FL7972,"Cabeza de poder con filtro rapido aquaflow 20",cabeza-de-poder-con-filtro-rapido-aquaflow-20,https://artiani.com.mx/producto/cabeza-de-poder-con-filtro-rapido-aquaflow-20,https://sys.artiani.com.mx/media/apps/ecommerce/productos/1170/1712882201.jpg,si,LOMAS,"Acuario y peces / Equipamiento tecnico / Filtracion y oxigenacion",375,MXN,agotado
1890,892,FL7973,"Cabeza de poder con filtro rapido aquaflow 30",cabeza-de-poder-con-filtro-rapido-aquaflow-30,https://artiani.com.mx/producto/cabeza-de-poder-con-filtro-rapido-aquaflow-30,https://sys.artiani.com.mx/media/apps/ecommerce/productos/1171/1712882576.jpg,si,LOMAS,"Acuario y peces / Equipamiento tecnico / Filtracion y oxigenacion",450,MXN,agotado
237,326,1070,"Cabeza poder filtro para tortugueros",cabeza-poder-filtro-para-tortugueros,https://artiani.com.mx/producto/cabeza-poder-filtro-para-tortugueros,https://sys.artiani.com.mx/media/apps/ecommerce/productos/270/1711839428.jpg,si,"AQUA KRIL","Acuario y peces / Equipamiento tecnico / Filtracion y oxigenacion",330,MXN,consultar_disponibilidad
1698,640,FL1115,"Calcio para tortugas con vitamina a 2 pz",calcio-para-tortugas-con-vitamina-a-2,https://artiani.com.mx/producto/calcio-para-tortugas-con-vitamina-a-2,https://sys.artiani.com.mx/media/apps/ecommerce/productos/766/1689188897.jpg,si,LOMAS,"Reptiles, anfibios e invertebrados / Tortugas / Aditamentos y accesorios",55,MXN,agotado
731,248,FL8601,"Calentador sumergible con termostato ecothermal 25 w",calentador-sumergible-con-termostato-ecothermal-25-w,https://artiani.com.mx/producto/calentador-sumergible-con-termostato-ecothermal-25-w,https://sys.artiani.com.mx/media/apps/ecommerce/productos/142/1691154389.jpg,si,LOMAS,"Acuario y peces / Equipamiento tecnico / Calefaccion",,,agotado
732,250,FL8602,"Calentador sumergible con termostato ecothermal 50 w",calentador-sumergible-con-termostato-ecothermal-50-w,https://artiani.com.mx/producto/calentador-sumergible-con-termostato-ecothermal-50-w,https://sys.artiani.com.mx/media/apps/ecommerce/productos/144/1691154951.jpg,si,LOMAS,"Acuario y peces / Equipamiento tecnico / Calefaccion",,,agotado
1683,614,FL8603,"Calentador sumergible con termostato ecothermal 75 w",calentador-sumergible-con-termostato-ecothermal-75-w,https://artiani.com.mx/producto/calentador-sumergible-con-termostato-ecothermal-75-w,https://sys.artiani.com.mx/media/apps/ecommerce/productos/732/1691154688.jpg,si,LOMAS,"Acuario y peces / Equipamiento tecnico / Calefaccion",,,agotado
392,398,FL1902,"Calzon sanitario chico para hembras",calzon-sanitario-chico-para-hembras,https://artiani.com.mx/producto/calzon-sanitario-chico-para-hembras,https://sys.artiani.com.mx/media/apps/ecommerce/productos/391/1711669859.jpg,si,"FANCY PETS","Perros / Salud e higiene / Higiene y limpieza",110,MXN,agotado
238,329,FL1904,"Calzon sanitario grande para hembras",calzon-sanitario-grande-para-hembras,https://artiani.com.mx/producto/calzon-sanitario-grande-para-hembras,https://sys.artiani.com.mx/media/apps/ecommerce/productos/274/1711995575.jpg,si,"FANCY PETS","Perros / Salud e higiene / Higiene y limpieza",130,MXN,consultar_disponibilidad
235,311,FL1903,"Calzon sanitario mediano para hembras",calzon-sanitario-mediano-para-hembras,https://artiani.com.mx/producto/calzon-sanitario-mediano-para-hembras,https://sys.artiani.com.mx/media/apps/ecommerce/productos/243/1711994321.jpg,si,"FANCY PETS","Perros / Salud e higiene / Prevencion y cuidado",120,MXN,consultar_disponibilidad
445,53,PI0203-0132,"Cama antiestrés chica para mascotas",cama-antiestres-chica-para-mascotas,https://artiani.com.mx/producto/cama-antiestres-chica-para-mascotas,https://sys.artiani.com.mx/media/apps/ecommerce/productos/971/1700917535.jpg,si,PERRUCHES,"Perros / Habitat y descanso / Camas y colchones",,,agotado
446,54,PI0101-0015,"Cama antiestrés chica para mascotas",cama-antiestres-chica-para-mascotas-pi0101-0015,https://artiani.com.mx/producto/cama-antiestres-chica-para-mascotas-pi0101-0015,https://sys.artiani.com.mx/media/apps/ecommerce/productos/253/1688821231.jpg,si,PERRUCHES,"Perros / Habitat y descanso / Camas y colchones",,,agotado
447,55,PI0101-0016,"Cama antiestrés chica para mascotas",cama-antiestres-chica-para-mascotas-pi0101-0016,https://artiani.com.mx/producto/cama-antiestres-chica-para-mascotas-pi0101-0016,https://sys.artiani.com.mx/media/apps/ecommerce/productos/254/1688821674.jpg,si,PERRUCHES,"Perros / Habitat y descanso / Camas y colchones",,,agotado
448,56,PI0101-0331,"Cama antiestrés chica para mascotas",cama-antiestres-chica-para-mascotas-pi0101-0331,https://artiani.com.mx/producto/cama-antiestres-chica-para-mascotas-pi0101-0331,https://sys.artiani.com.mx/media/apps/ecommerce/productos/261/1688822052.jpg,si,PERRUCHES,"Perros / Habitat y descanso / Camas y colchones",,,agotado
449,57,PI0101-0019,"Cama antiestrés chica para mascotas",cama-antiestres-chica-para-mascotas-pi0101-0019,https://artiani.com.mx/producto/cama-antiestres-chica-para-mascotas-pi0101-0019,https://sys.artiani.com.mx/media/apps/ecommerce/productos/282/1688822451.jpg,si,PERRUCHES,"Perros / Habitat y descanso / Camas y colchones",,,agotado
450,58,PI0101-0021,"Cama antiestrés chica para mascotas",cama-antiestres-chica-para-mascotas-pi0101-0021,https://artiani.com.mx/producto/cama-antiestres-chica-para-mascotas-pi0101-0021,https://sys.artiani.com.mx/media/apps/ecommerce/productos/283/1688822991.jpg,si,PERRUCHES,"Perros / Habitat y descanso / Camas y colchones",,,agotado
451,59,PI0101-0022,"Cama antiestrés chica para mascotas",cama-antiestres-chica-para-mascotas-pi0101-0022,https://artiani.com.mx/producto/cama-antiestres-chica-para-mascotas-pi0101-0022,https://sys.artiani.com.mx/media/apps/ecommerce/productos/284/1688823272.jpg,si,PERRUCHES,"Perros / Habitat y descanso / Camas y colchones",,,agotado
452,60,PI0101-0023,"Cama antiestrés chica para mascotas",cama-antiestres-chica-para-mascotas-pi0101-0023,https://artiani.com.mx/producto/cama-antiestres-chica-para-mascotas-pi0101-0023,https://sys.artiani.com.mx/media/apps/ecommerce/productos/314/1688823556.jpg,si,PERRUCHES,"Perros / Habitat y descanso / Camas y colchones",,,agotado
453,61,PI0101-0025,"Cama antiestrés chica para mascotas",cama-antiestres-chica-para-mascotas-pi0101-0025,https://artiani.com.mx/producto/cama-antiestres-chica-para-mascotas-pi0101-0025,https://sys.artiani.com.mx/media/apps/ecommerce/productos/315/1688823967.jpg,si,PERRUCHES,"Perros / Habitat y descanso / Camas y colchones",,,agotado
454,62,PI0101-0026,"Cama antiestrés chica para mascotas",cama-antiestres-chica-para-mascotas-pi0101-0026,https://artiani.com.mx/producto/cama-antiestres-chica-para-mascotas-pi0101-0026,https://sys.artiani.com.mx/media/apps/ecommerce/productos/376/1688824276.jpg,si,PERRUCHES,"Perros / Habitat y descanso / Camas y colchones",,,agotado
486,94,PI0101-0060,"Cama antiestrés extra grande para mascotas",cama-antiestres-extra-grande-para-mascotas,https://artiani.com.mx/producto/cama-antiestres-extra-grande-para-mascotas,https://sys.artiani.com.mx/media/apps/ecommerce/productos/984/1700956431.jpg,si,,"Perros / Habitat y descanso / Camas y colchones",,,agotado
487,95,PI0101-0058,"Cama antiestrés extra grande para mascotas",cama-antiestres-extra-grande-para-mascotas-pi0101-0058,https://artiani.com.mx/producto/cama-antiestres-extra-grande-para-mascotas-pi0101-0058,https://sys.artiani.com.mx/media/apps/ecommerce/productos/983/1700956191.jpg,si,,"Perros / Habitat y descanso / Camas y colchones",,,agotado
1790,770,PI0101-0065,"Cama antiestrés extra grande para mascotas",cama-antiestres-extra-grande-para-mascotas-pi0101-0065,https://artiani.com.mx/producto/cama-antiestres-extra-grande-para-mascotas-pi0101-0065,https://sys.artiani.com.mx/media/apps/ecommerce/productos/985/1700956897.jpg,si,PERRUCHES,"Perros / Habitat y descanso / Camas y colchones",,,agotado
2509,1585,PI0101-0043,"Cama antiestrés grande gris",cama-antiestres-grande-gris,https://artiani.com.mx/producto/cama-antiestres-grande-gris,https://sys.artiani.com.mx/media/apps/ecommerce/productos/976/1700949606.jpg,si,PERRUCHES,"Perros / Habitat y descanso / Camas y colchones",,,agotado
2508,1584,PI0101-0044,"Cama antiestrés grande morada",cama-antiestres-grande-morada,https://artiani.com.mx/producto/cama-antiestres-grande-morada,https://sys.artiani.com.mx/media/apps/ecommerce/productos/976/1700949606.jpg,si,PERRUCHES,"Perros / Habitat y descanso / Camas y colchones",,,agotado
2500,1576,PI0101-0051,"Cama antiestrés grande para mascotas",cama-antiestres-grande-para-mascotas,https://artiani.com.mx/producto/cama-antiestres-grande-para-mascotas,https://sys.artiani.com.mx/media/apps/ecommerce/productos/975/1700919337.jpg,si,PERRUCHES,"Perros / Habitat y descanso / Camas y colchones",,,agotado
2501,1577,PI0102-0074,"Cama antiestrés grande para mascotas",cama-antiestres-grande-para-mascotas-pi0102-0074,https://artiani.com.mx/producto/cama-antiestres-grande-para-mascotas-pi0102-0074,https://sys.artiani.com.mx/media/apps/ecommerce/productos/975/1700919337.jpg,si,PERRUCHES,"Perros / Habitat y descanso / Camas y colchones",,,agotado
2502,1578,PI0101-0054,"Cama antiestrés grande para mascotas",cama-antiestres-grande-para-mascotas-pi0101-0054,https://artiani.com.mx/producto/cama-antiestres-grande-para-mascotas-pi0101-0054,https://sys.artiani.com.mx/media/apps/ecommerce/productos/976/1700949606.jpg,si,PERRUCHES,"Perros / Habitat y descanso / Camas y colchones",,,agotado
2503,1579,PI0101-0009,"Cama antiestrés grande para mascotas",cama-antiestres-grande-para-mascotas-pi0101-0009,https://artiani.com.mx/producto/cama-antiestres-grande-para-mascotas-pi0101-0009,https://sys.artiani.com.mx/media/apps/ecommerce/productos/976/1700949606.jpg,si,PERRUCHES,"Perros / Habitat y descanso / Camas y colchones",,,agotado
2504,1580,PI0101-0333,"Cama antiestrés grande para mascotas",cama-antiestres-grande-para-mascotas-pi0101-0333,https://artiani.com.mx/producto/cama-antiestres-grande-para-mascotas-pi0101-0333,https://sys.artiani.com.mx/media/apps/ecommerce/productos/976/1700949606.jpg,si,PERRUCHES,"Perros / Habitat y descanso / Camas y colchones",,,agotado
2505,1581,PI0101-0024,"Cama antiestrés grande para mascotas",cama-antiestres-grande-para-mascotas-pi0101-0024,https://artiani.com.mx/producto/cama-antiestres-grande-para-mascotas-pi0101-0024,https://sys.artiani.com.mx/media/apps/ecommerce/productos/976/1700949606.jpg,si,PERRUCHES,"Perros / Habitat y descanso / Camas y colchones",,,agotado
2506,1582,PI0101-0049,"Cama antiestrés grande para mascotas",cama-antiestres-grande-para-mascotas-pi0101-0049,https://artiani.com.mx/producto/cama-antiestres-grande-para-mascotas-pi0101-0049,https://sys.artiani.com.mx/media/apps/ecommerce/productos/976/1700949606.jpg,si,PERRUCHES,"Perros / Habitat y descanso / Camas y colchones",,,agotado
2507,1583,PI0101-0045,"Cama antiestrés grande para mascotas",cama-antiestres-grande-para-mascotas-pi0101-0045,https://artiani.com.mx/producto/cama-antiestres-grande-para-mascotas-pi0101-0045,https://sys.artiani.com.mx/media/apps/ecommerce/productos/976/1700949606.jpg,si,PERRUCHES,"Perros / Habitat y descanso / Camas y colchones",,,agotado
472,80,PI0101-0028,"Cama antiestrés mediana para mascotas",cama-antiestres-mediana-para-mascotas,https://artiani.com.mx/producto/cama-antiestres-mediana-para-mascotas,https://sys.artiani.com.mx/media/apps/ecommerce/productos/972/1700918664.jpg,si,PERRUCHES,"Perros / Habitat y descanso / Camas y colchones",,,agotado
2496,1572,PI0102-0073,"Cama antiestrés mediana para mascotas",cama-antiestres-mediana-para-mascotas-pi0102-0073,https://artiani.com.mx/producto/cama-antiestres-mediana-para-mascotas-pi0102-0073,https://sys.artiani.com.mx/media/apps/ecommerce/productos/933/1700426713.jpg,si,PERRUCHES,"Perros / Habitat y descanso / Camas y colchones",,,agotado
2497,1573,PI0101-0039,"Cama antiestrés mediana para mascotas",cama-antiestres-mediana-para-mascotas-pi0101-0039,https://artiani.com.mx/producto/cama-antiestres-mediana-para-mascotas-pi0101-0039,https://sys.artiani.com.mx/media/apps/ecommerce/productos/933/1700426713.jpg,si,PERRUCHES,"Perros / Habitat y descanso / Camas y colchones",,,agotado
2585,1695,PI0102-0068-LU,"Cama antiestrés mediana para mascotas",cama-antiestres-mediana-para-mascotas-pi0102-0068-lu,https://artiani.com.mx/producto/cama-antiestres-mediana-para-mascotas-pi0102-0068-lu,https://sys.artiani.com.mx/media/apps/ecommerce/productos/933/1700426713.jpg,si,PERRUCHES,"Perros / Habitat y descanso / Camas y colchones",,,agotado
2586,1696,PI0102-0073-MUL,"Cama antiestrés mediana para mascotas",cama-antiestres-mediana-para-mascotas-pi0102-0073-mul,https://artiani.com.mx/producto/cama-antiestres-mediana-para-mascotas-pi0102-0073-mul,https://sys.artiani.com.mx/media/apps/ecommerce/productos/933/1700426713.jpg,si,PERRUCHES,"Perros / Habitat y descanso / Camas y colchones",,,agotado
465,73,PI0101-0035,"Cama antiestrés mediana para perros y gatos",cama-antiestres-mediana-para-perros-y-gatos,https://artiani.com.mx/producto/cama-antiestres-mediana-para-perros-y-gatos,https://sys.artiani.com.mx/media/apps/ecommerce/productos/526/1688827183.jpg,si,PERRUCHES,"Perros / Habitat y descanso / Camas y colchones",,,agotado
466,74,PI0101-0036,"Cama antiestrés mediana para perros y gatos",cama-antiestres-mediana-para-perros-y-gatos-pi0101-0036,https://artiani.com.mx/producto/cama-antiestres-mediana-para-perros-y-gatos-pi0101-0036,https://sys.artiani.com.mx/media/apps/ecommerce/productos/8/1688827587.jpg,si,PERRUCHES,"Perros / Habitat y descanso / Camas y colchones",,,agotado
467,75,PI0101-0030,"Cama antiestrés mediana para perros y gatos",cama-antiestres-mediana-para-perros-y-gatos-pi0101-0030,https://artiani.com.mx/producto/cama-antiestres-mediana-para-perros-y-gatos-pi0101-0030,https://sys.artiani.com.mx/media/apps/ecommerce/productos/407/1688825982.jpg,si,PERRUCHES,"Perros / Habitat y descanso / Camas y colchones",,,agotado
468,76,PI0101-0032,"Cama antiestrés mediana para perros y gatos",cama-antiestres-mediana-para-perros-y-gatos-pi0101-0032,https://artiani.com.mx/producto/cama-antiestres-mediana-para-perros-y-gatos-pi0101-0032,https://sys.artiani.com.mx/media/apps/ecommerce/productos/408/1688826287.jpg,si,PERRUCHES,"Perros / Habitat y descanso / Camas y colchones",,,agotado
469,77,PI0101-0034,"Cama antiestrés mediana para perros y gatos",cama-antiestres-mediana-para-perros-y-gatos-pi0101-0034,https://artiani.com.mx/producto/cama-antiestres-mediana-para-perros-y-gatos-pi0101-0034,https://sys.artiani.com.mx/media/apps/ecommerce/productos/522/1688826748.jpg,si,PERRUCHES,"Perros / Habitat y descanso / Camas y colchones",,,agotado
470,78,PI0101-0029,"Cama antiestrés mediana para perros y gatos",cama-antiestres-mediana-para-perros-y-gatos-pi0101-0029,https://artiani.com.mx/producto/cama-antiestres-mediana-para-perros-y-gatos-pi0101-0029,https://sys.artiani.com.mx/media/apps/ecommerce/productos/550/1688825566.jpg,si,PERRUCHES,"Perros / Habitat y descanso / Camas y colchones",,,agotado
471,79,PI0101-0332,"Cama antiestrés mediana para perros y gatos",cama-antiestres-mediana-para-perros-y-gatos-pi0101-0332,https://artiani.com.mx/producto/cama-antiestres-mediana-para-perros-y-gatos-pi0101-0332,https://sys.artiani.com.mx/media/apps/ecommerce/productos/558/1688825185.jpg,si,PERRUCHES,"Perros / Habitat y descanso / Camas y colchones",,,agotado
435,43,PI0101-0330,"Cama antiestrés mini para mascotas",cama-antiestres-mini-para-mascotas,https://artiani.com.mx/producto/cama-antiestres-mini-para-mascotas,https://sys.artiani.com.mx/media/apps/ecommerce/productos/25/1700425493.jpg,si,PERRUCHES,"Perros / Habitat y descanso / Camas y colchones",,,agotado
436,44,PI0101-0004,"Cama antiestrés mini para mascotas",cama-antiestres-mini-para-mascotas-pi0101-0004,https://artiani.com.mx/producto/cama-antiestres-mini-para-mascotas-pi0101-0004,https://sys.artiani.com.mx/media/apps/ecommerce/productos/65/1688819336.jpg,si,PERRUCHES,"Perros / Habitat y descanso / Camas y colchones",,,agotado
437,45,PI0101-0006,"Cama antiestrés mini para mascotas",cama-antiestres-mini-para-mascotas-pi0101-0006,https://artiani.com.mx/producto/cama-antiestres-mini-para-mascotas-pi0101-0006,https://sys.artiani.com.mx/media/apps/ecommerce/productos/66/1688819703.jpg,si,PERRUCHES,"Perros / Habitat y descanso / Camas y colchones",,,agotado
438,46,PI0101-0008,"Cama antiestrés mini para mascotas",cama-antiestres-mini-para-mascotas-pi0101-0008,https://artiani.com.mx/producto/cama-antiestres-mini-para-mascotas-pi0101-0008,https://sys.artiani.com.mx/media/apps/ecommerce/productos/73/1688820156.jpg,si,PERRUCHES,"Perros / Habitat y descanso / Camas y colchones",,,agotado
439,47,PI0101-0003,"Cama antiestres mini para mascotas",cama-antiestres-mini-para-mascotas-pi0101-0003,https://artiani.com.mx/producto/cama-antiestres-mini-para-mascotas-pi0101-0003,https://sys.artiani.com.mx/media/apps/ecommerce/productos/563/1688771243.jpg,si,PERRUCHES,"Perros / Habitat y descanso / Camas y colchones",,,agotado
440,48,PI0101-0002,"Cama antiestres mini para mascotas",cama-antiestres-mini-para-mascotas-pi0101-0002,https://artiani.com.mx/producto/cama-antiestres-mini-para-mascotas-pi0101-0002,https://sys.artiani.com.mx/media/apps/ecommerce/productos/699/1688770021.jpg,si,PERRUCHES,"Perros / Habitat y descanso / Camas y colchones",,,agotado
442,50,PI0101-0013,"Cama antiestres mini para mascotas",cama-antiestres-mini-para-mascotas-pi0101-0013,https://artiani.com.mx/producto/cama-antiestres-mini-para-mascotas-pi0101-0013,https://sys.artiani.com.mx/media/apps/ecommerce/productos/919/1700426186.jpg,si,PERRUCHES,"Perros / Habitat y descanso / Camas y colchones",,,agotado
443,51,PI0101-0012,"Cama antiestrés mini para mascotas",cama-antiestres-mini-para-mascotas-pi0101-0012,https://artiani.com.mx/producto/cama-antiestres-mini-para-mascotas-pi0101-0012,https://sys.artiani.com.mx/media/apps/ecommerce/productos/102/1700428210.jpg,si,PERRUCHES,"Perros / Habitat y descanso / Camas y colchones",,,agotado
229,293,PI0304-0152,"Cama casa pollito para mascotas",cama-casa-pollito-para-mascotas,https://artiani.com.mx/producto/cama-casa-pollito-para-mascotas,https://sys.artiani.com.mx/media/apps/ecommerce/productos/211/1688565711.jpg,si,,"Perros / Habitat y descanso / Camas y colchones",,,agotado
2108,1172,COLCA-01,"Cama colchon spri chico",cama-colchon-spri-chico,https://artiani.com.mx/producto/cama-colchon-spri-chico,https://sys.artiani.com.mx/media/apps/ecommerce/productos/1523/1757975841.webp,si,,"Perros / Habitat y descanso / Camas y colchones",490,MXN,agotado
2109,1173,COLCA-02,"Cama colchon spri grande",cama-colchon-spri-grande,https://artiani.com.mx/producto/cama-colchon-spri-grande,https://sys.artiani.com.mx/media/apps/ecommerce/productos/1524/1757975796.webp,si,,"Perros / Habitat y descanso / Camas y colchones",950,MXN,agotado
455,63,PI0203-0131,"Cama colchoneta Tom chica azul",cama-colchoneta-tom-chica-azul,https://artiani.com.mx/producto/cama-colchoneta-tom-chica-azul,https://sys.artiani.com.mx/media/apps/ecommerce/productos/923/1700083763.jpg,si,ROOMMIE,"Perros / Habitat y descanso / Camas y colchones",,,agotado
457,65,PIO0203-0132,"Cama colchoneta tom chica gris",cama-colchoneta-tom-chica-gris,https://artiani.com.mx/producto/cama-colchoneta-tom-chica-gris,https://sys.artiani.com.mx/media/apps/ecommerce/productos/922/1699882399.jpg,si,ROOMMIE,"Perros / Habitat y descanso / Camas y colchones",,,agotado
458,66,PI0203-0136,"Cama colchoneta tom chica rosa",cama-colchoneta-tom-chica-rosa,https://artiani.com.mx/producto/cama-colchoneta-tom-chica-rosa,https://sys.artiani.com.mx/media/apps/ecommerce/productos/924/1700084226.jpg,si,ROOMMIE,"Perros / Habitat y descanso / Camas y colchones",,,agotado
456,64,PI0203-0135,"Cama colchoneta Tom chica tinta",cama-colchoneta-tom-chica-tinta,https://artiani.com.mx/producto/cama-colchoneta-tom-chica-tinta,https://sys.artiani.com.mx/media/apps/ecommerce/productos/916/1700083131.jpg,si,ROOMMIE,"Perros / Habitat y descanso / Camas y colchones",,,agotado
482,90,PI0203-01,"Cama colchoneta tom grande azul",cama-colchoneta-tom-grande-azul,https://artiani.com.mx/producto/cama-colchoneta-tom-grande-azul,https://sys.artiani.com.mx/media/apps/ecommerce/productos/932/1700163288.jpg,si,ROOMMIE,"Perros / Habitat y descanso / Camas y colchones",,,agotado
479,87,PI0203-0144,"Cama colchoneta tom grande gris",cama-colchoneta-tom-grande-gris,https://artiani.com.mx/producto/cama-colchoneta-tom-grande-gris,https://sys.artiani.com.mx/media/apps/ecommerce/productos/929/1700162385.jpg,si,ROOMMIE,"Perros / Habitat y descanso / Camas y colchones",,,agotado
480,88,PI0203-0148,"Cama colchoneta tom grande rosa",cama-colchoneta-tom-grande-rosa,https://artiani.com.mx/producto/cama-colchoneta-tom-grande-rosa,https://sys.artiani.com.mx/media/apps/ecommerce/productos/930/1700162588.jpg,si,ROOMMIE,"Perros / Habitat y descanso / Camas y colchones",,,agotado
481,89,PI0203-0147,"Cama colchoneta tom grande tinto",cama-colchoneta-tom-grande-tinto,https://artiani.com.mx/producto/cama-colchoneta-tom-grande-tinto,https://sys.artiani.com.mx/media/apps/ecommerce/productos/931/1700163001.jpg,si,ROOMMIE,"Perros / Habitat y descanso / Camas y colchones",,,agotado
477,85,PI0203-0137,"Cama colchoneta tom mediana azul",cama-colchoneta-tom-mediana-azul,https://artiani.com.mx/producto/cama-colchoneta-tom-mediana-azul,https://sys.artiani.com.mx/media/apps/ecommerce/productos/926/1700086078.jpg,si,ROOMMIE,"Perros / Habitat y descanso / Camas y colchones",,,agotado
478,86,PI0203-0138,"Cama colchoneta tom mediana gris",cama-colchoneta-tom-mediana-gris,https://artiani.com.mx/producto/cama-colchoneta-tom-mediana-gris,https://sys.artiani.com.mx/media/apps/ecommerce/productos/927/1700161504.jpg,si,ROOMMIE,"Perros / Habitat y descanso / Camas y colchones",,,agotado
476,84,PI0203-0142,"Cama colchoneta tom mediana rosa",cama-colchoneta-tom-mediana-rosa,https://artiani.com.mx/producto/cama-colchoneta-tom-mediana-rosa,https://sys.artiani.com.mx/media/apps/ecommerce/productos/925/1700085789.jpg,si,ROOMMIE,"Perros / Habitat y descanso / Camas y colchones",,,agotado
475,83,PI0203-0141,"Cama colchoneta tom mediana tinto",cama-colchoneta-tom-mediana-tinto,https://artiani.com.mx/producto/cama-colchoneta-tom-mediana-tinto,https://sys.artiani.com.mx/media/apps/ecommerce/productos/928/1700161880.jpg,si,ROOMMIE,"Perros / Habitat y descanso / Camas y colchones",,,agotado
1781,759,CAMCOMICRO,"Cama corona micro para mascotas",cama-corona-micro-para-mascotas,https://artiani.com.mx/producto/cama-corona-micro-para-mascotas,https://sys.artiani.com.mx/media/apps/ecommerce/productos/915/1699750405.jpg,si,,"Pequenos mamiferos / Conejo / Camas, casas y colchones",165,MXN,agotado
1780,758,CAMCOMINI,"Cama corona mini para mascotas",cama-corona-mini-para-mascotas,https://artiani.com.mx/producto/cama-corona-mini-para-mascotas,https://sys.artiani.com.mx/media/apps/ecommerce/productos/914/1699749094.jpg,si,,"Pequenos mamiferos / Conejo / Camas, casas y colchones",190,MXN,agotado
460,68,PI0102-0066,"Cama day chica azul",cama-day-chica-azul,https://artiani.com.mx/producto/cama-day-chica-azul,https://sys.artiani.com.mx/media/apps/ecommerce/productos/948/1700747146.jpg,si,ROOMMIE,"Perros / Habitat y descanso / Camas y colchones",,,agotado
464,72,PI0102-0067,"Cama day chica gris",cama-day-chica-gris,https://artiani.com.mx/producto/cama-day-chica-gris,https://sys.artiani.com.mx/media/apps/ecommerce/productos/953/1700748185.jpg,si,ROOMMIE,"Perros / Habitat y descanso / Camas y colchones",,,agotado
459,67,PI0102-0068,"Cama day chica morada",cama-day-chica-morada,https://artiani.com.mx/producto/cama-day-chica-morada,https://sys.artiani.com.mx/media/apps/ecommerce/productos/952/1700748031.jpg,si,ROOMMIE,"Perros / Habitat y descanso / Camas y colchones",,,agotado
463,71,PI0102-0069,"Cama day chica mostaza",cama-day-chica-mostaza,https://artiani.com.mx/producto/cama-day-chica-mostaza,https://sys.artiani.com.mx/media/apps/ecommerce/productos/951/1700747747.jpg,si,ROOMMIE,"Perros / Habitat y descanso / Camas y colchones",,,agotado
462,70,PI0102-0070,"Cama day chica roja",cama-day-chica-roja,https://artiani.com.mx/producto/cama-day-chica-roja,https://sys.artiani.com.mx/media/apps/ecommerce/productos/950/1700747508.jpg,si,ROOMMIE,"Perros / Habitat y descanso / Camas y colchones",,,agotado
461,69,PI0102-0071,"Cama day chica rosa",cama-day-chica-rosa,https://artiani.com.mx/producto/cama-day-chica-rosa,https://sys.artiani.com.mx/media/apps/ecommerce/productos/949/1700747335.jpg,si,ROOMMIE,"Perros / Habitat y descanso / Camas y colchones",,,agotado
484,92,PI0102-0078,"Cama day grande azul",cama-day-grande-azul,https://artiani.com.mx/producto/cama-day-grande-azul,https://sys.artiani.com.mx/media/apps/ecommerce/productos/954/1700768126.jpg,si,ROOMMIE,"Perros / Habitat y descanso / Camas y colchones",,,agotado
485,93,PI0102-0079,"Cama day grande gris",cama-day-grande-gris,https://artiani.com.mx/producto/cama-day-grande-gris,https://sys.artiani.com.mx/media/apps/ecommerce/productos/955/1700768350.jpg,si,ROOMMIE,"Perros / Habitat y descanso / Camas y colchones",,,agotado
483,91,PI0102-0083,"Cama day grande Rosa",cama-day-grande-rosa,https://artiani.com.mx/producto/cama-day-grande-rosa,https://sys.artiani.com.mx/media/apps/ecommerce/productos/956/1700768644.jpg,si,ROOMMIE,"Perros / Habitat y descanso / Camas y colchones",,,agotado
2493,1569,PI0103-0082,"Cama day mediana azul",cama-day-mediana-azul,https://artiani.com.mx/producto/cama-day-mediana-azul,https://sys.artiani.com.mx/media/apps/ecommerce/productos/942/1700745202.jpg,si,PERRUCHES,"Perros / Habitat y descanso / Camas y colchones",,,agotado
2490,1566,PI0103-0085,"Cama day mediana gris",cama-day-mediana-gris,https://artiani.com.mx/producto/cama-day-mediana-gris,https://sys.artiani.com.mx/media/apps/ecommerce/productos/942/1700745202.jpg,si,PERRUCHES,"Perros / Habitat y descanso / Camas y colchones",,,agotado
2495,1571,PI0103-0088,"Cama day mediana morada",cama-day-mediana-morada,https://artiani.com.mx/producto/cama-day-mediana-morada,https://sys.artiani.com.mx/media/apps/ecommerce/productos/942/1700745202.jpg,si,PERRUCHES,"Perros / Habitat y descanso / Camas y colchones",,,agotado
2492,1568,PI0103-0091,"Cama day mediana mostaza",cama-day-mediana-mostaza,https://artiani.com.mx/producto/cama-day-mediana-mostaza,https://sys.artiani.com.mx/media/apps/ecommerce/productos/942/1700745202.jpg,si,PERRUCHES,"Perros / Habitat y descanso / Camas y colchones",,,agotado
2494,1570,PI0103-0094,"Cama day mediana roja",cama-day-mediana-roja,https://artiani.com.mx/producto/cama-day-mediana-roja,https://sys.artiani.com.mx/media/apps/ecommerce/productos/942/1700745202.jpg,si,PERRUCHES,"Perros / Habitat y descanso / Camas y colchones",,,agotado
2491,1567,PI0103-0097,"Cama day mediana rosa",cama-day-mediana-rosa,https://artiani.com.mx/producto/cama-day-mediana-rosa,https://sys.artiani.com.mx/media/apps/ecommerce/productos/942/1700745202.jpg,si,PERRUCHES,"Perros / Habitat y descanso / Camas y colchones",,,agotado
2054,1101,CAMDO-01,"Cama doble vista chica",cama-doble-vista-chica,https://artiani.com.mx/producto/cama-doble-vista-chica,https://sys.artiani.com.mx/media/apps/ecommerce/productos/1426/1742651413.webp,si,,"Perros / Habitat y descanso / Camas y colchones",,,agotado
2055,1102,CAMDO-02,"Cama doble vista chica",cama-doble-vista-chica-camdo-02,https://artiani.com.mx/producto/cama-doble-vista-chica-camdo-02,https://sys.artiani.com.mx/media/apps/ecommerce/productos/1427/1742652012.webp,si,,"Perros / Habitat y descanso / Camas y colchones",,,agotado
2056,1103,CAMDO-03,"Cama doble vista grande",cama-doble-vista-grande,https://artiani.com.mx/producto/cama-doble-vista-grande,https://sys.artiani.com.mx/media/apps/ecommerce/productos/1428/1742652286.webp,si,,"Perros / Habitat y descanso / Camas y colchones",,,agotado
1782,760,ACCESORIO,"Cama dona mini",cama-dona-mini,https://artiani.com.mx/producto/cama-dona-mini,https://sys.artiani.com.mx/media/apps/ecommerce/productos/917/1699751735.jpg,si,,"Pequenos mamiferos / Conejo / Camas, casas y colchones",160,MXN,agotado
2417,1489,CAEL-02,"Cama elevanda portatil y transpirable chica",cama-elevanda-portatil-y-transpirable-chica,https://artiani.com.mx/producto/cama-elevanda-portatil-y-transpirable-chica,https://sys.artiani.com.mx/media/apps/ecommerce/productos/1871/1775479036.webp,si,"HOBBY PET","Perros / Habitat y descanso / Camas y colchones",,,agotado
2443,1517,CAEL-05,"Cama elevanda portatil y transpirable extra grande",cama-elevanda-portatil-y-transpirable-extra-grande,https://artiani.com.mx/producto/cama-elevanda-portatil-y-transpirable-extra-grande,https://sys.artiani.com.mx/media/apps/ecommerce/productos/1899/1776178461.webp,si,,"Perros / Habitat y descanso / Camas y colchones",,,agotado
2416,1488,CAEL-01,"Cama elevanda portatil y transpirable extrachica",cama-elevanda-portatil-y-transpirable-extrachica,https://artiani.com.mx/producto/cama-elevanda-portatil-y-transpirable-extrachica,https://sys.artiani.com.mx/media/apps/ecommerce/productos/1870/1775478947.webp,si,"HOBBY PET","Perros / Habitat y descanso / Camas y colchones",,,agotado
2442,1516,CAEL-04,"Cama elevanda portatil y transpirable grande",cama-elevanda-portatil-y-transpirable-grande,https://artiani.com.mx/producto/cama-elevanda-portatil-y-transpirable-grande,https://sys.artiani.com.mx/media/apps/ecommerce/productos/1898/1776178395.webp,si,,"Perros / Habitat y descanso / Camas y colchones",,,agotado
2418,1490,CAEL-03,"Cama elevanda portatil y transpirable mediana",cama-elevanda-portatil-y-transpirable-mediana,https://artiani.com.mx/producto/cama-elevanda-portatil-y-transpirable-mediana,https://sys.artiani.com.mx/media/apps/ecommerce/productos/1872/1775652265.webp,si,"HOBBY PET","Perros / Habitat y descanso / Camas y colchones",,,agotado
2067,1114,PI0107-0099,"Cama fruti kiwi chica",cama-fruti-kiwi-chica,https://artiani.com.mx/producto/cama-fruti-kiwi-chica,https://sys.artiani.com.mx/media/apps/ecommerce/productos/1446/1759357852.webp,si,PERRUCHES,"Perros / Habitat y descanso / Camas y colchones",,,agotado
2587,1697,PI0107-0101-FRUTTI,"Cama fruti kiwi grande",cama-fruti-kiwi-grande,https://artiani.com.mx/producto/cama-fruti-kiwi-grande,https://sys.artiani.com.mx/media/apps/ecommerce/productos/1452/1759360979.webp,si,PERRUCHES,"Perros / Habitat y descanso / Camas y colchones",,,agotado
2068,1115,PI0107-0100,"Cama fruti kiwi mediana",cama-fruti-kiwi-mediana,https://artiani.com.mx/producto/cama-fruti-kiwi-mediana,https://sys.artiani.com.mx/media/apps/ecommerce/productos/1447/1759360346.webp,si,PERRUCHES,"Perros / Habitat y descanso / Camas y colchones",,,agotado
2588,1698,PI0107-0102-FRUTTI,"Cama fruti limon chica",cama-fruti-limon-chica,https://artiani.com.mx/producto/cama-fruti-limon-chica,https://sys.artiani.com.mx/media/apps/ecommerce/productos/1445/1759357756.webp,si,PERRUCHES,"Perros / Habitat y descanso / Camas y colchones",,,agotado
2071,1118,PI0107-0104,"Cama fruti limon grande",cama-fruti-limon-grande,https://artiani.com.mx/producto/cama-fruti-limon-grande,https://sys.artiani.com.mx/media/apps/ecommerce/productos/1451/1759360932.webp,si,PERRUCHES,"Perros / Habitat y descanso / Camas y colchones",,,agotado
2069,1116,PI0107-0105,"Cama fruti naranja mediana",cama-fruti-naranja-mediana,https://artiani.com.mx/producto/cama-fruti-naranja-mediana,https://sys.artiani.com.mx/media/apps/ecommerce/productos/1448/1759360306.webp,si,PERRUCHES,"Perros / Habitat y descanso / Camas y colchones",,,agotado
2070,1117,PI0107-0109,"Cama fruti sandía mediana",cama-fruti-sandia-mediana,https://artiani.com.mx/producto/cama-fruti-sandia-mediana,https://sys.artiani.com.mx/media/apps/ecommerce/productos/1450/1759360218.webp,si,PERRUCHES,"Perros / Habitat y descanso / Camas y colchones",,,agotado
2589,1699,PI0107-0112,"Cama fruti toronja mediana",cama-fruti-toronja-mediana,https://artiani.com.mx/producto/cama-fruti-toronja-mediana,https://sys.artiani.com.mx/media/apps/ecommerce/productos/1449/1759360271.webp,si,PERRUCHES,"Perros / Habitat y descanso / Camas y colchones",,,agotado
444,52,PI0101-0335,"Cama mini antiestres para mascotas",cama-mini-antiestres-para-mascotas,https://artiani.com.mx/producto/cama-mini-antiestres-para-mascotas,https://sys.artiani.com.mx/media/apps/ecommerce/productos/970/1700916340.jpg,si,PERRUCHES,"Perros / Habitat y descanso / Camas y colchones",,,agotado
441,49,PI00000,"Cama mini antiestrés rosa",cama-mini-antiestres-rosa,https://artiani.com.mx/producto/cama-mini-antiestres-rosa,https://sys.artiani.com.mx/media/apps/ecommerce/productos/1002/1701296911.jpg,si,PERRUCHES,"Perros / Habitat y descanso / Camas y colchones",,,agotado
2488,1564,PI0107-0101,"Cama ruy chica galaxia",cama-ruy-chica-galaxia,https://artiani.com.mx/producto/cama-ruy-chica-galaxia,https://sys.artiani.com.mx/media/apps/ecommerce/productos/957/1700769568.jpg,si,PERRUCHES,"Perros / Habitat y descanso / Camas y colchones",,,agotado
2489,1565,PI0107-0102,"Cama ruy chica multicolor",cama-ruy-chica-multicolor,https://artiani.com.mx/producto/cama-ruy-chica-multicolor,https://sys.artiani.com.mx/media/apps/ecommerce/productos/957/1700769568.jpg,si,PERRUCHES,"Perros / Habitat y descanso / Camas y colchones",,,agotado
2498,1574,PI0208-0185,"Cama ruy grande galaxia",cama-ruy-grande-galaxia,https://artiani.com.mx/producto/cama-ruy-grande-galaxia,https://sys.artiani.com.mx/media/apps/ecommerce/productos/961/1700770877.jpg,si,PERRUCHES,"Perros / Habitat y descanso / Camas y colchones",,,agotado
2499,1575,PI0208-0189,"Cama ruy grande multicolor",cama-ruy-grande-multicolor,https://artiani.com.mx/producto/cama-ruy-grande-multicolor,https://sys.artiani.com.mx/media/apps/ecommerce/productos/961/1700770877.jpg,si,PERRUCHES,"Perros / Habitat y descanso / Camas y colchones",,,agotado
474,82,PI0107-0106,"Cama ruy mediana galaxia",cama-ruy-mediana-galaxia,https://artiani.com.mx/producto/cama-ruy-mediana-galaxia,https://sys.artiani.com.mx/media/apps/ecommerce/productos/959/1700770152.jpg,si,,"Perros / Habitat y descanso / Camas y colchones",,,agotado
473,81,PI0107-0107,"Cama ruy mediana multicolor",cama-ruy-mediana-multicolor,https://artiani.com.mx/producto/cama-ruy-mediana-multicolor,https://sys.artiani.com.mx/media/apps/ecommerce/productos/960/1700770427.jpg,si,,"Perros / Habitat y descanso / Camas y colchones",,,agotado
1982,1020,AS006,"Camaroncitos gambitas seco para tortuga y peces grandes #14 250 ml",camaroncitos-gambitas-seco-para-tortuga-y-peces-grandes-14-250ml,https://artiani.com.mx/producto/camaroncitos-gambitas-seco-para-tortuga-y-peces-grandes-14-250ml,https://sys.artiani.com.mx/media/apps/ecommerce/productos/1337/1726207927.jpg,si,"HOBBY PET","Reptiles, anfibios e invertebrados / Tortugas / Alimentos para tortugas",140,MXN,agotado
1981,1019,AS004,"Camaroncitos gambitas seco para tortuga y peces grandes gambitas #11 100 ml",camaroncitos-gambitas-seco-para-tortuga-y-peces-grandes-gambitas-11-100ml,https://artiani.com.mx/producto/camaroncitos-gambitas-seco-para-tortuga-y-peces-grandes-gambitas-11-100ml,https://sys.artiani.com.mx/media/apps/ecommerce/productos/1336/1726207236.jpg,si,"HOBBY PET","Reptiles, anfibios e invertebrados / Tortugas / Alimentos para tortugas",75,MXN,agotado
1980,1018,AS002,"Camaroncitos gambitas seco para tortuga y peces grandes gambitas #4 40 ml",camaroncitos-gambitas-seco-para-tortuga-y-peces-grandes-gambitas-4-40ml,https://artiani.com.mx/producto/camaroncitos-gambitas-seco-para-tortuga-y-peces-grandes-gambitas-4-40ml,https://sys.artiani.com.mx/media/apps/ecommerce/productos/1335/1726205908.jpg,si,"HOBBY PET","Reptiles, anfibios e invertebrados / Tortugas / Alimentos para tortugas",45,MXN,agotado
2174,1241,CAM-01,"Campana aluminio con gancho",campana-aluminio-con-gancho,https://artiani.com.mx/producto/campana-aluminio-con-gancho,https://sys.artiani.com.mx/media/apps/ecommerce/productos/1603/1760968205.webp,si,,"Reptiles, anfibios e invertebrados / Reptiles generales / Calefaccion",750,MXN,agotado
2175,1242,CAM-02,"Campana de metal foco",campana-de-metal-foco,https://artiani.com.mx/producto/campana-de-metal-foco,https://sys.artiani.com.mx/media/apps/ecommerce/productos/1604/1761173344.webp,si,,"Reptiles, anfibios e invertebrados / Reptiles generales / Calefaccion",580,MXN,agotado
2176,1243,CAM-03,"Campana de metal para doble foco",campana-de-metal-para-doble-foco,https://artiani.com.mx/producto/campana-de-metal-para-doble-foco,https://sys.artiani.com.mx/media/apps/ecommerce/productos/1605/1761173464.webp,si,,"Reptiles, anfibios e invertebrados / Reptiles generales / Calefaccion",1100,MXN,agotado
1622,542,CARA-01,"Caracol mazano",caracol-mazano,https://artiani.com.mx/producto/caracol-mazano,https://sys.artiani.com.mx/media/apps/ecommerce/productos/609/1715463544.jpg,si,,,25,MXN,agotado
2734,1866,1195,"Carda retractil 13 x 7.5 cm",carda-retractil-13-x-7-5-cm,https://artiani.com.mx/producto/carda-retractil-13-x-7-5-cm,https://sys.artiani.com.mx/uploads/erp/catalogo/productos/1613/producto-1613-20260826071101-d6bd5593.webp,si,"ECO PET","Perros / Salud e higiene / Higiene y limpieza",,,agotado
1845,833,7540,"Carda sevenpet grande roja (sebla)",carda-sevenpet-grande-roja-sebla,https://artiani.com.mx/producto/carda-sevenpet-grande-roja-sebla,https://sys.artiani.com.mx/media/apps/ecommerce/productos/1103/1711661909.jpg,si,SEVENPET,"Perros / Salud e higiene / Prevencion y cuidado",75,MXN,agotado
2004,1045,CAMP-02,"Casa cama camping chica",casa-cama-camping-chica,https://artiani.com.mx/producto/casa-cama-camping-chica,https://sys.artiani.com.mx/media/apps/ecommerce/productos/1363/1730299713.JPG,si,ROOMMIE,"Perros / Habitat y descanso / Camas y colchones",,,agotado
2003,1044,CAMP-01,"Casa cama camping grande",casa-cama-camping-grande,https://artiani.com.mx/producto/casa-cama-camping-grande,https://sys.artiani.com.mx/media/apps/ecommerce/productos/1362/1730298750.JPG,si,ROOMMIE,"Perros / Habitat y descanso / Camas y colchones",,,agotado
2005,1046,CUB-01,"Casa cama cubo chico",casa-cama-cubo-chico,https://artiani.com.mx/producto/casa-cama-cubo-chico,https://sys.artiani.com.mx/media/apps/ecommerce/productos/1364/1730300511.JPG,si,,"Perros / Habitat y descanso / Camas y colchones",,,agotado
2006,1047,CUB-02,"Casa cama cubo grande",casa-cama-cubo-grande,https://artiani.com.mx/producto/casa-cama-cubo-grande,https://sys.artiani.com.mx/media/apps/ecommerce/productos/1365/1730301393.JPG,si,,"Perros / Habitat y descanso / Camas y colchones",,,agotado
228,292,PI0304-0150,"Casa cama gatito para mascotas",casa-cama-gatito-para-mascotas,https://artiani.com.mx/producto/casa-cama-gatito-para-mascotas,https://sys.artiani.com.mx/media/apps/ecommerce/productos/210/1688565424.jpg,si,,"Perros / Habitat y descanso / Camas y colchones",,,agotado
1744,702,PI0304-0151,"Casa cama perrito para mascotas",casa-cama-perrito-para-mascotas,https://artiani.com.mx/producto/casa-cama-perrito-para-mascotas,https://sys.artiani.com.mx/media/apps/ecommerce/productos/835/1688565110.jpg,si,,"Perros / Habitat y descanso / Camas y colchones",,,agotado
231,295,PI0304-0149,"Casa cama puerquito para mascotas",casa-cama-puerquito-para-mascotas,https://artiani.com.mx/producto/casa-cama-puerquito-para-mascotas,https://sys.artiani.com.mx/media/apps/ecommerce/productos/213/1688566853.jpg,si,,"Perros / Habitat y descanso / Camas y colchones",,,agotado
230,294,PI0304-0153,"Casa cama ranita para mascotas",casa-cama-ranita-para-mascotas,https://artiani.com.mx/producto/casa-cama-ranita-para-mascotas,https://sys.artiani.com.mx/media/apps/ecommerce/productos/212/1688566080.jpg,si,,"Perros / Habitat y descanso / Camas y colchones",,,agotado
232,296,PI0304-0154,"Casa cama ratoncito para mascotas",casa-cama-ratoncito-para-mascotas,https://artiani.com.mx/producto/casa-cama-ratoncito-para-mascotas,https://sys.artiani.com.mx/media/apps/ecommerce/productos/214/1688566389.jpg,si,,"Perros / Habitat y descanso / Camas y colchones",,,agotado
2009,1050,TEE-02,"Casa cama teepees chica",casa-cama-teepees-chica,https://artiani.com.mx/producto/casa-cama-teepees-chica,https://sys.artiani.com.mx/media/apps/ecommerce/productos/1368/1730817086.JPG,si,ROOMMIE,"Perros / Habitat y descanso / Camas y colchones",,,agotado
2008,1049,TEE-01,"Casa cama teepees mediano",casa-cama-teepees-mediano,https://artiani.com.mx/producto/casa-cama-teepees-mediano,https://sys.artiani.com.mx/media/apps/ecommerce/productos/1367/1730816767.JPG,si,ROOMMIE,"Perros / Habitat y descanso / Camas y colchones",,,agotado
2110,1174,KRIA-CASACH,"Casa impermeable inter chica azul",casa-impermeable-inter-chica-azul,https://artiani.com.mx/producto/casa-impermeable-inter-chica-azul,https://sys.artiani.com.mx/media/apps/ecommerce/productos/1525/1757975543.webp,si,,"Perros / Habitat y descanso / Casas",590,MXN,agotado
2113,1177,KRIA-CASAJO,"Casa impermeable inter extragrande color rojo",casa-impermeable-inter-extragrande-color-rojo,https://artiani.com.mx/producto/casa-impermeable-inter-extragrande-color-rojo,https://sys.artiani.com.mx/media/apps/ecommerce/productos/1528/1757975371.webp,si,,"Perros / Habitat y descanso / Casas",2750,MXN,agotado
2112,1176,KRIA-CASAGD,"Casa impermeable inter grande verde",casa-impermeable-inter-grande-verde,https://artiani.com.mx/producto/casa-impermeable-inter-grande-verde,https://sys.artiani.com.mx/media/apps/ecommerce/productos/1527/1757975488.webp,si,,"Perros / Habitat y descanso / Casas",1650,MXN,agotado
2111,1175,KRIA-CASAMD,"Casa impermeable inter mediana rosa",casa-impermeable-inter-mediana-rosa,https://artiani.com.mx/producto/casa-impermeable-inter-mediana-rosa,https://sys.artiani.com.mx/media/apps/ecommerce/productos/1526/1757975516.webp,si,,"Perros / Habitat y descanso / Casas",980,MXN,agotado
1752,712,10260,"Casa inova chica roja",casa-inova-chica-roja,https://artiani.com.mx/producto/casa-inova-chica-roja,https://sys.artiani.com.mx/media/apps/ecommerce/productos/849/1711150798.jpg,si,,"Perros / Habitat y descanso / Casas",,,agotado
2207,1276,KRIA-CASAHA,"Casa minu impermeable chica",casa-minu-impermeable-chica,https://artiani.com.mx/producto/casa-minu-impermeable-chica,https://sys.artiani.com.mx/media/apps/ecommerce/productos/1643/1765289148.webp,si,,"Pequenos mamiferos / Conejo / Camas, casas y colchones",200,MXN,agotado
2209,1278,KRIA-CASACO,"Casa minu impermeable grande",casa-minu-impermeable-grande,https://artiani.com.mx/producto/casa-minu-impermeable-grande,https://sys.artiani.com.mx/media/apps/ecommerce/productos/1645/1765290052.webp,si,,"Pequenos mamiferos / Conejo / Camas, casas y colchones",350,MXN,agotado
2208,1277,KRIA-CASACU,"Casa minu impermeale mediana",casa-minu-impermeale-mediana,https://artiani.com.mx/producto/casa-minu-impermeale-mediana,https://sys.artiani.com.mx/media/apps/ecommerce/productos/1644/1765290067.webp,si,,"Pequenos mamiferos / Conejo / Camas, casas y colchones",250,MXN,agotado
2045,1090,CABE-01,"Casa para hámster con porta bebedero naranja",casa-para-hamster-con-porta-bebedero-naranja,https://artiani.com.mx/producto/casa-para-hamster-con-porta-bebedero-naranja,https://sys.artiani.com.mx/media/apps/ecommerce/productos/1415/1733323616.JPG,si,,"Pequenos mamiferos / Conejo / Camas, casas y colchones",,,agotado
1959,993,RJ190,"Casa para hamsters castillo 10 x 9 � 9 cm",casa-para-hamsters-castillo-10-x-9-9-cm,https://artiani.com.mx/producto/casa-para-hamsters-castillo-10-x-9-9-cm,https://sys.artiani.com.mx/media/apps/ecommerce/productos/1304/1719752731.jpg,si,,"Pequenos mamiferos / Conejo / Camas, casas y colchones",75,MXN,agotado
1590,497,10245,"Casa para mascotas 48 x 39 x 39 cm",casa-para-mascotas-48-x-39-x-39-cm,https://artiani.com.mx/producto/casa-para-mascotas-48-x-39-x-39-cm,https://sys.artiani.com.mx/media/apps/ecommerce/productos/557/1711149351.jpg,si,DURAPETS,"Perros / Habitat y descanso / Casas",,,agotado
1635,557,11026,"Casa para mascotas 67 x 51 x 51 cm",casa-para-mascotas-67-x-51-x-51-cm,https://artiani.com.mx/producto/casa-para-mascotas-67-x-51-x-51-cm,https://sys.artiani.com.mx/media/apps/ecommerce/productos/634/1715292513.jpg,si,SEVENPET,"Perros / Habitat y descanso / Casas",,,agotado
1649,578,11031,"Casa para mascotas 95 x 75 x 71 cm",casa-para-mascotas-95-x-75-x-71-cm,https://artiani.com.mx/producto/casa-para-mascotas-95-x-75-x-71-cm,https://sys.artiani.com.mx/media/apps/ecommerce/productos/676/1715293182.jpg,si,SEVENPET,"Perros / Habitat y descanso / Casas",,,agotado
733,266,SDH-506,"Casa para perro con teja 74 x 45 x 67 cm puerta metalica incluida",casa-para-perro-con-teja-74-x-45-x-67-cm-puerta-metalica-incluida,https://artiani.com.mx/producto/casa-para-perro-con-teja-74-x-45-x-67-cm-puerta-metalica-incluida,https://sys.artiani.com.mx/media/apps/ecommerce/productos/164/1669989607.png,si,SUNNY,"Perros / Habitat y descanso / Casas",1950,MXN,agotado
197,214,SP-3799,"Cat nip menta para gato",cat-nip-menta-para-gato,https://artiani.com.mx/producto/cat-nip-menta-para-gato,https://sys.artiani.com.mx/media/apps/ecommerce/productos/101/1689879723.jpg,si,SUNNY,"Gatos / Accesorios generales",70,MXN,consultar_disponibilidad
396,405,FL3915,"Catnip en spray para gatos 125 ml",catnip-en-spray-para-gatos-125ml,https://artiani.com.mx/producto/catnip-en-spray-para-gatos-125ml,https://sys.artiani.com.mx/media/apps/ecommerce/productos/398/1724162636.jpg,si,"FANCY PETS","Gatos / Transporte, paseo y entrenamiento / Entrenamiento",85,MXN,agotado
196,211,FL3922,"Catnip para gatos 28 gr",catnip-para-gatos-28g,https://artiani.com.mx/producto/catnip-para-gatos-28g,https://sys.artiani.com.mx/media/apps/ecommerce/productos/98/1674771985.jpg,si,"FANCY PETS","Gatos / Accesorios generales",,,agotado
2380,1452,FL9665,"Cepillo con vaporizador",cepillo-con-vaporizador,https://artiani.com.mx/producto/cepillo-con-vaporizador,https://sys.artiani.com.mx/media/apps/ecommerce/productos/1833/1773494427.webp,si,"FANCY PETS","Gatos / Salud e higiene / Higiene y limpieza",125,MXN,agotado
2038,1083,FL8311,"Cepillo doble chico",cepillo-doble-chico,https://artiani.com.mx/producto/cepillo-doble-chico,https://sys.artiani.com.mx/media/apps/ecommerce/productos/1403/1732368015.jpg,si,"FANCY PETS","Perros / Salud e higiene / Higiene y limpieza",210,MXN,agotado
1910,914,10001,"Cepillo quita nudos 11 x 14.5 cm (100)",cepillo-quita-nudos-11-x-14-5-cm-100,https://artiani.com.mx/producto/cepillo-quita-nudos-11-x-14-5-cm-100,https://sys.artiani.com.mx/media/apps/ecommerce/productos/1197/1713313564.jpg,si,SEVENPET,"Perros / Salud e higiene / Higiene y limpieza",,,agotado
263,1453,FL9666,"Cepillo rascador de silicon",cepillo-rascador-de-silicon,https://artiani.com.mx/producto/cepillo-rascador-de-silicon,https://sys.artiani.com.mx/media/apps/ecommerce/productos/1834/1773494868.webp,si,"FANCY PETS","Gatos / Salud e higiene / Higiene y limpieza",65,MXN,agotado
144,202,7646,"Cernicat arenero con cernidor y pala 56 x 39 x 26 cm",cernicat-arenero-con-cernidor-y-pala-56-x-39-x-26-cm,https://artiani.com.mx/producto/cernicat-arenero-con-cernidor-y-pala-56-x-39-x-26-cm,https://sys.artiani.com.mx/media/apps/ecommerce/productos/77/1692727759.jpg,si,"AQUA KRIL","Gatos / Salud e higiene / Areneros",550,MXN,consultar_disponibilidad
2747,1883,PROD0965-1500G,"Chip de coco Premium 1.5 kg",chip-de-coco-premium-1-5kg,https://artiani.com.mx/producto/chip-de-coco-premium-1-5kg,https://sys.artiani.com.mx/uploads/erp/catalogo/productos/1568/producto-1568-20260928073551-73324066.webp,si,,"Reptiles, anfibios e invertebrados / Accesorios generales",150,MXN,agotado
2746,1882,PROD0965-500G,"Chip de coco Premium 500 gr",chip-de-coco-premium-500g,https://artiani.com.mx/producto/chip-de-coco-premium-500g,https://sys.artiani.com.mx/uploads/erp/catalogo/productos/1568/producto-1568-20260928073455-4a164dc0.webp,si,,"Reptiles, anfibios e invertebrados / Accesorios generales",85,MXN,agotado
2751,1887,PROD0965-KG,"Chip de coco Premium kg",chip-de-coco-premium-kg,https://artiani.com.mx/producto/chip-de-coco-premium-kg,https://sys.artiani.com.mx/uploads/erp/catalogo/productos/1568/producto-1568-20260817152410-3e8ee2f0.webp,si,,"Reptiles, anfibios e invertebrados / Accesorios generales",120,MXN,agotado
2653,1778,USA654-TUNA,"Churu premios para gato receta de atún",churu-premios-para-gato-receta-de-atun,https://artiani.com.mx/producto/churu-premios-para-gato-receta-de-atun,,no,"INABA CHURU","Gatos / Alimentacion / Premios y snacks",25,MXN,agotado
2655,1781,USA654-TUNACLAM,"Churu premios para gato receta de atún con sabor a almeja",churu-premios-para-gato-receta-de-atun-con-sabor-a-almeja,https://artiani.com.mx/producto/churu-premios-para-gato-receta-de-atun-con-sabor-a-almeja,,no,"INABA CHURU","Gatos / Alimentacion / Premios y snacks",25,MXN,agotado
2656,1782,USA654-TUNACRAB,"Churu premios para gato receta de atún con sabor a cangrejo",churu-premios-para-gato-receta-de-atun-con-sabor-a-cangrejo,https://artiani.com.mx/producto/churu-premios-para-gato-receta-de-atun-con-sabor-a-cangrejo,,no,"INABA CHURU","Gatos / Alimentacion / Premios y snacks",25,MXN,agotado
2654,1780,USA654-TUNASCALLOP,"Churu premios para gato receta de atún con vieras",churu-premios-para-gato-receta-de-atun-con-vieras,https://artiani.com.mx/producto/churu-premios-para-gato-receta-de-atun-con-vieras,,no,"INABA CHURU","Gatos / Alimentacion / Premios y snacks",25,MXN,agotado
2151,1215,NUEC-CLERPPY,"Cluster Rack Nupec Alimento Húmedo Cachorro Alto en Pollo 16 Latas 100 gr c/u",cluster-rack-nupec-alimento-humedo-cachorro-alto-en-pollo-16-latas-100g,https://artiani.com.mx/producto/cluster-rack-nupec-alimento-humedo-cachorro-alto-en-pollo-16-latas-100g,https://sys.artiani.com.mx/media/apps/ecommerce/productos/1570/1758781948.png,si,NUPEC,"Gatos / Alimentacion / Alimentos",460,MXN,agotado
2150,1214,NUEC-CLERDIVE,"Cluster Rack Nupec Alimento Húmedo Digestivo con Pescado 16 Latas 100 gr c/u",cluster-rack-nupec-alimento-humedo-digestivo-con-pescado-16-latas-100g-paq,https://artiani.com.mx/producto/cluster-rack-nupec-alimento-humedo-digestivo-con-pescado-16-latas-100g-paq,https://sys.artiani.com.mx/media/apps/ecommerce/productos/1569/1758781843.png,si,NUPEC,"Gatos / Alimentacion / Alimentos",460,MXN,agotado
2156,1220,NUEC-CLERFEHALL,"Cluster Rack Nupec Alimento Húmedo Felino Hairball (Gato bola de pelo) con Pescado 16 Latas 100 gr c/u",cluster-rack-nupec-alimento-humedo-felino-hairball-gato-bola-de-pelo-con-pescado-16-latas-100g-paq,https://artiani.com.mx/producto/cluster-rack-nupec-alimento-humedo-felino-hairball-gato-bola-de-pelo-con-pescado-16-latas-100g-paq,https://sys.artiani.com.mx/media/apps/ecommerce/productos/1575/1758782357.png,si,NUPEC,"Gatos / Alimentacion / Alimentos",460,MXN,agotado
2154,1218,NUEC-CLERFEOR,"Cluster Rack Nupec Alimento Húmedo Felino Indoor (Gato interior) con Carne y Pollo 16 Latas 100 gr c/u",cluster-rack-nupec-alimento-humedo-felino-indoor-gato-interior-con-carne-y-pollo-16-latas-100g-paq,https://artiani.com.mx/producto/cluster-rack-nupec-alimento-humedo-felino-indoor-gato-interior-con-carne-y-pollo-16-latas-100g-paq,https://sys.artiani.com.mx/media/apps/ecommerce/productos/1573/1758782214.png,si,NUPEC,"Gatos / Alimentacion / Alimentos",460,MXN,agotado
2155,1219,NUEC-CLERFEURRY,"Cluster Rack Nupec Alimento Húmedo Felino Urinary (Gato problema urinario) con Pescado y Arándanos 16 Latas 100 gr c/u",cluster-rack-nupec-alimento-humedo-felino-urinary-gato-problema-urinario-con-pescado-y-arandanos-16-latas-100g-paq,https://artiani.com.mx/producto/cluster-rack-nupec-alimento-humedo-felino-urinary-gato-problema-urinario-con-pescado-y-arandanos-16-latas-100g-paq,https://sys.artiani.com.mx/media/apps/ecommerce/productos/1574/1758782292.png,si,NUPEC,"Gatos / Alimentacion / Alimentos",460,MXN,agotado
2158,1222,NUEC-CLERFEEN,"Cluster Rack Nupec Alimento Húmedo KITTEN (Gatito) con Carne y Pollo 16 Latas 100 gr c/u",cluster-rack-nupec-alimento-humedo-kitten-gatito-con-carne-y-pollo-16-latas-100g-paq,https://artiani.com.mx/producto/cluster-rack-nupec-alimento-humedo-kitten-gatito-con-carne-y-pollo-16-latas-100g-paq,https://sys.artiani.com.mx/media/apps/ecommerce/productos/1577/1758783095.webp,si,NUPEC,"Gatos / Alimentacion / Alimentos",460,MXN,agotado
2152,1216,NUEC-CLERSEOR,"Cluster Rack Nupec Alimento Húmedo Senior con Carne y Pollo 16 Latas 100 gr c/u",cluster-rack-nupec-alimento-humedo-senior-con-carne-y-pollo-16-latas-100g-paq,https://artiani.com.mx/producto/cluster-rack-nupec-alimento-humedo-senior-con-carne-y-pollo-16-latas-100g-paq,https://sys.artiani.com.mx/media/apps/ecommerce/productos/1571/1758782057.png,si,NUPEC,"Gatos / Alimentacion / Alimentos",460,MXN,agotado
2153,1217,NUEC-CLERWEOL,"Cluster Rack Nupec Alimento Húmedo Weight Control (Control de peso) con Carne y Pollo 16 Latas 100 gr c/u",cluster-rack-nupec-alimento-humedo-weight-control-control-de-peso-con-carne-y-pollo-16-latas-100g-paq,https://artiani.com.mx/producto/cluster-rack-nupec-alimento-humedo-weight-control-control-de-peso-con-carne-y-pollo-16-latas-100g-paq,https://sys.artiani.com.mx/media/apps/ecommerce/productos/1572/1758782125.png,si,NUPEC,"Gatos / Alimentacion / Alimentos",460,MXN,agotado
2157,1221,NUEC-CLERADTO,"Cluster Rack Nupec Alimento Perro Adulto Carne con Verduras 16 Latas 100 gr c/u",cluster-rack-nupec-alimento-perro-adulto-carne-con-verduras-16-latas-100g-paq,https://artiani.com.mx/producto/cluster-rack-nupec-alimento-perro-adulto-carne-con-verduras-16-latas-100g-paq,https://sys.artiani.com.mx/media/apps/ecommerce/productos/1576/1758782432.png,si,NUPEC,"Perros / Alimentacion / Alimentos",460,MXN,agotado
2444,1518,FL3621,"Colageno para perros y gatos 200 gr",colageno-para-perros-y-gatos-200g,https://artiani.com.mx/producto/colageno-para-perros-y-gatos-200g,https://sys.artiani.com.mx/media/apps/ecommerce/productos/1900/1776523457.webp,si,"FANCY PETS","Perros / Alimentacion / Premios y snacks",,,agotado
1685,620,FL3601,"Collar antipulgas para gato 39 cm",collar-antipulgas-para-gato-39-cm,https://artiani.com.mx/producto/collar-antipulgas-para-gato-39-cm,https://sys.artiani.com.mx/media/apps/ecommerce/productos/740/1670006812.PNG,si,"FANCY PETS","Gatos / Salud e higiene / Higiene y limpieza",135,MXN,agotado
1662,593,FL3602,"Collar antipulgas para razas chicas y cachorros 39 cm",collar-antipulgas-para-razas-chicas-y-cachorros-39-cm,https://artiani.com.mx/producto/collar-antipulgas-para-razas-chicas-y-cachorros-39-cm,https://sys.artiani.com.mx/media/apps/ecommerce/productos/695/1670006223.png,si,"FANCY PETS","Perros / Salud e higiene / Antipulgas y control externo",135,MXN,agotado
1663,594,FL3604,"Collar antipulgas para razas grandes 64 cm",collar-antipulgas-para-razas-grandes-64-cm,https://artiani.com.mx/producto/collar-antipulgas-para-razas-grandes-64-cm,https://sys.artiani.com.mx/media/apps/ecommerce/productos/696/1670005935.png,si,"FANCY PETS","Perros / Salud e higiene / Antipulgas y control externo",135,MXN,agotado
1664,595,FL3603,"Collar antipulgas para razas medianas 51 cm",collar-antipulgas-para-razas-medianas-51-cm,https://artiani.com.mx/producto/collar-antipulgas-para-razas-medianas-51-cm,https://sys.artiani.com.mx/media/apps/ecommerce/productos/697/1669990954.png,si,"FANCY PETS","Perros / Salud e higiene / Antipulgas y control externo",135,MXN,agotado
1990,1030,FL8570,"Collar isabelino talla 0 - 18 cm",collar-isabelino-talla-0-18-cm,https://artiani.com.mx/producto/collar-isabelino-talla-0-18-cm,https://sys.artiani.com.mx/media/apps/ecommerce/productos/1348/1728713624.jpg,si,"FANCY PETS","Perros / Salud e higiene / Prevencion y cuidado",55,MXN,agotado
1991,1031,FL8571,"Collar isabelino talla 1 (22 cm)",collar-isabelino-talla-1-22-cm,https://artiani.com.mx/producto/collar-isabelino-talla-1-22-cm,https://sys.artiani.com.mx/media/apps/ecommerce/productos/1349/1728714231.jpg,si,"FANCY PETS","Perros / Salud e higiene / Prevencion y cuidado",80,MXN,agotado
1992,1032,FL8572,"Collar isabelino talla 2 - 25 cm",collar-isabelino-talla-2-25-cm,https://artiani.com.mx/producto/collar-isabelino-talla-2-25-cm,https://sys.artiani.com.mx/media/apps/ecommerce/productos/1350/1728713632.jpg,si,"FANCY PETS","Perros / Salud e higiene / Prevencion y cuidado",99,MXN,agotado
1993,1033,FL8573,"Collar isabelino talla 3 (29 cm)",collar-isabelino-talla-3-29-cm,https://artiani.com.mx/producto/collar-isabelino-talla-3-29-cm,https://sys.artiani.com.mx/media/apps/ecommerce/productos/1351/1728714856.jpg,si,"FANCY PETS","Perros / Salud e higiene / Prevencion y cuidado",130,MXN,agotado
1994,1034,FL8574,"Collar isabelino talla 4 (32 cm)",collar-isabelino-talla-4-32-cm,https://artiani.com.mx/producto/collar-isabelino-talla-4-32-cm,https://sys.artiani.com.mx/media/apps/ecommerce/productos/1352/1728713638.jpg,si,"FANCY PETS","Perros / Salud e higiene / Prevencion y cuidado",150,MXN,agotado
1995,1035,FL8575,"Collar isabelino talla 5 (36 cm)",collar-isabelino-talla-5-36-cm,https://artiani.com.mx/producto/collar-isabelino-talla-5-36-cm,https://sys.artiani.com.mx/media/apps/ecommerce/productos/1353/1728715365.jpg,si,"FANCY PETS","Perros / Salud e higiene / Prevencion y cuidado",180,MXN,agotado
1996,1036,FL8576,"Collar isabelino talla 6 (42 cm)",collar-isabelino-talla-6-42-cm,https://artiani.com.mx/producto/collar-isabelino-talla-6-42-cm,https://sys.artiani.com.mx/media/apps/ecommerce/productos/1354/1728715657.jpg,si,"FANCY PETS","Perros / Salud e higiene / Prevencion y cuidado",205,MXN,agotado
1997,1037,FL8577,"Collar isabelino talla 7 (46 cm)",collar-isabelino-talla-7-46-cm,https://artiani.com.mx/producto/collar-isabelino-talla-7-46-cm,https://sys.artiani.com.mx/media/apps/ecommerce/productos/1355/1728715909.jpg,si,"FANCY PETS","Perros / Salud e higiene / Prevencion y cuidado",230,MXN,agotado
1830,816,51937,"Comedero 6 para aves, hámster",comedero-6-para-aves-hamster,https://artiani.com.mx/producto/comedero-6-para-aves-hamster,https://sys.artiani.com.mx/media/apps/ecommerce/productos/1063/1706817156.jpg,si,Pedros,"Aves / Alimentacion / Bebederos y comederos / Bebederos",,,agotado
491,101,SFB-08,"Comedero acero inoxidable con antiderrapante 8 oz",comedero-acero-inoxidable-con-antiderrapante-8-oz,https://artiani.com.mx/producto/comedero-acero-inoxidable-con-antiderrapante-8-oz,https://sys.artiani.com.mx/media/apps/ecommerce/productos/328/1697669876.jpg,si,SUNNY,"Gatos / Alimentacion / Comederos y bebederos",,,agotado
489,99,SFB-082,"Comedero acero inoxidable con antiderrapante 8 oz azul aqua",comedero-acero-inoxidable-con-antiderrapante-8-oz-azul-aqua,https://artiani.com.mx/producto/comedero-acero-inoxidable-con-antiderrapante-8-oz-azul-aqua,https://sys.artiani.com.mx/media/apps/ecommerce/productos/39/1697659397.jpg,si,SUNNY,"Gatos / Alimentacion / Comederos y bebederos",,,agotado
488,98,SFB-081,"Comedero acero inoxidable con antiderrapante 8 oz azul marino",comedero-acero-inoxidable-con-antiderrapante-8-oz-azul-marino,https://artiani.com.mx/producto/comedero-acero-inoxidable-con-antiderrapante-8-oz-azul-marino,https://sys.artiani.com.mx/media/apps/ecommerce/productos/329/1697670113.jpg,si,SUNNY,"Gatos / Alimentacion / Comederos y bebederos",,,agotado
490,100,SFB-085,"Comedero acero inoxidable con antiderrapante 8 oz oro",comedero-acero-inoxidable-con-antiderrapante-8-oz-oro,https://artiani.com.mx/producto/comedero-acero-inoxidable-con-antiderrapante-8-oz-oro,https://sys.artiani.com.mx/media/apps/ecommerce/productos/327/1697669473.jpg,si,SUNNY,"Gatos / Alimentacion / Comederos y bebederos",,,agotado
280,1701,RJ539-RA,"Comedero alimentador para hámster rosa",comedero-alimentador-para-hamster-rosa,https://artiani.com.mx/producto/comedero-alimentador-para-hamster-rosa,https://sys.artiani.com.mx/media/apps/ecommerce/productos/938/1700610309.jpg,si,"HOBBY PET","Pequenos mamiferos / Hamster / Accesorios y aditamentos",120,MXN,agotado
2014,1056,51757,"Comedero de aves exterior con tapa roja",comedero-de-aves-exterior-con-tapa-roja,https://artiani.com.mx/producto/comedero-de-aves-exterior-con-tapa-roja,https://sys.artiani.com.mx/media/apps/ecommerce/productos/1376/1731418659.jpg,si,Pedros,,,,agotado
1765,736,8003507056795,"Comedero dispensador (gri) 6,5 kg",comedero-dispensador-gri-6-5kg,https://artiani.com.mx/producto/comedero-dispensador-gri-6-5kg,https://sys.artiani.com.mx/media/apps/ecommerce/productos/883/1699319867.jpg,si,Stefanplast,"Perros / Alimentacion / Comederos y bebederos",,,agotado
2579,1689,8003507043763-COME,"Comedero dispensador gri chico",comedero-dispensador-gri-chico,https://artiani.com.mx/producto/comedero-dispensador-gri-chico,https://sys.artiani.com.mx/media/apps/ecommerce/productos/884/1699372498.jpg,si,Stefanplast,"Perros / Alimentacion / Comederos y bebederos",,,agotado
1861,849,FL7114,"Comedero doble 16 oz (568 ml)",comedero-doble-16-oz-568ml,https://artiani.com.mx/producto/comedero-doble-16-oz-568ml,https://sys.artiani.com.mx/media/apps/ecommerce/productos/1123/1712101484.jpg,si,"FANCY PETS","Perros / Alimentacion / Tazones",140,MXN,agotado
1543,443,FL7116,"Comedero doble 64 oz (1.8 l)",comedero-doble-64-oz-1-8l,https://artiani.com.mx/producto/comedero-doble-64-oz-1-8l,https://sys.artiani.com.mx/media/apps/ecommerce/productos/457/1701545168.jpg,si,"FANCY PETS",,280,MXN,agotado
1915,919,1717106,"Comedero esquinero chico",comedero-esquinero-chico,https://artiani.com.mx/producto/comedero-esquinero-chico,https://sys.artiani.com.mx/media/apps/ecommerce/productos/1203/1713568122.jpg,si,,"Pequenos mamiferos / Accesorios generales",,,agotado
1729,686,50488,"Comedero forma de gato 14 x 5 cm",comedero-forma-de-gato-14-x-5-cm,https://artiani.com.mx/producto/comedero-forma-de-gato-14-x-5-cm,https://sys.artiani.com.mx/media/apps/ecommerce/productos/815/1688392422.jpg,si,,"Gatos / Alimentacion / Comederos y bebederos",,,agotado
367,360,50493,"Comedero gravitacional 2.3 kg",comedero-gravitacional-2-3kg,https://artiani.com.mx/producto/comedero-gravitacional-2-3kg,https://sys.artiani.com.mx/media/apps/ecommerce/productos/332/1669441150.jpg,si,SEVENPET,"Perros / Alimentacion / Comederos y bebederos",280,MXN,agotado
759,358,LS208,"Comedero gravitacional de lujo 3.8 lts",comedero-gravitacional-de-lujo-3-8l,https://artiani.com.mx/producto/comedero-gravitacional-de-lujo-3-8l,https://sys.artiani.com.mx/media/apps/ecommerce/productos/330/1675082637.jpg,si,MYPET,"Perros / Alimentacion / Comederos y bebederos",385,MXN,agotado
311,200,50623,"Comedero hueso grande 32 cm",comedero-hueso-grande-32-cm,https://artiani.com.mx/producto/comedero-hueso-grande-32-cm,https://sys.artiani.com.mx/media/apps/ecommerce/productos/75/1688390732.jpg,si,"AQUA KRIL","Gatos / Alimentacion / Comederos y bebederos",130,MXN,agotado
1870,862,52208,"Comedero Para aves con Enganche De Alambre",comedero-para-aves-con-enganche-de-alambre,https://artiani.com.mx/producto/comedero-para-aves-con-enganche-de-alambre,https://sys.artiani.com.mx/media/apps/ecommerce/productos/1138/1712776575.jpg,si,Pedros,"Aves / Alimentacion / Bebederos y comederos / Comederos",,,agotado
227,270,TA-02,"Comedero para reptil chico",comedero-para-reptil-chico,https://artiani.com.mx/producto/comedero-para-reptil-chico,https://sys.artiani.com.mx/media/apps/ecommerce/productos/168/1689098370.jpg,si,,"Reptiles, anfibios e invertebrados / Accesorios generales",,,agotado
226,269,TA-01,"Comedero para reptil mediano",comedero-para-reptil-mediano,https://artiani.com.mx/producto/comedero-para-reptil-mediano,https://sys.artiani.com.mx/media/apps/ecommerce/productos/167/1689096883.jpg,si,,"Reptiles, anfibios e invertebrados / Accesorios generales",,,agotado
1642,567,FL7115,"Comedero tazón doble 32 oz (950 ml)",comedero-tazon-doble-32-oz-950ml,https://artiani.com.mx/producto/comedero-tazon-doble-32-oz-950ml,https://sys.artiani.com.mx/media/apps/ecommerce/productos/654/1701545837.jpg,si,"FANCY PETS","Perros / Alimentacion / Comederos y bebederos",360,MXN,agotado
722,194,SH-230147,"Cometa bebedero semiautomatico",cometa-bebedero-semiautomatico,https://artiani.com.mx/producto/cometa-bebedero-semiautomatico,https://sys.artiani.com.mx/media/apps/ecommerce/productos/68/1696711247.jpg,si,"SAKURA PETTO","Gatos / Alimentacion / Comederos y bebederos",,,agotado
195,206,7649,"Condocat casa 50 x 50 x 52 cm",condocat-casa-50-x-50-x-52-cm,https://artiani.com.mx/producto/condocat-casa-50-x-50-x-52-cm,https://sys.artiani.com.mx/media/apps/ecommerce/productos/84/1684452848.jpg,si,,"Gatos / Salud e higiene / Areneros",695,MXN,consultar_disponibilidad
2358,1430,JAGA-CO046040,"Corral galvanizado 4 panel de 60 x 40 cm 3 cm y 1.5 cm separacion",corral-galvanizado-4-panel-de-60-x-40-cm-3-cm-y-1-5-cm-separacion,https://artiani.com.mx/producto/corral-galvanizado-4-panel-de-60-x-40-cm-3-cm-y-1-5-cm-separacion,https://sys.artiani.com.mx/media/apps/ecommerce/productos/1808/1772544828.webp,si,,"Perros / Habitat y descanso / Corrales y vallas",390,MXN,agotado
2194,1261,JAGA-CO066040,"Corral galvanizado 6 panel de 60 x 40 cm 3 cm y 1.5 cm separacion",corral-galvanizado-6-panel-de-60-x-40-cm-3-cm-y-1-5-cm-separacion,https://artiani.com.mx/producto/corral-galvanizado-6-panel-de-60-x-40-cm-3-cm-y-1-5-cm-separacion,https://sys.artiani.com.mx/media/apps/ecommerce/productos/1627/1764428560.webp,si,,"Perros / Habitat y descanso / Corrales y vallas",490,MXN,agotado
2192,1259,JAGA-CO066060,"Corral galvanizado 6 panel de 60 x 60 cm 3 cm separacion",corral-galvanizado-6-panel-de-60-x-60-cm-3-cm-separacion,https://artiani.com.mx/producto/corral-galvanizado-6-panel-de-60-x-60-cm-3-cm-separacion,https://sys.artiani.com.mx/media/apps/ecommerce/productos/1623/1762522357.webp,si,,"Perros / Habitat y descanso / Corrales y vallas",490,MXN,agotado
2084,1131,SP-2802,"Corral metalico (sun) plegable de 8 paneles 24"" (60 cm)",corral-metalico-sun-plegable-de-8-paneles-24-60-cm,https://artiani.com.mx/producto/corral-metalico-sun-plegable-de-8-paneles-24-60-cm,https://sys.artiani.com.mx/media/apps/ecommerce/productos/1475/1759357986.webp,si,SUNNY,"Perros / Habitat y descanso / Corrales y vallas",950,MXN,agotado
2195,1262,SP-2806,"Corral metalico plegable de 8 paneles 48"" 122 cm 8 paneles de 60 x 60 cm",corral-metalico-plegable-de-8-paneles-48-122-cm-8-paneles-de-60-x-60-cm,https://artiani.com.mx/producto/corral-metalico-plegable-de-8-paneles-48-122-cm-8-paneles-de-60-x-60-cm,https://sys.artiani.com.mx/media/apps/ecommerce/productos/1628/1764429624.webp,si,SUNNY,"Perros / Habitat y descanso / Corrales y vallas",1990,MXN,agotado
1565,472,1340,"Corral playpen 6 paneles 60 x 60 cm",corral-playpen-6-paneles-60-x-60-cm,https://artiani.com.mx/producto/corral-playpen-6-paneles-60-x-60-cm,https://sys.artiani.com.mx/media/apps/ecommerce/productos/528/1680121284.jpg,si,"ECO PET","Perros / Habitat y descanso / Corrales y vallas",690,MXN,agotado
785,426,1342,"Corral playpen 6 paneles 60 x 90 cm",corral-playpen-6-paneles-60-x-90-cm,https://artiani.com.mx/producto/corral-playpen-6-paneles-60-x-90-cm,https://sys.artiani.com.mx/media/apps/ecommerce/productos/432/1680121895.jpg,si,"ECO PET","Perros / Habitat y descanso / Corrales y vallas",890,MXN,agotado
1796,777,FL9547,"Correa azul berrydog para mascota",correa-azul-berrydog-para-mascota,https://artiani.com.mx/producto/correa-azul-berrydog-para-mascota,https://sys.artiani.com.mx/media/apps/ecommerce/productos/1000/1701286659.jpg,si,"FANCY PETS","Gatos / Transporte, paseo y entrenamiento / Paseo y sujecion",,,agotado
2037,1082,FL9622,"Correa de cuerda azul 1.60 m",correa-de-cuerda-azul-1-60-m,https://artiani.com.mx/producto/correa-de-cuerda-azul-1-60-m,https://sys.artiani.com.mx/media/apps/ecommerce/productos/1402/1732367663.jpg,si,"FANCY PETS","Perros / Transporte, paseo y entrenamiento / Paseo y sujecion",,,agotado
2035,1080,FL9620,"Correa de cuerda negra 1.60 m",correa-de-cuerda-negra-1-60-m,https://artiani.com.mx/producto/correa-de-cuerda-negra-1-60-m,https://sys.artiani.com.mx/media/apps/ecommerce/productos/1400/1732367134.jpg,si,"FANCY PETS","Perros / Transporte, paseo y entrenamiento / Paseo y sujecion",,,agotado
2036,1081,FL9621,"Correa de cuerda roja 1.60 m",correa-de-cuerda-roja-1-60-m,https://artiani.com.mx/producto/correa-de-cuerda-roja-1-60-m,https://sys.artiani.com.mx/media/apps/ecommerce/productos/1401/1732367428.jpg,si,"FANCY PETS","Perros / Transporte, paseo y entrenamiento / Paseo y sujecion",,,agotado
2034,1079,FL9623,"Correa de cuerda rosa 1.60 m",correa-de-cuerda-rosa-1-60-m,https://artiani.com.mx/producto/correa-de-cuerda-rosa-1-60-m,https://sys.artiani.com.mx/media/apps/ecommerce/productos/1399/1732366630.jpg,si,"FANCY PETS","Perros / Transporte, paseo y entrenamiento / Paseo y sujecion",,,agotado
2592,1702,FL9034-1299,"Correa rectractil grande roja",correa-rectractil-grande-roja,https://artiani.com.mx/producto/correa-rectractil-grande-roja,https://sys.artiani.com.mx/media/apps/ecommerce/productos/1299/1717198559.jpg,si,"FANCY PETS","Perros / Transporte, paseo y entrenamiento / Entrenamiento",,,agotado
1958,992,FL9023,"Correa retractil ch aqua",correa-retractil-ch-aqua,https://artiani.com.mx/producto/correa-retractil-ch-aqua,https://sys.artiani.com.mx/media/apps/ecommerce/productos/1302/1717203886.jpg,si,"FANCY PETS","Perros / Transporte, paseo y entrenamiento / Paseo y sujecion",,,agotado
1957,991,FL9024,"Correa retractil ch roja",correa-retractil-ch-roja,https://artiani.com.mx/producto/correa-retractil-ch-roja,https://sys.artiani.com.mx/media/apps/ecommerce/productos/1301/1717203409.jpg,si,"FANCY PETS","Perros / Transporte, paseo y entrenamiento / Paseo y sujecion",,,agotado
1923,927,FL9021,"Correa retractil chica negra",correa-retractil-chica-negra,https://artiani.com.mx/producto/correa-retractil-chica-negra,https://sys.artiani.com.mx/media/apps/ecommerce/productos/1211/1714174234.jpg,si,"FANCY PETS","Perros / Transporte, paseo y entrenamiento / Paseo y sujecion",,,agotado
1921,925,FL9031,"Correa retractil grande negra",correa-retractil-grande-negra,https://artiani.com.mx/producto/correa-retractil-grande-negra,https://sys.artiani.com.mx/media/apps/ecommerce/productos/1209/1714173274.jpg,si,"FANCY PETS","Perros / Transporte, paseo y entrenamiento / Paseo y sujecion",,,agotado
1956,990,FL9029,"Correa retractil med roja",correa-retractil-med-roja,https://artiani.com.mx/producto/correa-retractil-med-roja,https://sys.artiani.com.mx/media/apps/ecommerce/productos/1300/1717202251.jpg,si,"FANCY PETS","Perros / Transporte, paseo y entrenamiento / Paseo y sujecion",,,agotado
1922,926,FL9028,"Correa retractil mediana aqua",correa-retractil-mediana-aqua,https://artiani.com.mx/producto/correa-retractil-mediana-aqua,https://sys.artiani.com.mx/media/apps/ecommerce/productos/1210/1714173955.jpg,si,"FANCY PETS","Perros / Transporte, paseo y entrenamiento / Paseo y sujecion",,,agotado
1797,778,FL9548,"Correa roja berrydog para mascota",correa-roja-berrydog-para-mascota,https://artiani.com.mx/producto/correa-roja-berrydog-para-mascota,https://sys.artiani.com.mx/media/apps/ecommerce/productos/1001/1701287030.jpg,si,"FANCY PETS","Gatos / Transporte, paseo y entrenamiento / Paseo y sujecion",,,agotado
2378,1450,FL4523,"Crema de cacahuate para perros 100 gr",crema-de-cacahuate-para-perros-100g,https://artiani.com.mx/producto/crema-de-cacahuate-para-perros-100g,https://sys.artiani.com.mx/media/apps/ecommerce/productos/1831/1773493414.webp,si,"FANCY PETS","Perros / Alimentacion / Premios y snacks",70,MXN,agotado
1592,499,FL1116,"Crystalize 30 ml",crystalize-30ml,https://artiani.com.mx/producto/crystalize-30ml,https://sys.artiani.com.mx/media/apps/ecommerce/productos/560/1679862563.jpg,si,LOMAS,"Acuario y peces / Repuestos, aditamentos y accesorios / Aditamentos",35,MXN,agotado
1562,469,FL4074,"Cubos de alfalfa select 1 kg",cubos-de-alfalfa-select-1kg,https://artiani.com.mx/producto/cubos-de-alfalfa-select-1kg,https://sys.artiani.com.mx/media/apps/ecommerce/productos/523/1689683638.jpg,si,REDKITE,,,,agotado
1695,636,Q311,"Cubrix sulfato de cobre 45 ml",cubrix-sulfato-de-cobre-45ml,https://artiani.com.mx/producto/cubrix-sulfato-de-cobre-45ml,https://sys.artiani.com.mx/media/apps/ecommerce/productos/761/1712861793.jpg,si,BIOMAA,"Acuario y peces / Repuestos, aditamentos y accesorios / Aditamentos",35,MXN,agotado
2640,1765,ALA-0003,"Cuchara para empapillar loros y periquitos (alimentación manual) 1 pz Alamazonas®",cuchara-para-empapillar-loros-y-periquitos-alimentacion-manual-1-alamazonas-r,https://artiani.com.mx/producto/cuchara-para-empapillar-loros-y-periquitos-alimentacion-manual-1-alamazonas-r,https://sys.artiani.com.mx/uploads/erp/catalogo/productos/1547/producto-1547-20260826082102-36674a4d.webp,si,ALAMAZONAS,"Aves / Alimentacion / Bebederos y comederos / Bebederos",,,agotado
2017,1060,CUV-01F,"Cueva de resina roctu fuego",cueva-de-resina-roctu-fuego,https://artiani.com.mx/producto/cueva-de-resina-roctu-fuego,https://sys.artiani.com.mx/media/apps/ecommerce/productos/1380/1731646600.JPG,si,,"Acuario y peces / Decoracion y ambientacion / Decoracion para peces",,,agotado
745,307,CUV-01,"Cueva de resina roctu sol",cueva-de-resina-roctu-sol,https://artiani.com.mx/producto/cueva-de-resina-roctu-sol,https://sys.artiani.com.mx/media/apps/ecommerce/productos/229/1731646234.JPG,si,ARTIANI,"Acuario y peces / Decoracion y ambientacion / Decoracion para peces",,,agotado
2019,1062,CUV-02V,"Cueva de resina rocu",cueva-de-resina-rocu,https://artiani.com.mx/producto/cueva-de-resina-rocu,https://sys.artiani.com.mx/media/apps/ecommerce/productos/1382/1731651530.JPG,si,,"Acuario y peces / Decoracion y ambientacion / Decoracion para peces",,,agotado
2020,1063,CUV-02N,"Cueva de resina rocu deser",cueva-de-resina-rocu-deser,https://artiani.com.mx/producto/cueva-de-resina-rocu-deser,https://sys.artiani.com.mx/media/apps/ecommerce/productos/1383/1731651733.JPG,si,,"Acuario y peces / Decoracion y ambientacion / Decoracion para peces",,,agotado
2018,1061,CUV-02,"Cueva de resina rocu fuego",cueva-de-resina-rocu-fuego,https://artiani.com.mx/producto/cueva-de-resina-rocu-fuego,https://sys.artiani.com.mx/media/apps/ecommerce/productos/1381/1731651079.JPG,si,,"Acuario y peces / Decoracion y ambientacion / Decoracion para peces",,,agotado
2306,1376,FL9702,"Cueva dona para gato chica gris oxford",cueva-dona-para-gato-chica-gris-oxford,https://artiani.com.mx/producto/cueva-dona-para-gato-chica-gris-oxford,https://sys.artiani.com.mx/media/apps/ecommerce/productos/1752/1769866992.webp,si,"FANCY PETS","Gatos / Habitat y descanso / Camas y colchones",400,MXN,agotado
2307,1377,FL9701,"Cueva dona para gato chica gris perla",cueva-dona-para-gato-chica-gris-perla,https://artiani.com.mx/producto/cueva-dona-para-gato-chica-gris-perla,https://sys.artiani.com.mx/media/apps/ecommerce/productos/1753/1769867374.webp,si,"FANCY PETS","Gatos / Habitat y descanso / Camas y colchones",400,MXN,agotado
1953,979,FL3923,"Deep clean aromatizante de ambiente con neutralizador de olores",deep-clean-aromatizante-de-ambiente-con-neutralizador-de-olores,https://artiani.com.mx/producto/deep-clean-aromatizante-de-ambiente-con-neutralizador-de-olores,https://sys.artiani.com.mx/media/apps/ecommerce/productos/1288/1716673584.jpg,si,"FANCY PETS","Perros / Salud e higiene / Higiene y limpieza",115,MXN,agotado
1952,978,FL3796,"Deep clean limpiador desinfectante multiusos 1 l",deep-clean-limpiador-desinfectante-multiusos-1l,https://artiani.com.mx/producto/deep-clean-limpiador-desinfectante-multiusos-1l,https://sys.artiani.com.mx/media/apps/ecommerce/productos/1287/1716670323.jpg,si,ZREMA-65,"Perros / Salud e higiene / Higiene y limpieza",,,agotado
1831,817,SH-230905,"Delta transportadora premium plegable grande azul",delta-transportadora-premium-plegable-grande-azul,https://artiani.com.mx/producto/delta-transportadora-premium-plegable-grande-azul,https://sys.artiani.com.mx/media/apps/ecommerce/productos/1064/1706829938.jpg,si,"SAKURA PETTO","Perros / Transporte, paseo y entrenamiento / Transportadoras",,,agotado
1984,1022,10013,"Deslanador autolimp chico 46 mm",deslanador-autolimp-chico-46-mm,https://artiani.com.mx/producto/deslanador-autolimp-chico-46-mm,https://sys.artiani.com.mx/media/apps/ecommerce/productos/1340/1726210843.jpg,si,SEVENPET,"Perros / Salud e higiene / Higiene y limpieza",160,MXN,agotado
1983,1021,10015,"Deslanador autolimp Grande 100 mm",deslanador-autolimp-grande-100-mm,https://artiani.com.mx/producto/deslanador-autolimp-grande-100-mm,https://sys.artiani.com.mx/media/apps/ecommerce/productos/1339/1726210231.jpg,si,SEVENPET,"Perros / Salud e higiene / Higiene y limpieza",199,MXN,agotado
1985,1023,10020,"Deslanador con navaja vertical 7 x 19 cm",deslanador-con-navaja-vertical-7-x-19-cm,https://artiani.com.mx/producto/deslanador-con-navaja-vertical-7-x-19-cm,https://sys.artiani.com.mx/media/apps/ecommerce/productos/1341/1726211648.jpg,si,SEVENPET,"Perros / Salud e higiene / Higiene y limpieza",150,MXN,agotado
2095,1150,10014,"Deslanador mediano quita pelo autolimp 66 mm",deslanador-mediano-quita-pelo-autolimp-66-mm,https://artiani.com.mx/producto/deslanador-mediano-quita-pelo-autolimp-66-mm,https://sys.artiani.com.mx/media/apps/ecommerce/productos/1499/1757979954.webp,si,SEVENPET,"Perros / Salud e higiene / Higiene y limpieza",180,MXN,agotado
501,1867,10026,"Deslanador vertical 18 cm",deslanador-vertical-18-cm,https://artiani.com.mx/producto/deslanador-vertical-18-cm,https://sys.artiani.com.mx/uploads/erp/catalogo/productos/1614/producto-1614-20260824181817-a7aaaed1.webp,si,SEVENPET,"Perros / Salud e higiene / Higiene y limpieza",75,MXN,agotado
2178,1245,CGDCA,"Diamond Croqueta Maintenance Cat Costal Adultos 18.14 kg (40 LBS)",diamond-croqueta-maintenance-cat-costal-adultos-18-14kg-40-lbs,https://artiani.com.mx/producto/diamond-croqueta-maintenance-cat-costal-adultos-18-14kg-40-lbs,https://sys.artiani.com.mx/media/apps/ecommerce/productos/1607/1761107377.webp,si,DIAMOND,"Gatos / Alimentacion / Alimentos",,,agotado
2179,1246,CPDCA,"Diamond Croqueta Maintenance Dog Costal Adultos 18.14 kg (40 LBS)",diamond-croqueta-maintenance-dog-costal-adultos-18-14kg-40-lbs,https://artiani.com.mx/producto/diamond-croqueta-maintenance-dog-costal-adultos-18-14kg-40-lbs,https://sys.artiani.com.mx/media/apps/ecommerce/productos/1608/1761107568.webp,si,DIAMOND,"Perros / Alimentacion / Alimentos",,,agotado
2180,1247,CPDCPAC,"Diamond Croqueta Premium Costal Adultos activos y Cachorros 18.14 kg (40 LBS)",diamond-croqueta-premium-costal-adultos-activos-y-cachorros-18-14kg-40-lbs,https://artiani.com.mx/producto/diamond-croqueta-premium-costal-adultos-activos-y-cachorros-18-14kg-40-lbs,https://sys.artiani.com.mx/media/apps/ecommerce/productos/1609/1761107681.webp,si,DIAMOND,"Perros / Alimentacion / Alimentos",,,agotado
2181,1248,CPDCP,"Diamond Croqueta Puppy Costal Cachorros y Perras lactando o gestando 18.14 kg (40 LBS)",diamond-croqueta-puppy-costal-cachorros-y-perras-lactando-o-gestando-18-14kg-40-lbs,https://artiani.com.mx/producto/diamond-croqueta-puppy-costal-cachorros-y-perras-lactando-o-gestando-18-14kg-40-lbs,https://sys.artiani.com.mx/media/apps/ecommerce/productos/1610/1761107890.webp,si,DIAMOND,"Perros / Alimentacion / Alimentos",,,agotado
1711,658,SH-220340,"Discovery mochila transportadora de lujo",discovery-mochila-transportadora-de-lujo,https://artiani.com.mx/producto/discovery-mochila-transportadora-de-lujo,https://sys.artiani.com.mx/media/apps/ecommerce/productos/787/1694026063.jpg,si,"SAKURA PETTO","Gatos / Transporte, paseo y entrenamiento / Mochilas transportadoras",,,agotado
365,355,SP-3652,"Dispensador chico de agua con garrafon capacidad 3.8 litros",dispensador-chico-de-agua-con-garrafon-capacidad-3-8l,https://artiani.com.mx/producto/dispensador-chico-de-agua-con-garrafon-capacidad-3-8l,https://sys.artiani.com.mx/media/apps/ecommerce/productos/324/1669441655.jpg,si,SUNNY,"Perros / Alimentacion / Comederos y bebederos",350,MXN,agotado
369,363,SP-3651,"Dispensador chico de alimento con garrafon capacidad 2.3 kg",dispensador-chico-de-alimento-con-garrafon-capacidad-2-3kg,https://artiani.com.mx/producto/dispensador-chico-de-alimento-con-garrafon-capacidad-2-3kg,https://sys.artiani.com.mx/media/apps/ecommerce/productos/335/1668135989.jpg,si,SUNNY,"Perros / Alimentacion / Comederos y bebederos",350,MXN,agotado
2391,1463,SP-2840,"Dispensador de alimento para aves monte verde 1200 ml",dispensador-de-alimento-para-aves-monte-verde-1200ml,https://artiani.com.mx/producto/dispensador-de-alimento-para-aves-monte-verde-1200ml,https://sys.artiani.com.mx/media/apps/ecommerce/productos/1844/1774362228.webp,si,SUNNY,"Aves / Alimentacion / Bebederos y comederos / Comederos",245,MXN,agotado
2389,1461,SP-2838,"Dispensador de alimento para aves monte verde 400 ml",dispensador-de-alimento-para-aves-monte-verde-400ml,https://artiani.com.mx/producto/dispensador-de-alimento-para-aves-monte-verde-400ml,https://sys.artiani.com.mx/media/apps/ecommerce/productos/1842/1774361134.webp,si,SUNNY,"Aves / Alimentacion / Bebederos y comederos / Comederos",99,MXN,agotado
740,286,ART.NR1717078,"Dispensador de yute para nidos de aves",dispensador-de-yute-para-nidos-de-aves,https://artiani.com.mx/producto/dispensador-de-yute-para-nidos-de-aves,https://sys.artiani.com.mx/media/apps/ecommerce/productos/198/1725333183.jpg,si,,"Aves / Accesorios generales",,,agotado
2581,1691,SH-230726-01,"Dispensador gard azul",dispensador-gard-azul,https://artiani.com.mx/producto/dispensador-gard-azul,https://sys.artiani.com.mx/media/apps/ecommerce/productos/209/1708980574.jpg,si,,"Perros / Alimentacion / Comederos y bebederos",,,agotado
363,350,SP-3669,"Dispensador grande de agua con garrafon capacidad 11.4 litros",dispensador-grande-de-agua-con-garrafon-capacidad-11-4l,https://artiani.com.mx/producto/dispensador-grande-de-agua-con-garrafon-capacidad-11-4l,https://sys.artiani.com.mx/media/apps/ecommerce/productos/319/1669441413.jpg,si,SUNNY,"Perros / Alimentacion / Comederos y bebederos",750,MXN,agotado
366,357,SP-3668,"Dispensador grande de alimento con garrafon capacidad 6.8 kg",dispensador-grande-de-alimento-con-garrafon-capacidad-6-8kg,https://artiani.com.mx/producto/dispensador-grande-de-alimento-con-garrafon-capacidad-6-8kg,https://sys.artiani.com.mx/media/apps/ecommerce/productos/326/1669440400.webp,si,SUNNY,"Perros / Alimentacion / Comederos y bebederos",750,MXN,agotado
1778,756,SH-220313,"Doggy comedero doble con bebedero",doggy-comedero-doble-con-bebedero,https://artiani.com.mx/producto/doggy-comedero-doble-con-bebedero,https://sys.artiani.com.mx/media/apps/ecommerce/productos/912/1699709055.jpg,si,"SAKURA PETTO","Perros / Alimentacion / Comederos y bebederos",,,agotado
1558,465,9516,"Ecopet filtro 250 litros x hora 15 a 20 litros",ecopet-filtro-250l-x-hora-15-a-20l,https://artiani.com.mx/producto/ecopet-filtro-250l-x-hora-15-a-20l,https://sys.artiani.com.mx/media/apps/ecommerce/productos/518/1696732364.jpg,si,"ECO PET","Acuario y peces / Equipamiento tecnico / Filtracion y oxigenacion",250,MXN,agotado
1714,661,1306,"Ecotravel transportadora con rejilla 68 x 51 x 47 cm",ecotravel-transportadora-con-rejilla-68-x-51-x-47-cm,https://artiani.com.mx/producto/ecotravel-transportadora-con-rejilla-68-x-51-x-47-cm,https://sys.artiani.com.mx/media/apps/ecommerce/productos/790/1692740659.jpg,si,SEVENPET,"Perros / Transporte, paseo y entrenamiento / Transportadoras",1490,MXN,agotado
1712,659,13044,"Ecotravel transportadora con tapete 61 x 40 x 39 cm rosa",ecotravel-transportadora-con-tapete-61-x-40-x-39-cm-rosa,https://artiani.com.mx/producto/ecotravel-transportadora-con-tapete-61-x-40-x-39-cm-rosa,https://sys.artiani.com.mx/media/apps/ecommerce/productos/788/1692751487.jpg,si,SEVENPET,"Perros / Transporte, paseo y entrenamiento / Transportadoras",799,MXN,agotado
1545,445,SP-3672,"Esfera chica de plastico para ejercicio 11.5 cm 4,5"" varios colores",esfera-chica-de-plastico-para-ejercicio-11-5-cm-4-5-varios-colores,https://artiani.com.mx/producto/esfera-chica-de-plastico-para-ejercicio-11-5-cm-4-5-varios-colores,https://sys.artiani.com.mx/media/apps/ecommerce/productos/459/1669672005.png,si,SUNNY,"Pequenos mamiferos / Hamster / Accesorios y aditamentos",115,MXN,agotado
1544,444,FL9263,"Esfera ejercitadora grande transparente para hamster",esfera-ejercitadora-grande-transparente-para-hamster,https://artiani.com.mx/producto/esfera-ejercitadora-grande-transparente-para-hamster,https://sys.artiani.com.mx/media/apps/ecommerce/productos/458/1678730036.jpg,si,REDKITE,"Pequenos mamiferos / Cuyo / Habitat y jaulas",490,MXN,agotado
1547,447,SP-3675,"Esfera grande de plastico para ejercicio 17.5cm 6,7"" varios colores",esfera-grande-de-plastico-para-ejercicio-17-5cm-6-7-varios-colores,https://artiani.com.mx/producto/esfera-grande-de-plastico-para-ejercicio-17-5cm-6-7-varios-colores,https://sys.artiani.com.mx/media/apps/ecommerce/productos/462/1669672164.png,si,SUNNY,"Pequenos mamiferos / Hamster / Accesorios y aditamentos",199,MXN,agotado
1546,446,SP-3673,"Esfera mediana de plastico para ejercicio 14.5 cm 5,7"" varios colores",esfera-mediana-de-plastico-para-ejercicio-14-5-cm-5-7-varios-colores,https://artiani.com.mx/producto/esfera-mediana-de-plastico-para-ejercicio-14-5-cm-5-7-varios-colores,https://sys.artiani.com.mx/media/apps/ecommerce/productos/460/1669672097.png,si,SUNNY,"Pequenos mamiferos / Hamster / Accesorios y aditamentos",150,MXN,agotado
2353,1425,SP-3675-MA,"Esfera para hámster grande 18 cm",esfera-para-hamster-grande-18-cm,https://artiani.com.mx/producto/esfera-para-hamster-grande-18-cm,,no,SUNNY,"Pequenos mamiferos / Hamster / Accesorios y aditamentos",199,MXN,agotado
2638,1762,SP-3675-VE,"Esfera para hámster grande 18 cm",esfera-para-hamster-grande-18-cm-sp-3675-ve,https://artiani.com.mx/producto/esfera-para-hamster-grande-18-cm-sp-3675-ve,,no,SUNNY,"Pequenos mamiferos / Hamster / Accesorios y aditamentos",199,MXN,agotado
1920,924,FL3942,"Espuma para baño en seco essentials 300 g",espuma-para-bano-en-seco-essentials-300g,https://artiani.com.mx/producto/espuma-para-bano-en-seco-essentials-300g,https://sys.artiani.com.mx/media/apps/ecommerce/productos/1208/1714093270.jpg,si,"FANCY PETS","Perros / Salud e higiene / Higiene y limpieza",199,MXN,agotado
1865,853,FL3854,"Espuma para baño en seco para gatos essentials 300 gr",espuma-para-bano-en-seco-para-gatos-essentials-300g,https://artiani.com.mx/producto/espuma-para-bano-en-seco-para-gatos-essentials-300g,https://sys.artiani.com.mx/media/apps/ecommerce/productos/1127/1712240868.jpg,si,"FANCY PETS","Gatos / Salud e higiene / Higiene y limpieza",199,MXN,agotado
253,855,FL3996,"Espuma para baño en seco perros y gatos expert 300 gr",espuma-para-bano-en-seco-perros-y-gatos-expert-300g,https://artiani.com.mx/producto/espuma-para-bano-en-seco-perros-y-gatos-expert-300g,https://sys.artiani.com.mx/media/apps/ecommerce/productos/1129/1712242774.jpg,si,"FANCY PETS","Perros / Salud e higiene / Higiene y limpieza",190,MXN,agotado
1866,854,FL3853,"Espuma repelente para baño en seco essentials 300 gr",espuma-repelente-para-bano-en-seco-essentials-300g,https://artiani.com.mx/producto/espuma-repelente-para-bano-en-seco-essentials-300g,https://sys.artiani.com.mx/media/apps/ecommerce/productos/1128/1712242925.jpg,si,"FANCY PETS","Perros / Salud e higiene / Higiene y limpieza",280,MXN,agotado
274,1636,RJ125-AL,"Esquinero baño rectagular azul",esquinero-bano-rectagular-azul,https://artiani.com.mx/producto/esquinero-bano-rectagular-azul,https://sys.artiani.com.mx/media/apps/ecommerce/productos/940/1700611605.jpg,si,"HOBBY PET","Pequenos mamiferos / Accesorios generales",250,MXN,agotado
276,1638,RJ125-BE,"Esquinero baño rectangular beige",esquinero-bano-rectangular-beige,https://artiani.com.mx/producto/esquinero-bano-rectangular-beige,https://sys.artiani.com.mx/media/apps/ecommerce/productos/1409/1732889730.JPG,si,"HOBBY PET","Pequenos mamiferos / Accesorios generales",250,MXN,agotado
275,1637,RJ125-VE,"Esquinero baño rectangular verde",esquinero-bano-rectangular-verde,https://artiani.com.mx/producto/esquinero-bano-rectangular-verde,https://sys.artiani.com.mx/media/apps/ecommerce/productos/1408/1732889234.JPG,si,"HOBBY PET","Pequenos mamiferos / Accesorios generales",250,MXN,agotado
187,125,CON-04,"Esquinero baño tringular",esquinero-bano-tringular,https://artiani.com.mx/producto/esquinero-bano-tringular,https://sys.artiani.com.mx/media/apps/ecommerce/productos/1411/1732890159.JPG,si,"HOBBY PET","Pequenos mamiferos / Accesorios generales",,,agotado
1788,766,HBL-701,"Filtro cascada doble 600 l/h 7 w",filtro-cascada-doble-600l-h-7-w,https://artiani.com.mx/producto/filtro-cascada-doble-600l-h-7-w,https://sys.artiani.com.mx/media/apps/ecommerce/productos/937/1700607405.jpg,si,BIOPRO,"Acuario y peces / Equipamiento tecnico / Filtracion y oxigenacion",800,MXN,agotado
4,866,SCF-800,"Filtro de canastilla presurizado 960 l/hr",filtro-de-canastilla-presurizado-960l-hr,https://artiani.com.mx/producto/filtro-de-canastilla-presurizado-960l-hr,https://sys.artiani.com.mx/media/apps/ecommerce/productos/1142/1773502818.webp,si,SUNNY,"Acuario y peces / Equipamiento tecnico / Filtracion y oxigenacion",2290,MXN,pocas_piezas
379,379,OC-280,"Filtro de cascada 280 l/h",filtro-de-cascada-280l-h,https://artiani.com.mx/producto/filtro-de-cascada-280l-h,https://sys.artiani.com.mx/media/apps/ecommerce/productos/359/1673396743.jpg,si,"OCEAN AQUA","Acuario y peces / Equipamiento tecnico / Filtracion y oxigenacion",280,MXN,agotado
383,383,SHF-300,"Filtro de cascada 300 l/hr",filtro-de-cascada-300l-hr,https://artiani.com.mx/producto/filtro-de-cascada-300l-hr,https://sys.artiani.com.mx/media/apps/ecommerce/productos/363/1673355673.jpg,si,SUNNY,"Acuario y peces / Equipamiento tecnico / Filtracion y oxigenacion",350,MXN,agotado
385,385,SHF-400,"Filtro de cascada 450 l/hr",filtro-de-cascada-450l-hr,https://artiani.com.mx/producto/filtro-de-cascada-450l-hr,https://sys.artiani.com.mx/media/apps/ecommerce/productos/365/1673354022.jpg,si,SUNNY,"Acuario y peces / Equipamiento tecnico / Filtracion y oxigenacion",450,MXN,agotado
380,380,OC-500,"Filtro de cascada 500 l/h",filtro-de-cascada-500l-h,https://artiani.com.mx/producto/filtro-de-cascada-500l-h,https://sys.artiani.com.mx/media/apps/ecommerce/productos/360/1673397374.jpg,si,"OCEAN AQUA","Acuario y peces / Equipamiento tecnico / Filtracion y oxigenacion",300,MXN,agotado
5,386,SHF-600,"Filtro de cascada 650 l/hr",filtro-de-cascada-650l-hr,https://artiani.com.mx/producto/filtro-de-cascada-650l-hr,https://sys.artiani.com.mx/media/apps/ecommerce/productos/366/1673354848.jpg,si,SUNNY,"Acuario y peces / Equipamiento tecnico / Filtracion y oxigenacion",650,MXN,pocas_piezas
381,381,OC-680,"Filtro de cascada 680 l/h",filtro-de-cascada-680l-h,https://artiani.com.mx/producto/filtro-de-cascada-680l-h,https://sys.artiani.com.mx/media/apps/ecommerce/productos/361/1673397856.jpg,si,"OCEAN AQUA","Acuario y peces / Equipamiento tecnico / Filtracion y oxigenacion",380,MXN,agotado
382,382,SHF-1000,"Filtro de cascada doble 950 l/hr",filtro-de-cascada-doble-950l-hr,https://artiani.com.mx/producto/filtro-de-cascada-doble-950l-hr,https://sys.artiani.com.mx/media/apps/ecommerce/productos/362/1673356583.jpg,si,SUNNY,"Acuario y peces / Equipamiento tecnico / Filtracion y oxigenacion",890,MXN,agotado
384,384,SHF-100,"Filtro de cascada mini 160 l/hr",filtro-de-cascada-mini-160l-hr,https://artiani.com.mx/producto/filtro-de-cascada-mini-160l-hr,https://sys.artiani.com.mx/media/apps/ecommerce/productos/364/1673352403.jpg,si,SUNNY,"Acuario y peces / Equipamiento tecnico / Filtracion y oxigenacion",299,MXN,agotado
1787,765,XY-2836,"Filtro de esponja",filtro-de-esponja,https://artiani.com.mx/producto/filtro-de-esponja,https://sys.artiani.com.mx/media/apps/ecommerce/productos/936/1700605603.jpg,si,,"Acuario y peces / Equipamiento tecnico / Filtracion y oxigenacion",115,MXN,agotado
1871,864,OCI-1500,"Filtro interno 1500 litros x hora",filtro-interno-1500l-x-hora,https://artiani.com.mx/producto/filtro-interno-1500l-x-hora,https://sys.artiani.com.mx/media/apps/ecommerce/productos/1140/1731423193.jpg,si,"OCEAN AQUA","Acuario y peces / Equipamiento tecnico / Filtracion y oxigenacion",399,MXN,agotado
4334,1917,OCI-2500,"FILTRO INTERNO 2500 L/H",filtro-interno-2500l-h,https://artiani.com.mx/producto/filtro-interno-2500l-h,https://sys.artiani.com.mx/uploads/erp/catalogo/productos/1633/producto-1633-20260911100750-46737cd2.webp,si,"OCEAN AQUA","Acuario y peces / Equipamiento tecnico / Filtracion y oxigenacion",,,agotado
1628,549,FL7785,"Filtro interno aquajet mini 25 l",filtro-interno-aquajet-mini-25l,https://artiani.com.mx/producto/filtro-interno-aquajet-mini-25l,https://sys.artiani.com.mx/media/apps/ecommerce/productos/620/1696897577.jpg,si,,"Acuario y peces / Equipamiento tecnico / Filtracion y oxigenacion",,,agotado
767,389,1106,"Filtro interno bioesf-carbon- esponja 450 l/h 70 cm",filtro-interno-bioesf-carbon-esponja-450l-h-70-cm,https://artiani.com.mx/producto/filtro-interno-bioesf-carbon-esponja-450l-h-70-cm,https://sys.artiani.com.mx/media/apps/ecommerce/productos/377/1674604739.jpg,si,"FILTRO INTERNO DE PODER","Acuario y peces / Equipamiento tecnico / Filtracion y oxigenacion",,,agotado
768,390,1107,"Filtro interno bioesf-carbon-esponja 720 l/h 115 cm",filtro-interno-bioesf-carbon-esponja-720l-h-115-cm,https://artiani.com.mx/producto/filtro-interno-bioesf-carbon-esponja-720l-h-115-cm,https://sys.artiani.com.mx/media/apps/ecommerce/productos/378/1674605507.jpg,si,"FILTRO INTERNO DE PODER","Acuario y peces / Equipamiento tecnico / Filtracion y oxigenacion",,,agotado
386,391,SPF-1200,"Filtro interno cabeza de poder 1000/1200 l/hr",filtro-interno-cabeza-de-poder-1000-1200l-hr,https://artiani.com.mx/producto/filtro-interno-cabeza-de-poder-1000-1200l-hr,https://sys.artiani.com.mx/media/apps/ecommerce/productos/379/1669674513.png,si,SUNNY,"Acuario y peces / Equipamiento tecnico / Filtracion y oxigenacion",480,MXN,agotado
1873,868,SPF-1500,"Filtro interno cabeza de poder 1200 l/hr",filtro-interno-cabeza-de-poder-1200l-hr,https://artiani.com.mx/producto/filtro-interno-cabeza-de-poder-1200l-hr,https://sys.artiani.com.mx/media/apps/ecommerce/productos/1144/1712782632.jpg,si,SUNNY,"Acuario y peces / Equipamiento tecnico / Filtracion y oxigenacion",550,MXN,agotado
387,392,SPF-2000,"Filtro interno cabeza de poder 1800/2000 l/hr",filtro-interno-cabeza-de-poder-1800-2000l-hr,https://artiani.com.mx/producto/filtro-interno-cabeza-de-poder-1800-2000l-hr,https://sys.artiani.com.mx/media/apps/ecommerce/productos/380/1669674423.png,si,SUNNY,"Acuario y peces / Equipamiento tecnico / Filtracion y oxigenacion",680,MXN,agotado
1872,867,SPF-2100,"Filtro interno cabeza de poder 2000 l/hr",filtro-interno-cabeza-de-poder-2000l-hr,https://artiani.com.mx/producto/filtro-interno-cabeza-de-poder-2000l-hr,https://sys.artiani.com.mx/media/apps/ecommerce/productos/1143/1712782239.jpg,si,SUNNY,"Acuario y peces / Equipamiento tecnico / Filtracion y oxigenacion",690,MXN,agotado
1875,870,SPF-400,"Filtro interno cabeza de poder 450/500 l/hr",filtro-interno-cabeza-de-poder-450-500l-hr,https://artiani.com.mx/producto/filtro-interno-cabeza-de-poder-450-500l-hr,https://sys.artiani.com.mx/media/apps/ecommerce/productos/1146/1712783050.jpg,si,SUNNY,"Acuario y peces / Equipamiento tecnico / Filtracion y oxigenacion",350,MXN,agotado
389,394,OCI-500,"Filtro interno cabeza de poder 500 l/h",filtro-interno-cabeza-de-poder-500l-h,https://artiani.com.mx/producto/filtro-interno-cabeza-de-poder-500l-h,https://sys.artiani.com.mx/media/apps/ecommerce/productos/383/1687554308.jpg,si,"OCEAN AQUA","Acuario y peces / Equipamiento tecnico / Filtracion y oxigenacion",250,MXN,agotado
388,393,SPF-600,"Filtro interno cabeza de poder 650/720 l/hr",filtro-interno-cabeza-de-poder-650-720l-hr,https://artiani.com.mx/producto/filtro-interno-cabeza-de-poder-650-720l-hr,https://sys.artiani.com.mx/media/apps/ecommerce/productos/381/1669674159.png,si,SUNNY,"Acuario y peces / Equipamiento tecnico / Filtracion y oxigenacion",380,MXN,agotado
1874,869,SPF-800,"Filtro interno cabeza de poder 750/800 l/hr",filtro-interno-cabeza-de-poder-750-800l-hr,https://artiani.com.mx/producto/filtro-interno-cabeza-de-poder-750-800l-hr,https://sys.artiani.com.mx/media/apps/ecommerce/productos/1145/1769863058.webp,si,SUNNY,"Acuario y peces / Equipamiento tecnico / Filtracion y oxigenacion",435,MXN,agotado
1739,696,FL8441,"Filtro interno de caja azul 25 l",filtro-interno-de-caja-azul-25l,https://artiani.com.mx/producto/filtro-interno-de-caja-azul-25l,https://sys.artiani.com.mx/media/apps/ecommerce/productos/827/1673373269.jpg,si,LOMAS,"Acuario y peces / Equipamiento tecnico / Filtracion y oxigenacion",115,MXN,agotado
1738,695,FL8442,"Filtro interno de caja verde 25 l",filtro-interno-de-caja-verde-25l,https://artiani.com.mx/producto/filtro-interno-de-caja-verde-25l,https://sys.artiani.com.mx/media/apps/ecommerce/productos/826/1673372921.jpg,si,LOMAS,"Acuario y peces / Equipamiento tecnico / Filtracion y oxigenacion",115,MXN,agotado
75,1707,SPF-200,"Filtro interno mini 200 a 250 litros x hr",filtro-interno-mini-200-a-250l-x-hr,https://artiani.com.mx/producto/filtro-interno-mini-200-a-250l-x-hr,https://sys.artiani.com.mx/media/apps/ecommerce/productos/1147/1769863502.webp,si,SUNNY,"Acuario y peces / Equipamiento tecnico / Filtracion y oxigenacion",300,MXN,consultar_disponibilidad
390,395,OCI-750,"Filtro interno ocean 750 litros por hora",filtro-interno-ocean-750l-por-hora,https://artiani.com.mx/producto/filtro-interno-ocean-750l-por-hora,https://sys.artiani.com.mx/media/apps/ecommerce/productos/384/1687554862.jpg,si,"OCEAN AQUA","Acuario y peces / Equipamiento tecnico / Filtracion y oxigenacion",430,MXN,agotado
76,1708,SPF-150,"Filtro mini para acuarios y terrarios 150 a 180 litros x hr",filtro-mini-para-acuarios-y-terrarios-150-a-180l-x-hr,https://artiani.com.mx/producto/filtro-mini-para-acuarios-y-terrarios-150-a-180l-x-hr,https://sys.artiani.com.mx/media/apps/ecommerce/productos/1149/1712783476.jpg,si,SUNNY,"Acuario y peces / Equipamiento tecnico / Filtracion y oxigenacion",250,MXN,consultar_disponibilidad
765,387,FP40N,"Filtro placa 40cm",filtro-placa-40cm,https://artiani.com.mx/producto/filtro-placa-40cm,https://sys.artiani.com.mx/media/apps/ecommerce/productos/374/1674608910.jpg,si,,"Acuario y peces / Equipamiento tecnico / Filtracion y oxigenacion",85,MXN,agotado
766,388,FP50N,"Filtro placa 50cm",filtro-placa-50cm,https://artiani.com.mx/producto/filtro-placa-50cm,https://sys.artiani.com.mx/media/apps/ecommerce/productos/375/1674607476.jpg,si,CAT,"Acuario y peces / Equipamiento tecnico / Filtracion y oxigenacion",110,MXN,agotado
1783,761,H-102,"Filtro rapido 200 l/h 3.5 w",filtro-rapido-200l-h-3-5-w,https://artiani.com.mx/producto/filtro-rapido-200l-h-3-5-w,https://sys.artiani.com.mx/media/apps/ecommerce/productos/918/1699754236.jpg,si,BIOPRO,"Acuario y peces / Equipamiento tecnico / Filtracion y oxigenacion",280,MXN,agotado
1784,762,H-100,"Filtro rapido mini 200 l/h 2 w",filtro-rapido-mini-200l-h-2-w,https://artiani.com.mx/producto/filtro-rapido-mini-200l-h-2-w,https://sys.artiani.com.mx/media/apps/ecommerce/productos/920/1699755227.jpg,si,BIOPRO,"Acuario y peces / Equipamiento tecnico / Filtracion y oxigenacion",280,MXN,agotado
1734,691,HPT2130,"Foco de noche night glo exo-terra 75 w",foco-de-noche-night-glo-exo-terra-75-w,https://artiani.com.mx/producto/foco-de-noche-night-glo-exo-terra-75-w,https://sys.artiani.com.mx/media/apps/ecommerce/productos/821/1690832947.jpg,si,"EXO TERRA","Reptiles, anfibios e invertebrados / Reptiles generales / Calefaccion",195,MXN,agotado
1735,692,HPT2144,"Foco heat glo exo-terra 100 w",foco-heat-glo-exo-terra-100-w,https://artiani.com.mx/producto/foco-heat-glo-exo-terra-100-w,https://sys.artiani.com.mx/media/apps/ecommerce/productos/822/1678744240.jpg,si,"EXO TERRA","Reptiles, anfibios e invertebrados / Reptiles generales / Calefaccion",399,MXN,agotado
225,259,HPT2141,"Foco heat glo exo-terra 50 w",foco-heat-glo-exo-terra-50-w,https://artiani.com.mx/producto/foco-heat-glo-exo-terra-50-w,https://sys.artiani.com.mx/media/apps/ecommerce/productos/155/1697674696.jpg,si,"EXO TERRA","Reptiles, anfibios e invertebrados / Reptiles generales / Calefaccion",350,MXN,consultar_disponibilidad
1736,693,HPT2142,"Foco infrarrojo heat glo exo-terra 75 w",foco-infrarrojo-heat-glo-exo-terra-75-w,https://artiani.com.mx/producto/foco-infrarrojo-heat-glo-exo-terra-75-w,https://sys.artiani.com.mx/media/apps/ecommerce/productos/823/1690839221.jpg,si,"EXO TERRA","Reptiles, anfibios e invertebrados / Reptiles generales / Calefaccion",350,MXN,agotado
224,258,HPT2126,"Foco night glo exo-terra 50 w",foco-night-glo-exo-terra-50-w,https://artiani.com.mx/producto/foco-night-glo-exo-terra-50-w,https://sys.artiani.com.mx/media/apps/ecommerce/productos/154/1678732402.jpg,si,"EXO TERRA","Reptiles, anfibios e invertebrados / Reptiles generales / Calefaccion",195,MXN,consultar_disponibilidad
2043,1088,HPT2188,"Foco repti glo 10.0 exo-terra 13 w",foco-repti-glo-10-0-exo-terra-13-w,https://artiani.com.mx/producto/foco-repti-glo-10-0-exo-terra-13-w,https://sys.artiani.com.mx/media/apps/ecommerce/productos/1412/1733318561.jpg,si,"EXO TERRA","Reptiles, anfibios e invertebrados / Reptiles generales / Calefaccion",720,MXN,agotado
2220,1289,HPT2189,"Foco repti glo 10.0 exo-terra 26 w",foco-repti-glo-10-0-exo-terra-26-w,https://artiani.com.mx/producto/foco-repti-glo-10-0-exo-terra-26-w,https://sys.artiani.com.mx/media/apps/ecommerce/productos/1661/1766808272.webp,si,"EXO TERRA","Reptiles, anfibios e invertebrados / Reptiles generales / Calefaccion",790,MXN,agotado
191,174,HPT2186,"Foco repti glo 5.0 exo-terra 13 w",foco-repti-glo-5-0-exo-terra-13-w,https://artiani.com.mx/producto/foco-repti-glo-5-0-exo-terra-13-w,https://sys.artiani.com.mx/media/apps/ecommerce/productos/44/1687440770.jpg,si,"EXO TERRA","Reptiles, anfibios e invertebrados / Reptiles generales / Calefaccion",795,MXN,consultar_disponibilidad
2053,1100,HPT2187,"Foco repti glo 5.0 exo-terra 26 w",foco-repti-glo-5-0-exo-terra-26-w,https://artiani.com.mx/producto/foco-repti-glo-5-0-exo-terra-26-w,https://sys.artiani.com.mx/media/apps/ecommerce/productos/1425/1759443092.webp,si,"EXO TERRA","Reptiles, anfibios e invertebrados / Reptiles generales / Calefaccion",795,MXN,agotado
223,257,HPT2114,"Foco sun glo exo-terra 150 w",foco-sun-glo-exo-terra-150-w,https://artiani.com.mx/producto/foco-sun-glo-exo-terra-150-w,https://sys.artiani.com.mx/media/apps/ecommerce/productos/153/1678743403.jpg,si,"EXO TERRA","Reptiles, anfibios e invertebrados / Reptiles generales / Calefaccion",320,MXN,consultar_disponibilidad
1733,690,HPT2110,"Foco sun glo exo-terra 60 w",foco-sun-glo-exo-terra-60-w,https://artiani.com.mx/producto/foco-sun-glo-exo-terra-60-w,https://sys.artiani.com.mx/media/apps/ecommerce/productos/820/1697675323.jpg,si,"EXO TERRA","Reptiles, anfibios e invertebrados / Reptiles generales / Calefaccion",195,MXN,agotado
2064,1111,HPT2133,"Foco sun glo neodymium exo-terra 100 w",foco-sun-glo-neodymium-exo-terra-100-w,https://artiani.com.mx/producto/foco-sun-glo-neodymium-exo-terra-100-w,https://sys.artiani.com.mx/media/apps/ecommerce/productos/1442/1759442722.webp,si,"EXO TERRA","Reptiles, anfibios e invertebrados / Reptiles generales / Calefaccion",350,MXN,agotado
2062,1109,HPT2132,"Foco sun glo neodymium exo-terra 75 w",foco-sun-glo-neodymium-exo-terra-75-w,https://artiani.com.mx/producto/foco-sun-glo-neodymium-exo-terra-75-w,https://sys.artiani.com.mx/media/apps/ecommerce/productos/1440/1759357173.webp,si,"EXO TERRA","Reptiles, anfibios e invertebrados / Reptiles generales / Calefaccion",250,MXN,agotado
2221,1290,HPT2138,"Foco sun glo tight beam exo-terra 100 w",foco-sun-glo-tight-beam-exo-terra-100-w,https://artiani.com.mx/producto/foco-sun-glo-tight-beam-exo-terra-100-w,https://sys.artiani.com.mx/media/apps/ecommerce/productos/1662/1766810110.webp,si,"EXO TERRA","Reptiles, anfibios e invertebrados / Reptiles generales / Calefaccion",255,MXN,agotado
222,256,HPT2136,"Foco sun glo tight beam exo-terra 75 w",foco-sun-glo-tight-beam-exo-terra-75-w,https://artiani.com.mx/producto/foco-sun-glo-tight-beam-exo-terra-75-w,https://sys.artiani.com.mx/media/apps/ecommerce/productos/152/1670013484.jpg,si,"EXO TERRA","Reptiles, anfibios e invertebrados / Reptiles generales / Calefaccion",195,MXN,consultar_disponibilidad
2302,1372,FL4174,"Funbites para canarios y finches",funbites-para-canarios-y-finches,https://artiani.com.mx/producto/funbites-para-canarios-y-finches,https://sys.artiani.com.mx/media/apps/ecommerce/productos/1748/1769663011.webp,si,REDKITE,"Aves / Alimentacion / Premios y snacks",75,MXN,agotado
1789,769,PI0810-0306,"Funda protectora para asientos de coche",funda-protectora-para-asientos-de-coche,https://artiani.com.mx/producto/funda-protectora-para-asientos-de-coche,https://sys.artiani.com.mx/media/apps/ecommerce/productos/965/1700782356.jpg,si,,"Perros / Accesorios generales",,,agotado
2715,1847,4066,"Gabinete 50 x 21 x 65 cm para aqua pack 4062",gabinete-50-x-21-x-65-cm-para-aqua-pack-4062,https://artiani.com.mx/producto/gabinete-50-x-21-x-65-cm-para-aqua-pack-4062,https://sys.artiani.com.mx/uploads/erp/catalogo/productos/1594/producto-1594-20260828134527-e9dee916.webp,si,"AQUA KRIL","Acuario y peces / Peceras, acuarios y muebles / Bases y muebles",1600,MXN,agotado
748,317,FL3947,"Gel cicatrizante de kiwi 70 grs",gel-cicatrizante-de-kiwi-70g,https://artiani.com.mx/producto/gel-cicatrizante-de-kiwi-70g,https://sys.artiani.com.mx/media/apps/ecommerce/productos/257/1712778918.jpg,si,"FANCY PETS","Perros / Salud e higiene / Higiene y limpieza",100,MXN,agotado
751,337,GRA-01,"Grava cacahuate por costal",grava-cacahuate-por-costal,https://artiani.com.mx/producto/grava-cacahuate-por-costal,https://sys.artiani.com.mx/media/apps/ecommerce/productos/293/1686248932.jpg,si,,"Acuario y peces / Decoracion y ambientacion / Sustratos, gravas y arenas",300,MXN,agotado
752,338,PPGRAN10K,"Grava natural grano de oro 10 kg",grava-natural-grano-de-oro-10kg,https://artiani.com.mx/producto/grava-natural-grano-de-oro-10kg,https://sys.artiani.com.mx/media/apps/ecommerce/productos/295/1686062061.jpg,si,,"Acuario y peces / Decoracion y ambientacion / Sustratos, gravas y arenas",300,MXN,agotado
2606,1717,GRAVA-25,"Grava para acuario espesor 3mm estandar color rojo",grava-para-acuario-espesor-3mm-estandar-color-rojo,https://artiani.com.mx/producto/grava-para-acuario-espesor-3mm-estandar-color-rojo,https://sys.artiani.com.mx/media/apps/ecommerce/productos/291/1686250151.jpg,si,SUNNY,"Acuario y peces / Decoracion y ambientacion / Sustratos, gravas y arenas",490,MXN,agotado
2604,1715,GRAVA-1,"Grava para acuario espesor de 3 mm color confetti neon",grava-para-acuario-espesor-de-3-mm-color-confetti-neon,https://artiani.com.mx/producto/grava-para-acuario-espesor-de-3-mm-color-confetti-neon,https://sys.artiani.com.mx/media/apps/ecommerce/productos/294/1708366492.jpg,si,SUNNY,"Acuario y peces / Decoracion y ambientacion / Sustratos, gravas y arenas",490,MXN,agotado
2600,1711,GRAVA-2,"Grava para acuario espesor de 3 mm color fiusha neon",grava-para-acuario-espesor-de-3-mm-color-fiusha-neon,https://artiani.com.mx/producto/grava-para-acuario-espesor-de-3-mm-color-fiusha-neon,https://sys.artiani.com.mx/media/apps/ecommerce/productos/294/1708366492.jpg,si,SUNNY,"Acuario y peces / Decoracion y ambientacion / Sustratos, gravas y arenas",490,MXN,agotado
2605,1716,GRAVA-4,"Grava para acuario espesor de 3 mm color naranja neon",grava-para-acuario-espesor-de-3-mm-color-naranja-neon,https://artiani.com.mx/producto/grava-para-acuario-espesor-de-3-mm-color-naranja-neon,https://sys.artiani.com.mx/media/apps/ecommerce/productos/294/1708366492.jpg,si,SUNNY,"Acuario y peces / Decoracion y ambientacion / Sustratos, gravas y arenas",490,MXN,agotado
2599,1710,GRAVA-5,"Grava para acuario espesor de 3 mm color saturno neon",grava-para-acuario-espesor-de-3-mm-color-saturno-neon,https://artiani.com.mx/producto/grava-para-acuario-espesor-de-3-mm-color-saturno-neon,https://sys.artiani.com.mx/media/apps/ecommerce/productos/294/1708366492.jpg,si,SUNNY,"Acuario y peces / Decoracion y ambientacion / Sustratos, gravas y arenas",490,MXN,agotado
2601,1712,GRAVA-6,"Grava para acuario espesor de 3 mm color verde neon",grava-para-acuario-espesor-de-3-mm-color-verde-neon,https://artiani.com.mx/producto/grava-para-acuario-espesor-de-3-mm-color-verde-neon,https://sys.artiani.com.mx/media/apps/ecommerce/productos/294/1708366492.jpg,si,SUNNY,"Acuario y peces / Decoracion y ambientacion / Sustratos, gravas y arenas",490,MXN,agotado
2602,1713,GRAVA-14,"Grava para acuario espesor de 3 mm estandar color azul cielo",grava-para-acuario-espesor-de-3-mm-estandar-color-azul-cielo,https://artiani.com.mx/producto/grava-para-acuario-espesor-de-3-mm-estandar-color-azul-cielo,https://sys.artiani.com.mx/media/apps/ecommerce/productos/291/1686250151.jpg,si,SUNNY,"Acuario y peces / Decoracion y ambientacion / Sustratos, gravas y arenas",490,MXN,agotado
2603,1714,GRAVA-32,"Grava para acuario espesor de 3 mm estandar color negro",grava-para-acuario-espesor-de-3-mm-estandar-color-negro,https://artiani.com.mx/producto/grava-para-acuario-espesor-de-3-mm-estandar-color-negro,https://sys.artiani.com.mx/media/apps/ecommerce/productos/291/1686250151.jpg,si,SUNNY,"Acuario y peces / Decoracion y ambientacion / Sustratos, gravas y arenas",490,MXN,agotado
750,335,GRAVA-28,"Grava para acuario espesor de 3mm estandar color café chocolate",grava-para-acuario-espesor-de-3mm-estandar-color-cafe-chocolate,https://artiani.com.mx/producto/grava-para-acuario-espesor-de-3mm-estandar-color-cafe-chocolate,https://sys.artiani.com.mx/media/apps/ecommerce/productos/290/1708373755.jpg,si,SUNNY,"Acuario y peces / Decoracion y ambientacion / Sustratos, gravas y arenas",490,MXN,agotado
2039,1084,FL8317,"Guante de goma para almohazar",guante-de-goma-para-almohazar,https://artiani.com.mx/producto/guante-de-goma-para-almohazar,https://sys.artiani.com.mx/media/apps/ecommerce/productos/1404/1732368890.jpg,si,"FANCY PETS","Perros / Salud e higiene / Higiene y limpieza",,,agotado
2217,1286,HENE-02,"Henera y comdero para roedor chica",henera-y-comdero-para-roedor-chica,https://artiani.com.mx/producto/henera-y-comdero-para-roedor-chica,https://sys.artiani.com.mx/media/apps/ecommerce/productos/1655/1766067393.webp,si,ARTIANI,"Pequenos mamiferos / Accesorios generales",,,agotado
2216,1285,HENE-01,"Henera y comdero para roedor mediana",henera-y-comdero-para-roedor-mediana,https://artiani.com.mx/producto/henera-y-comdero-para-roedor-mediana,https://sys.artiani.com.mx/media/apps/ecommerce/productos/1654/1766065130.webp,si,ARTIANI,"Pequenos mamiferos / Accesorios generales",,,agotado
2049,1096,71135-250GR,"Heno avena Timothy 250 gr para desgaste dental",heno-avena-timothy-250g-para-desgaste-dental,https://artiani.com.mx/producto/heno-avena-timothy-250g-para-desgaste-dental,https://sys.artiani.com.mx/media/apps/ecommerce/productos/1421/1737089425.webp,si,SUNNY,"Pequenos mamiferos / Accesorios generales",60,MXN,agotado
2664,1793,FOHRS-PAFAKG,"Heno de alfalfa 1 kg",heno-de-alfalfa-1kg,https://artiani.com.mx/producto/heno-de-alfalfa-1kg,https://sys.artiani.com.mx/uploads/erp/catalogo/productos/962/producto-962-20260919171726-6287ff9d.webp,si,,"Pequenos mamiferos / Accesorios generales",50,MXN,agotado
2016,1059,NUAN-CUFA,"Heno de alfalfa natural en cubos 1 KG",heno-de-alfalfa-natural-en-cubos-1kg,https://artiani.com.mx/producto/heno-de-alfalfa-natural-en-cubos-1kg,https://sys.artiani.com.mx/media/apps/ecommerce/productos/1379/1731506122.jpg,si,,"Pequenos mamiferos / Accesorios generales",1550,MXN,agotado
2678,1807,FOALBA-PANA-KG,"Heno de avena alimento 1 kg",heno-de-avena-alimento-1kg,https://artiani.com.mx/producto/heno-de-avena-alimento-1kg,https://sys.artiani.com.mx/uploads/erp/catalogo/productos/102/producto-102-20260919171626-f895c9bc.webp,si,,"Pequenos mamiferos / Conejo / Alimentacion / Alimentos",70,MXN,agotado
34,1679,WA001,"Hojuelas basicas 10 gr",hojuelas-basicas-10g,https://artiani.com.mx/producto/hojuelas-basicas-10g,https://sys.artiani.com.mx/media/apps/ecommerce/productos/16/1670283813.png,si,LOMAS,"Acuario y peces / Alimentacion / Alimentos de acuario",35,MXN,agotado
41,155,WA004,"Hojuelas basicas 100 gr",hojuelas-basicas-100g,https://artiani.com.mx/producto/hojuelas-basicas-100g,https://sys.artiani.com.mx/media/apps/ecommerce/productos/17/1670285032.png,si,LOMAS,"Acuario y peces / Alimentacion / Alimentos de acuario",150,MXN,agotado
122,160,Q111,"Hojuelas basicas 110 gr",hojuelas-basicas-110g,https://artiani.com.mx/producto/hojuelas-basicas-110g,https://sys.artiani.com.mx/media/apps/ecommerce/productos/27/1675468060.jpg,si,BIOMAA,"Acuario y peces / Alimentacion / Alimentos de acuario",150,MXN,consultar_disponibilidad
42,1680,WA002,"Hojuelas basicas 20 gr",hojuelas-basicas-20g,https://artiani.com.mx/producto/hojuelas-basicas-20g,https://sys.artiani.com.mx/media/apps/ecommerce/productos/18/1670284532.png,si,LOMAS,"Acuario y peces / Alimentacion / Alimentos de acuario",45,MXN,agotado
35,1678,WA003,"Hojuelas basicas 30 gr",hojuelas-basicas-30g,https://artiani.com.mx/producto/hojuelas-basicas-30g,https://sys.artiani.com.mx/media/apps/ecommerce/productos/20/1670284865.png,si,LOMAS,"Acuario y peces / Alimentacion / Alimentos de acuario",55,MXN,agotado
283,1706,50422,"Huesito con 30 bolsas sanitarias",huesito-con-30-bolsas-sanitarias,https://artiani.com.mx/producto/huesito-con-30-bolsas-sanitarias,https://sys.artiani.com.mx/media/apps/ecommerce/productos/1338/1726208952.jpg,si,SEVENPET,"Perros / Salud e higiene / Higiene y limpieza",65,MXN,agotado
1940,953,"6 SLIM","Hueso chico largo premio para perros",hueso-chico-largo-premio-para-perros,https://artiani.com.mx/producto/hueso-chico-largo-premio-para-perros,https://sys.artiani.com.mx/media/apps/ecommerce/productos/1239/1714776887.jpg,si,,,,,agotado
1939,952,4-5,"Hueso chico premio para perros",hueso-chico-premio-para-perros,https://artiani.com.mx/producto/hueso-chico-premio-para-perros,https://sys.artiani.com.mx/media/apps/ecommerce/productos/1238/1714771865.jpg,si,,,,,agotado
1944,960,9-10,"Hueso cuadruple premio para perro",hueso-cuadruple-premio-para-perro,https://artiani.com.mx/producto/hueso-cuadruple-premio-para-perro,https://sys.artiani.com.mx/media/apps/ecommerce/productos/1246/1714783550.jpg,si,,,,,agotado
2328,1400,ALA-0013,"Hueso De Jibia (Sepia) 5-8cm Para Aves Y Tortugas - 1 kg (entera)",hueso-de-jibia-sepia-5-8cm-para-aves-y-tortugas-1kg-entera-paq,https://artiani.com.mx/producto/hueso-de-jibia-sepia-5-8cm-para-aves-y-tortugas-1kg-entera-paq,https://sys.artiani.com.mx/media/apps/ecommerce/productos/1776/1771339828.webp,si,,"Reptiles, anfibios e invertebrados / Tortugas / Alimentos para tortugas",1400,MXN,agotado
1943,959,10-11,"Hueso duo premio para perro",hueso-duo-premio-para-perro,https://artiani.com.mx/producto/hueso-duo-premio-para-perro,https://sys.artiani.com.mx/media/apps/ecommerce/productos/1245/1714782354.jpg,si,,,,,agotado
1938,951,7-8,"Hueso grande premio para perros",hueso-grande-premio-para-perros,https://artiani.com.mx/producto/hueso-grande-premio-para-perros,https://sys.artiani.com.mx/media/apps/ecommerce/productos/1237/1714768933.jpg,si,,,,,agotado
1937,950,6-7,"Hueso mediano premio para perros",hueso-mediano-premio-para-perros,https://artiani.com.mx/producto/hueso-mediano-premio-para-perros,https://sys.artiani.com.mx/media/apps/ecommerce/productos/1236/1714698901.jpg,si,,,,,agotado
1941,954,MINI,"Hueso mini premio para perros",hueso-mini-premio-para-perros,https://artiani.com.mx/producto/hueso-mini-premio-para-perros,https://sys.artiani.com.mx/media/apps/ecommerce/productos/1240/1714778103.jpg,si,,,,,agotado
1942,956,11-12,"Hueso XL premio para perro",hueso-xl-premio-para-perro,https://artiani.com.mx/producto/hueso-xl-premio-para-perro,https://sys.artiani.com.mx/media/apps/ecommerce/productos/1242/1714770453.jpg,si,,,,,agotado
2375,1447,FL3640,"Hydrapet electrolitos orales sabor carne para perro",hydrapet-electrolitos-orales-sabor-carne-para-perro,https://artiani.com.mx/producto/hydrapet-electrolitos-orales-sabor-carne-para-perro,https://sys.artiani.com.mx/media/apps/ecommerce/productos/1828/1773492953.webp,si,"FANCY PETS","Perros / Salud e higiene / Prevencion y cuidado",60,MXN,agotado
2376,1448,FL3641,"Hydrapet electrolitos orales sabor tocino para perro",hydrapet-electrolitos-orales-sabor-tocino-para-perro,https://artiani.com.mx/producto/hydrapet-electrolitos-orales-sabor-tocino-para-perro,https://sys.artiani.com.mx/media/apps/ecommerce/productos/1829/1773493000.webp,si,"FANCY PETS","Perros / Salud e higiene / Prevencion y cuidado",60,MXN,agotado
2377,1449,FL3639,"Hydrapet electrolitos orales sabor vainilla para perro",hydrapet-electrolitos-orales-sabor-vainilla-para-perro,https://artiani.com.mx/producto/hydrapet-electrolitos-orales-sabor-vainilla-para-perro,https://sys.artiani.com.mx/media/apps/ecommerce/productos/1830/1773493049.webp,si,"FANCY PETS","Perros / Salud e higiene / Prevencion y cuidado",60,MXN,agotado
1824,808,5414365188818,"Igloo duvo para roedores chico -16 cm verde",igloo-duvo-para-roedores-chico-16-cm-verde,https://artiani.com.mx/producto/igloo-duvo-para-roedores-chico-16-cm-verde,https://sys.artiani.com.mx/media/apps/ecommerce/productos/1051/1706741026.jpg,si,,"Pequenos mamiferos / Conejo / Camas, casas y colchones",,,agotado
45,179,B702,"Iguana bits 120 gr",iguana-bits-120g,https://artiani.com.mx/producto/iguana-bits-120g,https://sys.artiani.com.mx/media/apps/ecommerce/productos/49/1687441593.jpg,si,PETMMAL,"Reptiles, anfibios e invertebrados / Iguanas / Alimentos para iguana",75,MXN,agotado
46,1676,B703,"Iguana bits 300 gr",iguana-bits-300g,https://artiani.com.mx/producto/iguana-bits-300g,https://sys.artiani.com.mx/media/apps/ecommerce/productos/1509/1757978648.webp,si,PETMMAL,"Reptiles, anfibios e invertebrados / Iguanas / Alimentos para iguana",155,MXN,agotado
47,180,B701,"Iguana bits pellets 60 gr",iguana-bits-pellets-60g,https://artiani.com.mx/producto/iguana-bits-pellets-60g,https://sys.artiani.com.mx/media/apps/ecommerce/productos/50/1687441970.jpg,si,PETMMAL,"Reptiles, anfibios e invertebrados / Iguanas / Alimentos para iguana",45,MXN,agotado
734,274,GPIS,"Isla para tortuguero circular",isla-para-tortuguero-circular,https://artiani.com.mx/producto/isla-para-tortuguero-circular,https://sys.artiani.com.mx/media/apps/ecommerce/productos/179/1697242245.jpg,si,,"Reptiles, anfibios e invertebrados / Tortugas / Tortugueros",,,agotado
735,275,GPIS04,"Isla para tortuguero rampa",isla-para-tortuguero-rampa,https://artiani.com.mx/producto/isla-para-tortuguero-rampa,https://sys.artiani.com.mx/media/apps/ecommerce/productos/180/1697243453.jpg,si,,"Reptiles, anfibios e invertebrados / Tortugas / Tortugueros",,,agotado
1597,510,FL3943,"Jabon insecticida 100 gr",jabon-insecticida-100g,https://artiani.com.mx/producto/jabon-insecticida-100g,https://sys.artiani.com.mx/media/apps/ecommerce/productos/573/1712061769.jpg,si,"FANCY PETS","Perros / Salud e higiene / Prevencion y cuidado",90,MXN,agotado
1775,753,PPJAVEG,"Jaula 2 aguas grande para aves",jaula-2-aguas-grande-para-aves,https://artiani.com.mx/producto/jaula-2-aguas-grande-para-aves,https://sys.artiani.com.mx/media/apps/ecommerce/productos/909/1699680774.jpg,si,,"Aves / Habitat / Jaulas",,,agotado
787,428,DYR2-2,"Jaula amsterdam II para huron",jaula-amsterdam-ii-para-huron,https://artiani.com.mx/producto/jaula-amsterdam-ii-para-huron,https://sys.artiani.com.mx/media/apps/ecommerce/productos/436/1724999425.jpg,si,REDKITE,"Pequenos mamiferos / Habitat y jaulas generales",2450,MXN,agotado
1593,500,DYR2-1,"Jaula amsterdam para huron",jaula-amsterdam-para-huron,https://artiani.com.mx/producto/jaula-amsterdam-para-huron,https://sys.artiani.com.mx/media/apps/ecommerce/productos/561/1732557916.jpeg,si,REDKITE,"Pequenos mamiferos / Habitat y jaulas generales",1750,MXN,agotado
1774,752,422,"Jaula aves (doble linaje) con división 58 x 40 x 40 cm",jaula-aves-doble-linaje-con-division-58-x-40-x-40-cm,https://artiani.com.mx/producto/jaula-aves-doble-linaje-con-division-58-x-40-x-40-cm,https://sys.artiani.com.mx/media/apps/ecommerce/productos/908/1699679133.jpg,si,CAGELAND,"Aves / Habitat / Jaulas",,,agotado
2520,1597,B10,"Jaula aves colonial 30 x 23 x 29 cm",jaula-aves-colonial-30-x-23-x-29-cm,https://artiani.com.mx/producto/jaula-aves-colonial-30-x-23-x-29-cm,https://sys.artiani.com.mx/media/apps/ecommerce/productos/428/1695325355.jpg,si,CAGELAND,"Aves / Habitat / Jaulas",,,agotado
2528,1605,T189,"Jaula aves cubo 23 x 23 x 28 cm",jaula-aves-cubo-23-x-23-x-28-cm,https://artiani.com.mx/producto/jaula-aves-cubo-23-x-23-x-28-cm,https://sys.artiani.com.mx/media/apps/ecommerce/productos/907/1707265534.jpg,si,CAGELAND,"Aves / Habitat / Jaulas",,,agotado
2524,1601,T181,"Jaula aves curva 23 x 17 x 28 cm",jaula-aves-curva-23-x-17-x-28-cm,https://artiani.com.mx/producto/jaula-aves-curva-23-x-17-x-28-cm,https://sys.artiani.com.mx/media/apps/ecommerce/productos/1085/1707486344.jpg,si,CAGELAND,"Aves / Habitat / Jaulas",,,agotado
2539,1616,B19-AO,"Jaula baral amarilla para pajaro",jaula-baral-amarilla-para-pajaro,https://artiani.com.mx/producto/jaula-baral-amarilla-para-pajaro,https://sys.artiani.com.mx/media/apps/ecommerce/productos/1079/1707249893.jpg,si,CAGELAND,"Aves / Habitat / Jaulas",,,agotado
2536,1613,B19-AL,"Jaula baral azul para pajaro",jaula-baral-azul-para-pajaro,https://artiani.com.mx/producto/jaula-baral-azul-para-pajaro,https://sys.artiani.com.mx/media/apps/ecommerce/productos/1076/1707246369.jpg,si,CAGELAND,"Aves / Habitat / Jaulas",,,agotado
2537,1614,B19-MO,"Jaula baral morada para pajaro",jaula-baral-morada-para-pajaro,https://artiani.com.mx/producto/jaula-baral-morada-para-pajaro,https://sys.artiani.com.mx/media/apps/ecommerce/productos/1077/1707246730.jpg,si,CAGELAND,"Aves / Habitat / Jaulas",,,agotado
2538,1615,B19-VE,"Jaula baral verde para pajaro",jaula-baral-verde-para-pajaro,https://artiani.com.mx/producto/jaula-baral-verde-para-pajaro,https://sys.artiani.com.mx/media/apps/ecommerce/productos/1078/1707247483.jpg,si,CAGELAND,"Aves / Habitat / Jaulas",,,agotado
1536,434,SH-230134,"Jaula casa alta para mascotas",jaula-casa-alta-para-mascotas,https://artiani.com.mx/producto/jaula-casa-alta-para-mascotas,https://sys.artiani.com.mx/media/apps/ecommerce/productos/446/1694654388.jpg,si,"SAKURA PETTO",,,,agotado
1537,435,SH-230601,"Jaula casa baja para mascotas",jaula-casa-baja-para-mascotas,https://artiani.com.mx/producto/jaula-casa-baja-para-mascotas,https://sys.artiani.com.mx/media/apps/ecommerce/productos/447/1696626480.jpg,si,"SAKURA PETTO",,,,agotado
2522,1599,B10-AO,"Jaula colonial amarilla para pajaro",jaula-colonial-amarilla-para-pajaro,https://artiani.com.mx/producto/jaula-colonial-amarilla-para-pajaro,https://sys.artiani.com.mx/media/apps/ecommerce/productos/1074/1765036985.webp,si,CAGELAND,"Aves / Habitat / Jaulas",,,agotado
2521,1598,B10-AL,"Jaula colonial azul para pajaro",jaula-colonial-azul-para-pajaro,https://artiani.com.mx/producto/jaula-colonial-azul-para-pajaro,https://sys.artiani.com.mx/media/apps/ecommerce/productos/1073/1765037145.webp,si,CAGELAND,"Aves / Habitat / Jaulas",,,agotado
2523,1600,B10-RO,"Jaula colonial roja para pajaro",jaula-colonial-roja-para-pajaro,https://artiani.com.mx/producto/jaula-colonial-roja-para-pajaro,https://sys.artiani.com.mx/media/apps/ecommerce/productos/1075/1707242523.jpg,si,CAGELAND,"Aves / Habitat / Jaulas",,,agotado
1532,430,10276,"Jaula conejera 58 x 32 x 32 cm",jaula-conejera-58-x-32-x-32-cm,https://artiani.com.mx/producto/jaula-conejera-58-x-32-x-32-cm,https://sys.artiani.com.mx/media/apps/ecommerce/productos/440/1669418480.png,si,SEVENPET,"Pequenos mamiferos / Habitat y jaulas generales",,,agotado
285,1718,JAM-04,"Jaula corral gala 4 paneles con tapa",jaula-corral-gala-4-paneles-con-tapa,https://artiani.com.mx/producto/jaula-corral-gala-4-paneles-con-tapa,https://sys.artiani.com.mx/media/apps/ecommerce/productos/1625/1762523537.webp,si,,"Perros / Habitat y descanso / Corrales y vallas",490,MXN,agotado
67,1591,11302,"Jaula cosset III 23 x 17 x 28 cm",jaula-cosset-iii-23-x-17-x-28-cm,https://artiani.com.mx/producto/jaula-cosset-iii-23-x-17-x-28-cm,https://sys.artiani.com.mx/media/apps/ecommerce/productos/498/1687529045.jpg,si,SEVENPET,"Pequenos mamiferos / Hamster / Habitat y jaulas",330,MXN,consultar_disponibilidad
769,397,11306,"Jaula cosset VII 23 x 17 x 16 cm",jaula-cosset-vii-23-x-17-x-16-cm,https://artiani.com.mx/producto/jaula-cosset-vii-23-x-17-x-16-cm,https://sys.artiani.com.mx/media/apps/ecommerce/productos/389/1711153634.jpg,si,SEVENPET,"Pequenos mamiferos / Habitat y jaulas generales",280,MXN,consultar_disponibilidad
2354,1426,11309,"Jaula cosset X 47 x 30 x 33 cm",jaula-cosset-x-47-x-30-x-33-cm,https://artiani.com.mx/producto/jaula-cosset-x-47-x-30-x-33-cm,https://sys.artiani.com.mx/media/apps/ecommerce/productos/438/1669418240.jpg,si,SEVENPET,"Pequenos mamiferos / Conejo / Habitat y jaulas",450,MXN,agotado
2479,1555,11310,"Jaula cosset xl 60 x 35 x 33 cm",jaula-cosset-xl-60-x-35-x-33-cm,https://artiani.com.mx/producto/jaula-cosset-xl-60-x-35-x-33-cm,https://sys.artiani.com.mx/media/apps/ecommerce/productos/437/1669417704.png,si,SEVENPET,"Pequenos mamiferos / Habitat y jaulas generales",699,MXN,agotado
2533,1610,315A-AO,"Jaula esfera amarilla para pajaro",jaula-esfera-amarilla-para-pajaro,https://artiani.com.mx/producto/jaula-esfera-amarilla-para-pajaro,https://sys.artiani.com.mx/media/apps/ecommerce/productos/1081/1761021524.webp,si,"HOBBY PET","Aves / Habitat / Jaulas",,,agotado
2534,1611,315A-AL,"Jaula esfera azul para pajaro",jaula-esfera-azul-para-pajaro,https://artiani.com.mx/producto/jaula-esfera-azul-para-pajaro,https://sys.artiani.com.mx/media/apps/ecommerce/productos/1081/1761021524.webp,si,"HOBBY PET","Aves / Habitat / Jaulas",,,agotado
2532,1609,315A-BO,"jaula esfera blanca para pajaro",jaula-esfera-blanca-para-pajaro,https://artiani.com.mx/producto/jaula-esfera-blanca-para-pajaro,https://sys.artiani.com.mx/media/apps/ecommerce/productos/1081/1761021524.webp,si,"HOBBY PET","Aves / Habitat / Jaulas",,,agotado
2527,1604,T181-AO,"Jaula estik amarilla para pajaros",jaula-estik-amarilla-para-pajaros,https://artiani.com.mx/producto/jaula-estik-amarilla-para-pajaros,https://sys.artiani.com.mx/media/apps/ecommerce/productos/1088/1707601089.jpg,si,CAGELAND,"Aves / Habitat / Jaulas",,,agotado
2526,1603,T181-RO,"Jaula estik roja para pajaros",jaula-estik-roja-para-pajaros,https://artiani.com.mx/producto/jaula-estik-roja-para-pajaros,https://sys.artiani.com.mx/media/apps/ecommerce/productos/1087/1707600865.jpg,si,CAGELAND,"Aves / Habitat / Jaulas",,,agotado
2525,1602,T181-VE,"Jaula estik verde para pajaros",jaula-estik-verde-para-pajaros,https://artiani.com.mx/producto/jaula-estik-verde-para-pajaros,https://sys.artiani.com.mx/media/apps/ecommerce/productos/1086/1707600675.jpg,si,CAGELAND,"Aves / Habitat / Jaulas",,,agotado
2484,1560,11332,"Jaula extravaganza azul 27 x 21 x 27 cm",jaula-extravaganza-azul-27-x-21-x-27-cm,https://artiani.com.mx/producto/jaula-extravaganza-azul-27-x-21-x-27-cm,https://sys.artiani.com.mx/media/apps/ecommerce/productos/1072/1707227103.jpg,si,SEVENPET,"Pequenos mamiferos / Hamster / Habitat y jaulas",420,MXN,consultar_disponibilidad
2482,1558,11334,"Jaula extravaganza cafe 27 x 21 x 27 cm",jaula-extravaganza-cafe-27-x-21-x-27-cm,https://artiani.com.mx/producto/jaula-extravaganza-cafe-27-x-21-x-27-cm,https://sys.artiani.com.mx/media/apps/ecommerce/productos/469/1669685298.png,si,SEVENPET,"Pequenos mamiferos / Hamster / Habitat y jaulas",420,MXN,consultar_disponibilidad
425,33,11335,"Jaula extravaganza II azul 31 x 24 x 30 cm",jaula-extravaganza-ii-azul-31-x-24-x-30-cm,https://artiani.com.mx/producto/jaula-extravaganza-ii-azul-31-x-24-x-30-cm,https://sys.artiani.com.mx/media/apps/ecommerce/productos/471/1699534417.jpg,si,SEVENPET,"Pequenos mamiferos / Habitat y jaulas generales",480,MXN,consultar_disponibilidad
426,34,11337,"Jaula extravaganza II cafe 31 x 24 x 30 cm",jaula-extravaganza-ii-cafe-31-x-24-x-30-cm,https://artiani.com.mx/producto/jaula-extravaganza-ii-cafe-31-x-24-x-30-cm,https://sys.artiani.com.mx/media/apps/ecommerce/productos/472/1699534090.jpg,si,SEVENPET,"Pequenos mamiferos / Habitat y jaulas generales",480,MXN,consultar_disponibilidad
424,32,11336,"Jaula extravaganza II rosa 31 x 24 x 30 cm",jaula-extravaganza-ii-rosa-31-x-24-x-30-cm,https://artiani.com.mx/producto/jaula-extravaganza-ii-rosa-31-x-24-x-30-cm,https://sys.artiani.com.mx/media/apps/ecommerce/productos/897/1699534930.jpg,si,SEVENPET,"Pequenos mamiferos / Habitat y jaulas generales",480,MXN,consultar_disponibilidad
408,14,11338,"Jaula extravaganza III azul 31 x 24 x 43 cm",jaula-extravaganza-iii-azul-31-x-24-x-43-cm,https://artiani.com.mx/producto/jaula-extravaganza-iii-azul-31-x-24-x-43-cm,https://sys.artiani.com.mx/media/apps/ecommerce/productos/473/1699536137.jpg,si,SEVENPET,"Pequenos mamiferos / Habitat y jaulas generales",570,MXN,consultar_disponibilidad
407,13,11340,"Jaula extravaganza III cafe 31 x 24 x 43 cm",jaula-extravaganza-iii-cafe-31-x-24-x-43-cm,https://artiani.com.mx/producto/jaula-extravaganza-iii-cafe-31-x-24-x-43-cm,https://sys.artiani.com.mx/media/apps/ecommerce/productos/474/1699537484.jpg,si,SEVENPET,"Pequenos mamiferos / Habitat y jaulas generales",570,MXN,consultar_disponibilidad
409,15,11339,"Jaula extravaganza III rosa 31 x 24 x 43 cm",jaula-extravaganza-iii-rosa-31-x-24-x-43-cm,https://artiani.com.mx/producto/jaula-extravaganza-iii-rosa-31-x-24-x-43-cm,https://sys.artiani.com.mx/media/apps/ecommerce/productos/475/1699536094.jpg,si,SEVENPET,"Pequenos mamiferos / Habitat y jaulas generales",570,MXN,consultar_disponibilidad
2483,1559,11333,"Jaula extravaganza rosa 27 x 21 x 27 cm",jaula-extravaganza-rosa-27-x-21-x-27-cm,https://artiani.com.mx/producto/jaula-extravaganza-rosa-27-x-21-x-27-cm,https://sys.artiani.com.mx/media/apps/ecommerce/productos/470/1669740509.png,si,SEVENPET,"Pequenos mamiferos / Hamster / Habitat y jaulas",420,MXN,consultar_disponibilidad
2193,1260,JAGA-JACHA046060,"Jaula galvanizada 4 panel de 60 x 60 cm 3 cm separacion con tapa y charola galvanizada",jaula-galvanizada-4-panel-de-60-x-60-cm-3-cm-separacion-con-tapa-y-charola-galvanizada,https://artiani.com.mx/producto/jaula-galvanizada-4-panel-de-60-x-60-cm-3-cm-separacion-con-tapa-y-charola-galvanizada,https://sys.artiani.com.mx/media/apps/ecommerce/productos/1626/1764424548.webp,si,,"Pequenos mamiferos / Habitat y jaulas generales",790,MXN,agotado
783,424,PPJLORO,"Jaula grande para loros",jaula-grande-para-loros,https://artiani.com.mx/producto/jaula-grande-para-loros,https://sys.artiani.com.mx/media/apps/ecommerce/productos/430/1761021978.webp,si,,"Aves / Habitat / Jaulas",1150,MXN,agotado
1769,743,FL9063,"Jaula habitat explorer III para hamster",jaula-habitat-explorer-iii-para-hamster,https://artiani.com.mx/producto/jaula-habitat-explorer-iii-para-hamster,https://sys.artiani.com.mx/media/apps/ecommerce/productos/898/1699560432.jpg,si,REDKITE,"Pequenos mamiferos / Habitat y jaulas generales",980,MXN,agotado
166,12,SP-3625,"Jaula hamster amarillo 1 nivel 28 x 21 x 25 cm",jaula-hamster-amarillo-1-nivel-28-x-21-x-25-cm,https://artiani.com.mx/producto/jaula-hamster-amarillo-1-nivel-28-x-21-x-25-cm,https://sys.artiani.com.mx/media/apps/ecommerce/productos/478/1669522770.png,si,SUNNY,"Pequenos mamiferos / Habitat y jaulas generales",420,MXN,consultar_disponibilidad
183,39,SP-3628,"Jaula hamster amarillo 2 niveles 28 x 20.1 x 42 cm",jaula-hamster-amarillo-2-niveles-28-x-20-1-x-42-cm,https://artiani.com.mx/producto/jaula-hamster-amarillo-2-niveles-28-x-20-1-x-42-cm,https://sys.artiani.com.mx/media/apps/ecommerce/productos/483/1669551806.png,si,SUNNY,"Pequenos mamiferos / Habitat y jaulas generales",550,MXN,consultar_disponibilidad
164,10,SP-3624,"Jaula hamster azul 1 nivel 28 x 21 x 25 cm",jaula-hamster-azul-1-nivel-28-x-21-x-25-cm,https://artiani.com.mx/producto/jaula-hamster-azul-1-nivel-28-x-21-x-25-cm,https://sys.artiani.com.mx/media/apps/ecommerce/productos/476/1669518489.png,si,SUNNY,"Pequenos mamiferos / Habitat y jaulas generales",420,MXN,consultar_disponibilidad
184,40,SP-3627,"Jaula hamster azul 2 niveles 28 x 21 x 42 cm",jaula-hamster-azul-2-niveles-28-x-21-x-42-cm,https://artiani.com.mx/producto/jaula-hamster-azul-2-niveles-28-x-21-x-42-cm,https://sys.artiani.com.mx/media/apps/ecommerce/productos/484/1669551518.png,si,SUNNY,"Pequenos mamiferos / Habitat y jaulas generales",550,MXN,consultar_disponibilidad
422,29,10348,"Jaula hámster azul 27 x 21 x 33cm",jaula-hamster-azul-27-x-21-x-33cm,https://artiani.com.mx/producto/jaula-hamster-azul-27-x-21-x-33cm,https://sys.artiani.com.mx/media/apps/ecommerce/productos/504/1669659745.png,si,SEVENPET,"Pequenos mamiferos / Habitat y jaulas generales",,,agotado
174,23,SP-3638,"Jaula hamster azul-verde 29 x 22.2 x 30 cm",jaula-hamster-azul-verde-29-x-22-2-x-30-cm,https://artiani.com.mx/producto/jaula-hamster-azul-verde-29-x-22-2-x-30-cm,https://sys.artiani.com.mx/media/apps/ecommerce/productos/464/1669516717.png,si,SUNNY,"Pequenos mamiferos / Habitat y jaulas generales",465,MXN,consultar_disponibilidad
173,22,SP-3640,"Jaula hamster cafe 29 x 22 x 30 cm",jaula-hamster-cafe-29-x-22-x-30-cm,https://artiani.com.mx/producto/jaula-hamster-cafe-29-x-22-x-30-cm,https://sys.artiani.com.mx/media/apps/ecommerce/productos/486/1669660996.png,si,SUNNY,"Pequenos mamiferos / Habitat y jaulas generales",465,MXN,consultar_disponibilidad
177,26,SP-3644,"Jaula hamster cafe 35 x26 x 33 cm",jaula-hamster-cafe-35-x26-x-33-cm,https://artiani.com.mx/producto/jaula-hamster-cafe-35-x26-x-33-cm,https://sys.artiani.com.mx/media/apps/ecommerce/productos/500/1708108307.jpg,si,SUNNY,"Pequenos mamiferos / Habitat y jaulas generales",590,MXN,consultar_disponibilidad
1189,1171,SP-3635,"Jaula hamster doble (divi) 35 x 24 x 35 cm",jaula-hamster-doble-divi-35-x-24-x-35-cm,https://artiani.com.mx/producto/jaula-hamster-doble-divi-35-x-24-x-35-cm,https://sys.artiani.com.mx/media/apps/ecommerce/productos/1522/1757975876.webp,si,SUNNY,"Pequenos mamiferos / Habitat y jaulas generales",580,MXN,agotado
2073,1120,50110,"Jaula hamster indi verde",jaula-hamster-indi-verde,https://artiani.com.mx/producto/jaula-hamster-indi-verde,https://sys.artiani.com.mx/media/apps/ecommerce/productos/1454/1745072269.webp,si,Pedros,,,,agotado
69,1593,11302-CE,"Jaula hámster minito cafe",jaula-hamster-minito-cafe,https://artiani.com.mx/producto/jaula-hamster-minito-cafe,https://sys.artiani.com.mx/media/apps/ecommerce/productos/1070/1707143572.jpg,si,SEVENPET,"Pequenos mamiferos / Hamster / Habitat y jaulas",330,MXN,consultar_disponibilidad
68,1592,11302-RA,"Jaula hámster minito rosa",jaula-hamster-minito-rosa,https://artiani.com.mx/producto/jaula-hamster-minito-rosa,https://sys.artiani.com.mx/media/apps/ecommerce/productos/1069/1707141721.jpg,si,SEVENPET,"Pequenos mamiferos / Hamster / Habitat y jaulas",330,MXN,consultar_disponibilidad
165,11,SP-3623,"Jaula hamster rosa 1 nivel 28 x 21 x 25 cm",jaula-hamster-rosa-1-nivel-28-x-21-x-25-cm,https://artiani.com.mx/producto/jaula-hamster-rosa-1-nivel-28-x-21-x-25-cm,https://sys.artiani.com.mx/media/apps/ecommerce/productos/477/1669522191.png,si,SUNNY,"Pequenos mamiferos / Habitat y jaulas generales",420,MXN,consultar_disponibilidad
182,38,SP-3626,"Jaula hamster rosa 2 niveles 28 x 21 x 42 cm",jaula-hamster-rosa-2-niveles-28-x-21-x-42-cm,https://artiani.com.mx/producto/jaula-hamster-rosa-2-niveles-28-x-21-x-42-cm,https://sys.artiani.com.mx/media/apps/ecommerce/productos/485/1669551249.png,si,SUNNY,"Pequenos mamiferos / Habitat y jaulas generales",550,MXN,consultar_disponibilidad
423,31,10349,"Jaula hámster rosa 27 x 21 x 33cm",jaula-hamster-rosa-27-x-21-x-33cm,https://artiani.com.mx/producto/jaula-hamster-rosa-27-x-21-x-33cm,https://sys.artiani.com.mx/media/apps/ecommerce/productos/507/1669658174.png,si,SEVENPET,"Pequenos mamiferos / Habitat y jaulas generales",,,agotado
175,24,SP-3639,"Jaula hamster rosa 29 x 22.2 x 30 cm",jaula-hamster-rosa-29-x-22-2-x-30-cm,https://artiani.com.mx/producto/jaula-hamster-rosa-29-x-22-2-x-30-cm,https://sys.artiani.com.mx/media/apps/ecommerce/productos/491/1669523750.png,si,SUNNY,"Pequenos mamiferos / Habitat y jaulas generales",465,MXN,consultar_disponibilidad
178,27,SP-3645,"Jaula hamster rosa 36 x 26 x 33 cm",jaula-hamster-rosa-36-x-26-x-33-cm,https://artiani.com.mx/producto/jaula-hamster-rosa-36-x-26-x-33-cm,https://sys.artiani.com.mx/media/apps/ecommerce/productos/501/1708108484.jpg,si,SUNNY,"Pequenos mamiferos / Habitat y jaulas generales",590,MXN,consultar_disponibilidad
2072,1119,0080,"Jaula hamster solaz azul",jaula-hamster-solaz-azul,https://artiani.com.mx/producto/jaula-hamster-solaz-azul,https://sys.artiani.com.mx/media/apps/ecommerce/productos/1453/1745071406.webp,si,Pedros,,,,agotado
1554,458,10279,"Jaula hamster tubos I 46 x 29 x 23 cm",jaula-hamster-tubos-i-46-x-29-x-23-cm,https://artiani.com.mx/producto/jaula-hamster-tubos-i-46-x-29-x-23-cm,https://sys.artiani.com.mx/media/apps/ecommerce/productos/511/1669744551.png,si,SEVENPET,"Pequenos mamiferos / Habitat y jaulas generales",950,MXN,agotado
1552,455,10280,"Jaula hamster tubos II 46 x 29 x 34 cm",jaula-hamster-tubos-ii-46-x-29-x-34-cm,https://artiani.com.mx/producto/jaula-hamster-tubos-ii-46-x-29-x-34-cm,https://sys.artiani.com.mx/media/apps/ecommerce/productos/492/1669683178.png,si,SEVENPET,"Pequenos mamiferos / Habitat y jaulas generales",1200,MXN,agotado
1549,450,10281,"Jaula hamster tubos III 57 x 31 x 29 cm",jaula-hamster-tubos-iii-57-x-31-x-29-cm,https://artiani.com.mx/producto/jaula-hamster-tubos-iii-57-x-31-x-29-cm,https://sys.artiani.com.mx/media/apps/ecommerce/productos/468/1669741138.png,si,SEVENPET,"Pequenos mamiferos / Habitat y jaulas generales",1350,MXN,agotado
185,41,SP-3637,"Jaula hamster verde 24 x 18 x 30 cm",jaula-hamster-verde-24-x-18-x-30-cm,https://artiani.com.mx/producto/jaula-hamster-verde-24-x-18-x-30-cm,https://sys.artiani.com.mx/media/apps/ecommerce/productos/494/1669555021.png,si,SUNNY,"Pequenos mamiferos / Habitat y jaulas generales",390,MXN,consultar_disponibilidad
1190,1272,10274,"Jaula huronera con tubos I 79 x 44 x 51 cm",jaula-huronera-con-tubos-i-79-x-44-x-51-cm,https://artiani.com.mx/producto/jaula-huronera-con-tubos-i-79-x-44-x-51-cm,https://sys.artiani.com.mx/media/apps/ecommerce/productos/1638/1764949965.webp,si,SEVENPET,"Pequenos mamiferos / Habitat y jaulas generales",2850,MXN,agotado
2204,1273,10275,"Jaula huronera con tubos II 100 x 54 x 65 cm",jaula-huronera-con-tubos-ii-100-x-54-x-65-cm,https://artiani.com.mx/producto/jaula-huronera-con-tubos-ii-100-x-54-x-65-cm,https://sys.artiani.com.mx/media/apps/ecommerce/productos/1639/1764950012.webp,si,SEVENPET,"Pequenos mamiferos / Habitat y jaulas generales",3250,MXN,agotado
1535,433,10273,"Jaula huronera grande 80 x 52.7 x 146 cm",jaula-huronera-grande-80-x-52-7-x-146-cm,https://artiani.com.mx/producto/jaula-huronera-grande-80-x-52-7-x-146-cm,https://sys.artiani.com.mx/media/apps/ecommerce/productos/444/1676214543.jpg,si,SEVENPET,"Pequenos mamiferos / Habitat y jaulas generales",6500,MXN,agotado
1533,431,10272,"Jaula huronera mediana 80 x 52.7 x 104 cm",jaula-huronera-mediana-80-x-52-7-x-104-cm,https://artiani.com.mx/producto/jaula-huronera-mediana-80-x-52-7-x-104-cm,https://sys.artiani.com.mx/media/apps/ecommerce/productos/441/1669416849.png,si,SEVENPET,"Pequenos mamiferos / Habitat y jaulas generales",4500,MXN,agotado
1188,697,10284,"Jaula mamiferos (amper) 120 x 60 x 50cm",jaula-mamiferos-amper-120-x-60-x-50cm,https://artiani.com.mx/producto/jaula-mamiferos-amper-120-x-60-x-50cm,https://sys.artiani.com.mx/media/apps/ecommerce/productos/828/1670444835.jpg,si,SEVENPET,"Pequenos mamiferos / Habitat y jaulas generales",1890,MXN,agotado
1187,429,10277,"Jaula mamiferos II 80 x 44 x 43 cm",jaula-mamiferos-ii-80-x-44-x-43-cm,https://artiani.com.mx/producto/jaula-mamiferos-ii-80-x-44-x-43-cm,https://sys.artiani.com.mx/media/apps/ecommerce/productos/439/1723187459.jpg,si,SEVENPET,"Pequenos mamiferos / Habitat y jaulas generales",1550,MXN,agotado
1740,698,10278,"Jaula mamiferos III100 x 55 x 41cm",jaula-mamiferos-iii100-x-55-x-41cm,https://artiani.com.mx/producto/jaula-mamiferos-iii100-x-55-x-41cm,https://sys.artiani.com.mx/media/apps/ecommerce/productos/829/1670445053.jpg,si,SEVENPET,"Pequenos mamiferos / Habitat y jaulas generales",1850,MXN,agotado
1564,471,1322,"Jaula metalica 25"" 63 x 44 x 50 cm 2 puertas más division",jaula-metalica-25-63-x-44-x-50-cm-2-puertas-mas-division,https://artiani.com.mx/producto/jaula-metalica-25-63-x-44-x-50-cm-2-puertas-mas-division,https://sys.artiani.com.mx/media/apps/ecommerce/productos/527/1669671588.png,si,"GO DOG","Perros / Habitat y descanso / Jaulas",990,MXN,agotado
1566,473,1326,"Jaula metalica 36"" 92 x 57 x 64cm 2 puertas más division",jaula-metalica-36-92-x-57-x-64cm-2-puertas-mas-division,https://artiani.com.mx/producto/jaula-metalica-36-92-x-57-x-64cm-2-puertas-mas-division,https://sys.artiani.com.mx/media/apps/ecommerce/productos/529/1669671790.png,si,"GO DOG","Perros / Habitat y descanso / Jaulas",1990,MXN,agotado
1741,699,1330,"Jaula metalica plegable con division 2 puertas 121 x 75 x 86 cm",jaula-metalica-plegable-con-division-2-puertas-121-x-75-x-86-cm,https://artiani.com.mx/producto/jaula-metalica-plegable-con-division-2-puertas-121-x-75-x-86-cm,https://sys.artiani.com.mx/media/apps/ecommerce/productos/832/1673266872.jpg,si,"GO DOG","Perros / Habitat y descanso / Jaulas",2990,MXN,agotado
2530,1607,T189-AL,"Jaula mini casa azul para pajaro",jaula-mini-casa-azul-para-pajaro,https://artiani.com.mx/producto/jaula-mini-casa-azul-para-pajaro,https://sys.artiani.com.mx/media/apps/ecommerce/productos/1083/1707338133.jpg,si,CAGELAND,"Aves / Habitat / Jaulas",,,agotado
2531,1608,T189-AO,"Jaula mini casa naranja para pajaro",jaula-mini-casa-naranja-para-pajaro,https://artiani.com.mx/producto/jaula-mini-casa-naranja-para-pajaro,https://sys.artiani.com.mx/media/apps/ecommerce/productos/1084/1707338689.jpg,si,CAGELAND,"Aves / Habitat / Jaulas",,,agotado
2529,1606,T189-VE,"Jaula mini casa verde para pajaro",jaula-mini-casa-verde-para-pajaro,https://artiani.com.mx/producto/jaula-mini-casa-verde-para-pajaro,https://sys.artiani.com.mx/media/apps/ecommerce/productos/1082/1707337810.jpg,si,CAGELAND,"Aves / Habitat / Jaulas",,,agotado
6,1138,SP-2823,"Jaula para aves (maxi) tipo cilindro monte verde 33 x 56 cm",jaula-para-aves-maxi-tipo-cilindro-monte-verde-33-x-56-cm,https://artiani.com.mx/producto/jaula-para-aves-maxi-tipo-cilindro-monte-verde-33-x-56-cm,https://sys.artiani.com.mx/media/apps/ecommerce/productos/1487/1758503316.jpg,si,SUNNY,"Aves / Habitat / Jaulas",550,MXN,pocas_piezas
2060,1107,SP-2821,"Jaula para aves (mayor) monte verde 140 cm",jaula-para-aves-mayor-monte-verde-140-cm,https://artiani.com.mx/producto/jaula-para-aves-mayor-monte-verde-140-cm,https://sys.artiani.com.mx/media/apps/ecommerce/productos/1438/1758141635.webp,si,SUNNY,"Aves / Habitat / Jaulas",2550,MXN,agotado
2059,1106,SP-2820,"Jaula para aves (mayor) monte verde 46 x 36 x 92 cm",jaula-para-aves-mayor-monte-verde-46-x-36-x-92-cm,https://artiani.com.mx/producto/jaula-para-aves-mayor-monte-verde-46-x-36-x-92-cm,https://sys.artiani.com.mx/media/apps/ecommerce/productos/1437/1759363948.webp,si,SUNNY,"Aves / Habitat / Jaulas",1600,MXN,agotado
2085,1132,SP-2819,"Jaula para aves (monarca) monte verde sunny 46 x 36 x 66 cm",jaula-para-aves-monarca-monte-verde-sunny-46-x-36-x-66-cm,https://artiani.com.mx/producto/jaula-para-aves-monarca-monte-verde-sunny-46-x-36-x-66-cm,https://sys.artiani.com.mx/media/apps/ecommerce/productos/1481/1764941152.webp,si,SUNNY,"Aves / Habitat / Jaulas",1350,MXN,agotado
2057,1104,SP-2825,"Jaula para aves (orbe) tipo cilindro monte verde 42 x 70 cm",jaula-para-aves-orbe-tipo-cilindro-monte-verde-42-x-70-cm,https://artiani.com.mx/producto/jaula-para-aves-orbe-tipo-cilindro-monte-verde-42-x-70-cm,https://sys.artiani.com.mx/media/apps/ecommerce/productos/1435/1761020591.webp,si,SUNNY,"Aves / Habitat / Jaulas",890,MXN,agotado
784,425,PPJAVEXG,"Jaula para aves extragrande",jaula-para-aves-extragrande,https://artiani.com.mx/producto/jaula-para-aves-extragrande,https://sys.artiani.com.mx/media/apps/ecommerce/productos/431/1765037310.webp,si,,"Aves / Habitat / Jaulas",1150,MXN,agotado
2058,1105,SP-2824,"Jaula para aves tipo cilindro monte verde 33 x 70 cm",jaula-para-aves-tipo-cilindro-monte-verde-33-x-70-cm,https://artiani.com.mx/producto/jaula-para-aves-tipo-cilindro-monte-verde-33-x-70-cm,https://sys.artiani.com.mx/media/apps/ecommerce/productos/1436/1761020459.webp,si,SUNNY,"Aves / Habitat / Jaulas",650,MXN,agotado
1534,432,PPJCONEXG,"Jaula para conejos extra grande",jaula-para-conejos-extra-grande,https://artiani.com.mx/producto/jaula-para-conejos-extra-grande,https://sys.artiani.com.mx/media/apps/ecommerce/productos/443/1669750878.png,si,,"Pequenos mamiferos / Habitat y jaulas generales",750,MXN,agotado
180,36,10186,"Jaula para hámster azul 27 x 20.5 x 47 cm",jaula-para-hamster-azul-27-x-20-5-x-47-cm,https://artiani.com.mx/producto/jaula-para-hamster-azul-27-x-20-5-x-47-cm,https://sys.artiani.com.mx/media/apps/ecommerce/productos/495/1669682171.png,si,SEVENPET,"Pequenos mamiferos / Habitat y jaulas generales",590,MXN,consultar_disponibilidad
179,35,10187,"Jaula para hámster cafe 27 x 20.5 x 47 cm",jaula-para-hamster-cafe-27-x-20-5-x-47-cm,https://artiani.com.mx/producto/jaula-para-hamster-cafe-27-x-20-5-x-47-cm,https://sys.artiani.com.mx/media/apps/ecommerce/productos/496/1669681688.png,si,SEVENPET,"Pequenos mamiferos / Habitat y jaulas generales",590,MXN,consultar_disponibilidad
303,9,10197,"Jaula para hamster cage 3 pisos amarillo 35 x 27 x 50 cm",jaula-para-hamster-cage-3-pisos-amarillo-35-x-27-x-50-cm,https://artiani.com.mx/producto/jaula-para-hamster-cage-3-pisos-amarillo-35-x-27-x-50-cm,https://sys.artiani.com.mx/media/apps/ecommerce/productos/410/1697750994.jpg,si,SEVENPET,"Pequenos mamiferos / Habitat y jaulas generales",980,MXN,consultar_disponibilidad
302,8,10196,"Jaula para hamster cage 3 pisos azul 35 x 27 x 50 cm",jaula-para-hamster-cage-3-pisos-azul-35-x-27-x-50-cm,https://artiani.com.mx/producto/jaula-para-hamster-cage-3-pisos-azul-35-x-27-x-50-cm,https://sys.artiani.com.mx/media/apps/ecommerce/productos/409/1697750731.jpg,si,SEVENPET,"Pequenos mamiferos / Habitat y jaulas generales",980,MXN,consultar_disponibilidad
301,7,10198,"Jaula para hamster cage 3 pisos rosa 35 x 27 x 50 cm",jaula-para-hamster-cage-3-pisos-rosa-35-x-27-x-50-cm,https://artiani.com.mx/producto/jaula-para-hamster-cage-3-pisos-rosa-35-x-27-x-50-cm,https://sys.artiani.com.mx/media/apps/ecommerce/productos/499/1697750346.jpg,si,SEVENPET,"Pequenos mamiferos / Habitat y jaulas generales",980,MXN,consultar_disponibilidad
181,37,10188,"Jaula para hámster sevenpet rosa 27 x 20.5 x 47 cm",jaula-para-hamster-sevenpet-rosa-27-x-20-5-x-47-cm,https://artiani.com.mx/producto/jaula-para-hamster-sevenpet-rosa-27-x-20-5-x-47-cm,https://sys.artiani.com.mx/media/apps/ecommerce/productos/497/1669681994.png,si,SEVENPET,"Pequenos mamiferos / Habitat y jaulas generales",590,MXN,consultar_disponibilidad
2469,1545,SP-3722-BO,"Jaula para mamífero decan",jaula-para-mamifero-decan,https://artiani.com.mx/producto/jaula-para-mamifero-decan,https://sys.artiani.com.mx/media/apps/ecommerce/productos/445/1669415993.png,si,SUNNY,"Pequenos mamiferos / Habitat y jaulas generales",750,MXN,agotado
2472,1548,SP-3722-AL,"Jaula para mamífero decan azul",jaula-para-mamifero-decan-azul,https://artiani.com.mx/producto/jaula-para-mamifero-decan-azul,https://sys.artiani.com.mx/media/apps/ecommerce/productos/1023/1701816536.jpg,si,SUNNY,"Pequenos mamiferos / Habitat y jaulas generales",750,MXN,agotado
2473,1549,SP-3722-MO,"Jaula para mamífero decan morada",jaula-para-mamifero-decan-morada,https://artiani.com.mx/producto/jaula-para-mamifero-decan-morada,https://sys.artiani.com.mx/media/apps/ecommerce/productos/1032/1701899074.jpg,si,SUNNY,"Pequenos mamiferos / Habitat y jaulas generales",750,MXN,agotado
2470,1546,SP-3722-VE,"Jaula para mamífero decan verde",jaula-para-mamifero-decan-verde,https://artiani.com.mx/producto/jaula-para-mamifero-decan-verde,https://sys.artiani.com.mx/media/apps/ecommerce/productos/1021/1701816126.jpg,si,SUNNY,"Pequenos mamiferos / Habitat y jaulas generales",750,MXN,agotado
2475,1551,SP-3674-AL,"Jaula para mamífero despar azul",jaula-para-mamifero-despar-azul,https://artiani.com.mx/producto/jaula-para-mamifero-despar-azul,https://sys.artiani.com.mx/media/apps/ecommerce/productos/1028/1701898434.jpg,si,SUNNY,"Pequenos mamiferos / Habitat y jaulas generales",399,MXN,agotado
2477,1553,SP-3674-BO,"Jaula para mamífero despar blanca",jaula-para-mamifero-despar-blanca,https://artiani.com.mx/producto/jaula-para-mamifero-despar-blanca,https://sys.artiani.com.mx/media/apps/ecommerce/productos/1030/1701898664.jpg,si,SUNNY,"Pequenos mamiferos / Habitat y jaulas generales",399,MXN,agotado
2476,1552,SP-3674-MO,"Jaula para mamífero despar morada",jaula-para-mamifero-despar-morada,https://artiani.com.mx/producto/jaula-para-mamifero-despar-morada,https://sys.artiani.com.mx/media/apps/ecommerce/productos/1029/1701898592.jpg,si,SUNNY,"Pequenos mamiferos / Habitat y jaulas generales",399,MXN,agotado
2478,1554,SP-3674-VE,"Jaula para mamífero despar verde",jaula-para-mamifero-despar-verde,https://artiani.com.mx/producto/jaula-para-mamifero-despar-verde,https://sys.artiani.com.mx/media/apps/ecommerce/productos/1031/1701898758.jpg,si,SUNNY,"Pequenos mamiferos / Habitat y jaulas generales",399,MXN,agotado
1834,821,DYR3H,"Jaula para mamíferos amsterdam III para huron",jaula-para-mamiferos-amsterdam-iii-para-huron,https://artiani.com.mx/producto/jaula-para-mamiferos-amsterdam-iii-para-huron,https://sys.artiani.com.mx/media/apps/ecommerce/productos/1091/1711258777.jpg,si,REDKITE,"Pequenos mamiferos / Habitat y jaulas generales",2100,MXN,agotado
2481,1557,11310-AL,"Jaula para mamíferos extrema azul",jaula-para-mamiferos-extrema-azul,https://artiani.com.mx/producto/jaula-para-mamiferos-extrema-azul,https://sys.artiani.com.mx/media/apps/ecommerce/productos/1025/1701817558.jpg,si,SEVENPET,"Pequenos mamiferos / Habitat y jaulas generales",699,MXN,agotado
2480,1556,11310-BO,"Jaula para mamíferos extrema blanca",jaula-para-mamiferos-extrema-blanca,https://artiani.com.mx/producto/jaula-para-mamiferos-extrema-blanca,https://sys.artiani.com.mx/media/apps/ecommerce/productos/1024/1706999466.jpg,si,SEVENPET,"Pequenos mamiferos / Habitat y jaulas generales",699,MXN,agotado
782,423,PJ-01,"Jaula para pájaro casa grande",jaula-para-pajaro-casa-grande,https://artiani.com.mx/producto/jaula-para-pajaro-casa-grande,https://sys.artiani.com.mx/media/apps/ecommerce/productos/429/1669731101.jpg,si,,"Aves / Habitat / Jaulas",990,MXN,agotado
2535,1612,B19-RO,"Jaula para pajaro cuadrada chica",jaula-para-pajaro-cuadrada-chica,https://artiani.com.mx/producto/jaula-para-pajaro-cuadrada-chica,https://sys.artiani.com.mx/media/apps/ecommerce/productos/433/1669754299.png,si,CAGELAND,"Aves / Habitat / Jaulas",,,agotado
2355,1427,11309-AL,"Jaula para roedor esplim azul",jaula-para-roedor-esplim-azul,https://artiani.com.mx/producto/jaula-para-roedor-esplim-azul,https://sys.artiani.com.mx/media/apps/ecommerce/productos/1026/1701896074.webp,si,SEVENPET,"Pequenos mamiferos / Conejo / Habitat y jaulas",450,MXN,agotado
2356,1428,11309-RA,"Jaula para roedor esplim rosa",jaula-para-roedor-esplim-rosa,https://artiani.com.mx/producto/jaula-para-roedor-esplim-rosa,https://sys.artiani.com.mx/media/apps/ecommerce/productos/1027/1701896312.jpg,si,SEVENPET,"Pequenos mamiferos / Conejo / Habitat y jaulas",450,MXN,agotado
2474,1550,SP-3674,"Jaula plastica para conejo rosa 45.0 x 30.0 x 25.0 cm",jaula-plastica-para-conejo-rosa-45-0-x-30-0-x-25-0-cm,https://artiani.com.mx/producto/jaula-plastica-para-conejo-rosa-45-0-x-30-0-x-25-0-cm,https://sys.artiani.com.mx/media/apps/ecommerce/productos/442/1669415227.png,si,SUNNY,"Pequenos mamiferos / Habitat y jaulas generales",399,MXN,agotado
2471,1547,SP-3722,"Jaula plastica para conejo rosa 62.0 x 34.5 x 40.0 cm",jaula-plastica-para-conejo-rosa-62-0-x-34-5-x-40-0-cm,https://artiani.com.mx/producto/jaula-plastica-para-conejo-rosa-62-0-x-34-5-x-40-0-cm,https://sys.artiani.com.mx/media/apps/ecommerce/productos/1022/1701816313.jpg,si,SUNNY,"Pequenos mamiferos / Habitat y jaulas generales",750,MXN,agotado
169,18,SP-3631,"Jaula plastica para hamster amarillo 1 piso 36.0 x 27.0 x 25.0 cm",jaula-plastica-para-hamster-amarillo-1-piso-36-0-x-27-0-x-25-0-cm,https://artiani.com.mx/producto/jaula-plastica-para-hamster-amarillo-1-piso-36-0-x-27-0-x-25-0-cm,https://sys.artiani.com.mx/media/apps/ecommerce/productos/481/1669550292.png,si,SUNNY,"Pequenos mamiferos / Habitat y jaulas generales",650,MXN,consultar_disponibilidad
170,19,SP-3634,"Jaula plastica para hamster amarillo 2 pisos 36.0 x 27.0 x 42.5 cm",jaula-plastica-para-hamster-amarillo-2-pisos-36-0-x-27-0-x-42-5-cm,https://artiani.com.mx/producto/jaula-plastica-para-hamster-amarillo-2-pisos-36-0-x-27-0-x-42-5-cm,https://sys.artiani.com.mx/media/apps/ecommerce/productos/466/1669517857.jpeg,si,SUNNY,"Pequenos mamiferos / Habitat y jaulas generales",920,MXN,consultar_disponibilidad
168,17,SP-3630,"Jaula plastica para hamster azul 1 piso 36.0 x 27.0 x 25.0 cm",jaula-plastica-para-hamster-azul-1-piso-36-0-x-27-0-x-25-0-cm,https://artiani.com.mx/producto/jaula-plastica-para-hamster-azul-1-piso-36-0-x-27-0-x-25-0-cm,https://sys.artiani.com.mx/media/apps/ecommerce/productos/479/1669523105.png,si,SUNNY,"Pequenos mamiferos / Habitat y jaulas generales",650,MXN,consultar_disponibilidad
171,20,SP-3633,"Jaula plastica para hamster azul 2 pisos 36.0 x 27.0 x 42.5 cm",jaula-plastica-para-hamster-azul-2-pisos-36-0-x-27-0-x-42-5-cm,https://artiani.com.mx/producto/jaula-plastica-para-hamster-azul-2-pisos-36-0-x-27-0-x-42-5-cm,https://sys.artiani.com.mx/media/apps/ecommerce/productos/482/1669552592.png,si,SUNNY,"Pequenos mamiferos / Habitat y jaulas generales",920,MXN,consultar_disponibilidad
176,25,SP-3641,"Jaula plastica para hamster azul 28.9 x 22.2 x 30.1 cm",jaula-plastica-para-hamster-azul-28-9-x-22-2-x-30-1-cm,https://artiani.com.mx/producto/jaula-plastica-para-hamster-azul-28-9-x-22-2-x-30-1-cm,https://sys.artiani.com.mx/media/apps/ecommerce/productos/1067/1707003787.jpg,si,SUNNY,"Pequenos mamiferos / Habitat y jaulas generales",465,MXN,consultar_disponibilidad
186,42,SP-3636,"Jaula plastica para hamster hamster land naranja 24.1 x 18.3 x 30.1 cm",jaula-plastica-para-hamster-hamster-land-naranja-24-1-x-18-3-x-30-1-cm,https://artiani.com.mx/producto/jaula-plastica-para-hamster-hamster-land-naranja-24-1-x-18-3-x-30-1-cm,https://sys.artiani.com.mx/media/apps/ecommerce/productos/493/1669554891.png,si,SUNNY,"Pequenos mamiferos / Habitat y jaulas generales",390,MXN,consultar_disponibilidad
167,16,SP-3629,"Jaula plastica para hamster rosa 1 piso 36.0 x 27.0 x 25.0 cm",jaula-plastica-para-hamster-rosa-1-piso-36-0-x-27-0-x-25-0-cm,https://artiani.com.mx/producto/jaula-plastica-para-hamster-rosa-1-piso-36-0-x-27-0-x-25-0-cm,https://sys.artiani.com.mx/media/apps/ecommerce/productos/480/1669523285.png,si,SUNNY,"Pequenos mamiferos / Habitat y jaulas generales",650,MXN,consultar_disponibilidad
172,21,SP-3632,"Jaula plastica para hamster rosa 2 pisos 36.0 x 27.0 x 42.5 cm",jaula-plastica-para-hamster-rosa-2-pisos-36-0-x-27-0-x-42-5-cm,https://artiani.com.mx/producto/jaula-plastica-para-hamster-rosa-2-pisos-36-0-x-27-0-x-42-5-cm,https://sys.artiani.com.mx/media/apps/ecommerce/productos/1068/1707006748.jpg,si,SUNNY,"Pequenos mamiferos / Habitat y jaulas generales",920,MXN,consultar_disponibilidad
1833,820,DY415B,"Jaula san diego para roedor (tubu)",jaula-san-diego-para-roedor-tubu,https://artiani.com.mx/producto/jaula-san-diego-para-roedor-tubu,https://sys.artiani.com.mx/media/apps/ecommerce/productos/1090/1732393081.jpeg,si,REDKITE,"Pequenos mamiferos / Habitat y jaulas generales",,,agotado
2360,1432,JAGA-PA90403D,"Jaula sefra 2 divisiones con 3 separacioens 90 x 40 x 40 cm",jaula-sefra-2-divisiones-con-3-separacioens-90-x-40-x-40-cm,https://artiani.com.mx/producto/jaula-sefra-2-divisiones-con-3-separacioens-90-x-40-x-40-cm,https://sys.artiani.com.mx/media/apps/ecommerce/productos/1811/1772548682.webp,si,,"Aves / Habitat / Jaulas",1200,MXN,agotado
707,114,11347,"Jaula town house I amarillo 23 x 17 x 33 cm",jaula-town-house-i-amarillo-23-x-17-x-33-cm,https://artiani.com.mx/producto/jaula-town-house-i-amarillo-23-x-17-x-33-cm,https://sys.artiani.com.mx/media/apps/ecommerce/productos/830/1673267735.jpg,si,SEVENPET,"Pequenos mamiferos / Habitat y jaulas generales",330,MXN,consultar_disponibilidad
706,113,11346,"Jaula town house I verde 23 x 17 x 33 cm",jaula-town-house-i-verde-23-x-17-x-33-cm,https://artiani.com.mx/producto/jaula-town-house-i-verde-23-x-17-x-33-cm,https://sys.artiani.com.mx/media/apps/ecommerce/productos/831/1673268198.jpg,si,SEVENPET,"Pequenos mamiferos / Habitat y jaulas generales",330,MXN,consultar_disponibilidad
2486,1562,11353,"Jaula town house III azul 27 x 21 x 45 cm",jaula-town-house-iii-azul-27-x-21-x-45-cm,https://artiani.com.mx/producto/jaula-town-house-iii-azul-27-x-21-x-45-cm,https://sys.artiani.com.mx/media/apps/ecommerce/productos/508/1699532427.jpg,si,SEVENPET,"Pequenos mamiferos / Hamster / Habitat y jaulas",,,agotado
2485,1561,11355,"Jaula town house III cafe 27 x 21 x 45 cm",jaula-town-house-iii-cafe-27-x-21-x-45-cm,https://artiani.com.mx/producto/jaula-town-house-iii-cafe-27-x-21-x-45-cm,https://sys.artiani.com.mx/media/apps/ecommerce/productos/465/1699531990.jpg,si,SEVENPET,"Pequenos mamiferos / Hamster / Habitat y jaulas",499,MXN,consultar_disponibilidad
2487,1563,11354,"Jaula town house III rosa 27 x 21 x 45 cm",jaula-town-house-iii-rosa-27-x-21-x-45-cm,https://artiani.com.mx/producto/jaula-town-house-iii-rosa-27-x-21-x-45-cm,https://sys.artiani.com.mx/media/apps/ecommerce/productos/509/1699532254.jpg,si,SEVENPET,"Pequenos mamiferos / Hamster / Habitat y jaulas",,,agotado
2366,1438,ALA-0004,"Jeringa Con Extensión De Latex para Empapillar - 5 ml",jeringa-con-extension-de-latex-para-empapillar-5ml,https://artiani.com.mx/producto/jeringa-con-extension-de-latex-para-empapillar-5ml,https://sys.artiani.com.mx/media/apps/ecommerce/productos/1819/1772890576.webp,si,ALAMAZONAS,"Aves / Alimentacion / Alimentos",75,MXN,agotado
2367,1439,ALA-0005,"Jeringa rígida para embuchar 12 ml canarios (papilleros) - 1 pz",jeringa-rigida-para-embuchar-12ml-canarios-papilleros-1,https://artiani.com.mx/producto/jeringa-rigida-para-embuchar-12ml-canarios-papilleros-1,https://sys.artiani.com.mx/media/apps/ecommerce/productos/1820/1772891032.webp,si,ALAMAZONAS,"Aves / Alimentacion / Alimentos",45,MXN,agotado
2608,1719,FL7282,"Juguete agarradera y aro con pelota pal thread",juguete-agarradera-y-aro-con-pelota-pal-thread,https://artiani.com.mx/producto/juguete-agarradera-y-aro-con-pelota-pal-thread,https://sys.artiani.com.mx/media/apps/ecommerce/productos/1215/1714427359.jpg,si,"FANCY PETS","Perros / Juego y enriquecimiento / Juguetes",,,agotado
1926,930,FL8776,"Juguete aro chico chew",juguete-aro-chico-chew,https://artiani.com.mx/producto/juguete-aro-chico-chew,https://sys.artiani.com.mx/media/apps/ecommerce/productos/1214/1714426488.jpg,si,"FANCY PETS","Perros / Juego y enriquecimiento / Juguetes",,,agotado
2609,1720,FL7286,"Juguete aro con pelota y nudo pal thread",juguete-aro-con-pelota-y-nudo-pal-thread,https://artiani.com.mx/producto/juguete-aro-con-pelota-y-nudo-pal-thread,https://sys.artiani.com.mx/media/apps/ecommerce/productos/1217/1714429856.jpg,si,"FANCY PETS","Perros / Juego y enriquecimiento / Juguetes",,,agotado
1817,800,FL8506,"Juguete aro tricolor de caucho",juguete-aro-tricolor-de-caucho,https://artiani.com.mx/producto/juguete-aro-tricolor-de-caucho,https://sys.artiani.com.mx/media/apps/ecommerce/productos/1043/1705100904.jpg,si,"FANCY PETS","Perros / Juego y enriquecimiento / Juguetes",,,agotado
1604,523,FL7273,"Juguete bola chico de hilo multicolor pal thread",juguete-bola-chico-de-hilo-multicolor-pal-thread,https://artiani.com.mx/producto/juguete-bola-chico-de-hilo-multicolor-pal-thread,https://sys.artiani.com.mx/media/apps/ecommerce/productos/587/1697935112.jpg,si,"FANCY PETS","Gatos / Juego y enriquecimiento / Juguetes",65,MXN,agotado
1573,480,FL8515,"Juguete boomerang de caucho",juguete-boomerang-de-caucho,https://artiani.com.mx/producto/juguete-boomerang-de-caucho,https://sys.artiani.com.mx/media/apps/ecommerce/productos/536/1675084178.jpg,si,"FANCY PETS","Perros / Juego y enriquecimiento / Juguetes",40,MXN,agotado
336,279,FL9180,"Juguete chico con calcio para ave",juguete-chico-con-calcio-para-ave,https://artiani.com.mx/producto/juguete-chico-con-calcio-para-ave,https://sys.artiani.com.mx/media/apps/ecommerce/productos/188/1696280405.jpg,si,REDKITE,"Aves / Juego y enriquecimiento / Juguetes",165,MXN,agotado
1574,481,FL8507,"Juguete chupon de caucho",juguete-chupon-de-caucho,https://artiani.com.mx/producto/juguete-chupon-de-caucho,https://sys.artiani.com.mx/media/apps/ecommerce/productos/537/1675084812.jpg,si,"FANCY PETS","Perros / Juego y enriquecimiento / Juguetes",25,MXN,agotado
337,282,FL9181,"Juguete colgante mediano con calcio para ave",juguete-colgante-mediano-con-calcio-para-ave,https://artiani.com.mx/producto/juguete-colgante-mediano-con-calcio-para-ave,https://sys.artiani.com.mx/media/apps/ecommerce/productos/193/1696281994.jpg,si,REDKITE,"Aves / Juego y enriquecimiento / Juguetes",185,MXN,agotado
309,193,FL9182,"Juguete colgante triple con calcio",juguete-colgante-triple-con-calcio,https://artiani.com.mx/producto/juguete-colgante-triple-con-calcio,https://sys.artiani.com.mx/media/apps/ecommerce/productos/67/1696281244.jpg,si,REDKITE,"Aves / Juego y enriquecimiento / Juguetes",199,MXN,agotado
2383,1455,FL9704,"Juguete collar puntero laser para gato",juguete-collar-puntero-laser-para-gato,https://artiani.com.mx/producto/juguete-collar-puntero-laser-para-gato,https://sys.artiani.com.mx/media/apps/ecommerce/productos/1836/1773495957.webp,si,"FANCY PETS","Gatos / Juego y enriquecimiento / Juguetes",,,agotado
1572,479,WO-128,"Juguete con sonido circulo feliz para gato",juguete-con-sonido-circulo-feliz-para-gato,https://artiani.com.mx/producto/juguete-con-sonido-circulo-feliz-para-gato,https://sys.artiani.com.mx/media/apps/ecommerce/productos/535/1675081571.jpg,si,,"Gatos / Juego y enriquecimiento / Juguetes",,,agotado
1580,487,FL8275,"Juguete de tela doggie scrunch fuego",juguete-de-tela-doggie-scrunch-fuego,https://artiani.com.mx/producto/juguete-de-tela-doggie-scrunch-fuego,https://sys.artiani.com.mx/media/apps/ecommerce/productos/543/1687266437.jpg,si,"FANCY PETS","Perros / Juego y enriquecimiento / Juguetes",,,agotado
1594,501,FL8276,"Juguete de tela doggie scrunch pollo",juguete-de-tela-doggie-scrunch-pollo,https://artiani.com.mx/producto/juguete-de-tela-doggie-scrunch-pollo,https://sys.artiani.com.mx/media/apps/ecommerce/productos/562/1687266901.jpg,si,"FANCY PETS","Perros / Juego y enriquecimiento / Juguetes",,,agotado
1575,482,FL8277,"Juguete de tela doggie scrunch queso",juguete-de-tela-doggie-scrunch-queso,https://artiani.com.mx/producto/juguete-de-tela-doggie-scrunch-queso,https://sys.artiani.com.mx/media/apps/ecommerce/productos/538/1686488963.jpg,si,"FANCY PETS","Perros / Juego y enriquecimiento / Juguetes",,,agotado
281,1704,DYNV04,"Juguete disco chico ejercitador para hamster",juguete-disco-chico-ejercitador-para-hamster,https://artiani.com.mx/producto/juguete-disco-chico-ejercitador-para-hamster,https://sys.artiani.com.mx/media/apps/ecommerce/productos/456/1687806651.jpg,si,"DAYANG PET PRODUCTS","Pequenos mamiferos / Accesorios generales",170,MXN,agotado
282,1705,DYNV05,"Juguete disco ejercitador grande para hamster",juguete-disco-ejercitador-grande-para-hamster,https://artiani.com.mx/producto/juguete-disco-ejercitador-grande-para-hamster,https://sys.artiani.com.mx/media/apps/ecommerce/productos/456/1687806651.jpg,si,"DAYANG PET PRODUCTS","Pequenos mamiferos / Accesorios generales",270,MXN,agotado
2440,1514,FL9175,"Juguete elote con aroma sniff chico",juguete-elote-con-aroma-sniff-chico,https://artiani.com.mx/producto/juguete-elote-con-aroma-sniff-chico,https://sys.artiani.com.mx/media/apps/ecommerce/productos/1896/1776088533.webp,si,"FANCY PETS","Perros / Juego y enriquecimiento / Juguetes",,,agotado
2437,1511,FL9176,"Juguete elote con aroma sniff grande",juguete-elote-con-aroma-sniff-grande,https://artiani.com.mx/producto/juguete-elote-con-aroma-sniff-grande,https://sys.artiani.com.mx/media/apps/ecommerce/productos/1893/1776087955.webp,si,"FANCY PETS","Perros / Juego y enriquecimiento / Juguetes",,,agotado
1582,489,FL8512,"Juguete engranes de caucho",juguete-engranes-de-caucho,https://artiani.com.mx/producto/juguete-engranes-de-caucho,https://sys.artiani.com.mx/media/apps/ecommerce/productos/545/1675089031.jpg,si,"FANCY PETS","Perros / Juego y enriquecimiento / Juguetes",40,MXN,agotado
1576,483,FL8502,"Juguete estrella de caucho",juguete-estrella-de-caucho,https://artiani.com.mx/producto/juguete-estrella-de-caucho,https://sys.artiani.com.mx/media/apps/ecommerce/productos/539/1675085082.jpg,si,"FANCY PETS","Perros / Juego y enriquecimiento / Juguetes",25,MXN,agotado
737,281,FL9468,"Juguete estrella de mar spiky",juguete-estrella-de-mar-spiky,https://artiani.com.mx/producto/juguete-estrella-de-mar-spiky,https://sys.artiani.com.mx/media/apps/ecommerce/productos/192/1726201810.jpg,si,"FANCY PETS","Perros / Juego y enriquecimiento / Juguetes",,,agotado
1925,929,FL8782,"Juguete geobola chew",juguete-geobola-chew,https://artiani.com.mx/producto/juguete-geobola-chew,https://sys.artiani.com.mx/media/apps/ecommerce/productos/1213/1714419663.jpg,si,"FANCY PETS","Perros / Juego y enriquecimiento / Juguetes",160,MXN,agotado
1960,996,FL9226,"Juguete hongo travieso para gato",juguete-hongo-travieso-para-gato,https://artiani.com.mx/producto/juguete-hongo-travieso-para-gato,https://sys.artiani.com.mx/media/apps/ecommerce/productos/1309/1720035675.jpg,si,"FANCY PETS","Gatos / Juego y enriquecimiento / Juguetes",,,agotado
1569,476,FL9323,"Juguete hueso bambu plus chico sabor carne",juguete-hueso-bambu-plus-chico-sabor-carne,https://artiani.com.mx/producto/juguete-hueso-bambu-plus-chico-sabor-carne,https://sys.artiani.com.mx/media/apps/ecommerce/productos/532/1687268853.jpg,si,"FANCY PETS","Perros / Juego y enriquecimiento / Juguetes",,,agotado
1571,478,FL9321,"Juguete hueso bambu plus chico sabor pollo",juguete-hueso-bambu-plus-chico-sabor-pollo,https://artiani.com.mx/producto/juguete-hueso-bambu-plus-chico-sabor-pollo,https://sys.artiani.com.mx/media/apps/ecommerce/productos/534/1687267848.jpg,si,"FANCY PETS","Perros / Juego y enriquecimiento / Juguetes",,,agotado
1570,477,FL9309,"Juguete hueso chico de bambu sabor pollo nature",juguete-hueso-chico-de-bambu-sabor-pollo-nature,https://artiani.com.mx/producto/juguete-hueso-chico-de-bambu-sabor-pollo-nature,https://sys.artiani.com.mx/media/apps/ecommerce/productos/533/1687269807.jpg,si,"FANCY PETS","Perros / Juego y enriquecimiento / Juguetes",,,agotado
1568,475,FL9310,"Juguete hueso chico de bambu sabor tocino nature",juguete-hueso-chico-de-bambu-sabor-tocino-nature,https://artiani.com.mx/producto/juguete-hueso-chico-de-bambu-sabor-tocino-nature,https://sys.artiani.com.mx/media/apps/ecommerce/productos/531/1687269373.jpg,si,"FANCY PETS","Perros / Juego y enriquecimiento / Juguetes",,,agotado
1578,485,FL7256,"Juguete hueso chico de hilo pal thread",juguete-hueso-chico-de-hilo-pal-thread,https://artiani.com.mx/producto/juguete-hueso-chico-de-hilo-pal-thread,https://sys.artiani.com.mx/media/apps/ecommerce/productos/541/1675086437.jpg,si,"FANCY PETS","Perros / Juego y enriquecimiento / Juguetes",,,agotado
1850,838,FL9306,"Juguete hueso chico triple de bambu sabor tocino nature",juguete-hueso-chico-triple-de-bambu-sabor-tocino-nature,https://artiani.com.mx/producto/juguete-hueso-chico-triple-de-bambu-sabor-tocino-nature,https://sys.artiani.com.mx/media/apps/ecommerce/productos/1110/1712000429.jpg,si,"FANCY PETS","Perros / Juego y enriquecimiento / Juguetes",,,agotado
1579,486,FL8503,"Juguete hueso de caucho",juguete-hueso-de-caucho,https://artiani.com.mx/producto/juguete-hueso-de-caucho,https://sys.artiani.com.mx/media/apps/ecommerce/productos/542/1675085553.jpg,si,"FANCY PETS","Perros / Juego y enriquecimiento / Juguetes",30,MXN,agotado
1820,803,FL8509,"Juguete hueso de caucho con huellas",juguete-hueso-de-caucho-con-huellas,https://artiani.com.mx/producto/juguete-hueso-de-caucho-con-huellas,https://sys.artiani.com.mx/media/apps/ecommerce/productos/1046/1705103257.jpg,si,"FANCY PETS","Perros / Juego y enriquecimiento / Juguetes",,,agotado
1851,839,FL9312,"Juguete hueso grande de bambu sabor tocino nature",juguete-hueso-grande-de-bambu-sabor-tocino-nature,https://artiani.com.mx/producto/juguete-hueso-grande-de-bambu-sabor-tocino-nature,https://sys.artiani.com.mx/media/apps/ecommerce/productos/1111/1712001194.jpg,si,"FANCY PETS","Perros / Juego y enriquecimiento / Juguetes",,,agotado
1691,627,SH-230113,"Juguete interactivo wave para gato",juguete-interactivo-wave-para-gato,https://artiani.com.mx/producto/juguete-interactivo-wave-para-gato,https://sys.artiani.com.mx/media/apps/ecommerce/productos/749/1693580311.jpg,si,"SAKURA PETTO","Gatos / Juego y enriquecimiento / Juguetes",,,agotado
1927,931,FL7234,"Juguete jaladera con doble pelota pal thread",juguete-jaladera-con-doble-pelota-pal-thread,https://artiani.com.mx/producto/juguete-jaladera-con-doble-pelota-pal-thread,https://sys.artiani.com.mx/media/apps/ecommerce/productos/1216/1714427964.jpg,si,"FANCY PETS","Perros / Juego y enriquecimiento / Juguetes",,,agotado
1928,932,FL7235,"Juguete jaladera con pelota pal thread",juguete-jaladera-con-pelota-pal-thread,https://artiani.com.mx/producto/juguete-jaladera-con-pelota-pal-thread,https://sys.artiani.com.mx/media/apps/ecommerce/productos/1218/1714430485.jpg,si,"FANCY PETS","Perros / Juego y enriquecimiento / Juguetes",,,agotado
2441,1515,FL8501,"Juguete jaladera de caucho con argolla",juguete-jaladera-de-caucho-con-argolla,https://artiani.com.mx/producto/juguete-jaladera-de-caucho-con-argolla,https://sys.artiani.com.mx/media/apps/ecommerce/productos/1897/1776089823.webp,si,"FANCY PETS","Perros / Juego y enriquecimiento / Juguetes",,,agotado
277,1674,FL8262,"Juguete oruga catch",juguete-oruga-catch,https://artiani.com.mx/producto/juguete-oruga-catch,https://sys.artiani.com.mx/media/apps/ecommerce/productos/1308/1720034347.jpg,si,"FANCY PETS","Gatos / Juego y enriquecimiento / Juguetes",65,MXN,agotado
2346,1418,SP-2852,"Juguete para aves (3 esferas) monte verde 4 x 15 cm",juguete-para-aves-3-esferas-monte-verde-4-x-15-cm,https://artiani.com.mx/producto/juguete-para-aves-3-esferas-monte-verde-4-x-15-cm,https://sys.artiani.com.mx/media/apps/ecommerce/productos/1798/1772457390.webp,si,SUNNY,"Aves / Juego y enriquecimiento / Juguetes",75,MXN,agotado
2349,1421,SP-2851,"Juguete para aves (4 esferas) monte verde 4 x 23 cm",juguete-para-aves-4-esferas-monte-verde-4-x-23-cm,https://artiani.com.mx/producto/juguete-para-aves-4-esferas-monte-verde-4-x-23-cm,https://sys.artiani.com.mx/media/apps/ecommerce/productos/1801/1772457744.webp,si,SUNNY,"Aves / Juego y enriquecimiento / Juguetes",75,MXN,agotado
2350,1422,SP-2865,"Juguete para aves (4 espejos) monte verde 5.5 x 3.5 x 14 cm",juguete-para-aves-4-espejos-monte-verde-5-5-x-3-5-x-14-cm,https://artiani.com.mx/producto/juguete-para-aves-4-espejos-monte-verde-5-5-x-3-5-x-14-cm,https://sys.artiani.com.mx/media/apps/ecommerce/productos/1802/1772457914.webp,si,SUNNY,"Aves / Juego y enriquecimiento / Juguetes",75,MXN,agotado
2343,1415,SP-2850,"Juguete para aves (aros) monte verde 7.5 x 35 cm",juguete-para-aves-aros-monte-verde-7-5-x-35-cm,https://artiani.com.mx/producto/juguete-para-aves-aros-monte-verde-7-5-x-35-cm,https://sys.artiani.com.mx/media/apps/ecommerce/productos/1795/1772456970.webp,si,SUNNY,"Aves / Juego y enriquecimiento / Juguetes",85,MXN,agotado
4326,1074,SP-2855,"Juguete para aves (canasta) monte verde 7.5 � 7.5 � 26 cm",juguete-para-aves-canasta-monte-verde-7-5-7-5-26-cm,https://artiani.com.mx/producto/juguete-para-aves-canasta-monte-verde-7-5-7-5-26-cm,https://sys.artiani.com.mx/media/apps/ecommerce/productos/1394/1732109917.jpg,si,SUNNY,"Aves / Juego y enriquecimiento / Juguetes",,,agotado
2339,1411,SP-2867,"Juguete para aves (casa espejo) monte verde 9.2 x 5.9 cm",juguete-para-aves-casa-espejo-monte-verde-9-2-x-5-9-cm,https://artiani.com.mx/producto/juguete-para-aves-casa-espejo-monte-verde-9-2-x-5-9-cm,https://sys.artiani.com.mx/media/apps/ecommerce/productos/1788/1772455547.webp,si,SUNNY,"Aves / Juego y enriquecimiento / Juguetes",65,MXN,agotado
2342,1414,SP-2857,"Juguete para aves (circulos) monte verde 11 x 8 cm",juguete-para-aves-circulos-monte-verde-11-x-8-cm,https://artiani.com.mx/producto/juguete-para-aves-circulos-monte-verde-11-x-8-cm,https://sys.artiani.com.mx/media/apps/ecommerce/productos/1794/1772456857.webp,si,SUNNY,"Aves / Juego y enriquecimiento / Juguetes",75,MXN,agotado
2345,1417,SP-2853,"Juguete para aves (esfera) monte verde 4 x 4 cm",juguete-para-aves-esfera-monte-verde-4-x-4-cm,https://artiani.com.mx/producto/juguete-para-aves-esfera-monte-verde-4-x-4-cm,https://sys.artiani.com.mx/media/apps/ecommerce/productos/1797/1772457258.webp,si,SUNNY,"Aves / Juego y enriquecimiento / Juguetes",65,MXN,agotado
2341,1413,SP-2856,"Juguete para aves (espejo circular) monte verde 9 x 9 cm",juguete-para-aves-espejo-circular-monte-verde-9-x-9-cm,https://artiani.com.mx/producto/juguete-para-aves-espejo-circular-monte-verde-9-x-9-cm,https://sys.artiani.com.mx/media/apps/ecommerce/productos/1793/1772456718.webp,si,SUNNY,"Aves / Juego y enriquecimiento / Juguetes",75,MXN,agotado
2340,1412,SP-2859,"Juguete para aves (flor comedero) monte verde 7 x 6.7 x 14.5 cm",juguete-para-aves-flor-comedero-monte-verde-7-x-6-7-x-14-5-cm,https://artiani.com.mx/producto/juguete-para-aves-flor-comedero-monte-verde-7-x-6-7-x-14-5-cm,https://sys.artiani.com.mx/media/apps/ecommerce/productos/1789/1772455773.webp,si,SUNNY,"Aves / Juego y enriquecimiento / Juguetes",85,MXN,agotado
2344,1416,SP-2854,"Juguete para aves (haro) monte verde 6 x 15 cm",juguete-para-aves-haro-monte-verde-6-x-15-cm,https://artiani.com.mx/producto/juguete-para-aves-haro-monte-verde-6-x-15-cm,https://sys.artiani.com.mx/media/apps/ecommerce/productos/1796/1772457107.webp,si,SUNNY,"Aves / Juego y enriquecimiento / Juguetes",85,MXN,agotado
2347,1419,SP-2858,"Juguete para aves (llaves) monte verde 6 x 15.5 cm",juguete-para-aves-llaves-monte-verde-6-x-15-5-cm,https://artiani.com.mx/producto/juguete-para-aves-llaves-monte-verde-6-x-15-5-cm,https://sys.artiani.com.mx/media/apps/ecommerce/productos/1799/1772457473.webp,si,SUNNY,"Aves / Juego y enriquecimiento / Juguetes",65,MXN,agotado
2351,1423,SP-2861,"Juguete para aves (rosa espejo) monte verde 8 x 10.3 x 22 cm",juguete-para-aves-rosa-espejo-monte-verde-8-x-10-3-x-22-cm,https://artiani.com.mx/producto/juguete-para-aves-rosa-espejo-monte-verde-8-x-10-3-x-22-cm,https://sys.artiani.com.mx/media/apps/ecommerce/productos/1803/1772458049.webp,si,SUNNY,"Aves / Juego y enriquecimiento / Juguetes",85,MXN,agotado
2352,1424,SP-2866,"Juguete para aves espejo monte verde 7.8 x 11 cm",juguete-para-aves-espejo-monte-verde-7-8-x-11-cm,https://artiani.com.mx/producto/juguete-para-aves-espejo-monte-verde-7-8-x-11-cm,https://sys.artiani.com.mx/media/apps/ecommerce/productos/1804/1772458169.webp,si,SUNNY,"Aves / Juego y enriquecimiento / Juguetes",75,MXN,agotado
2348,1420,SP-2849,"Juguete para aves monte verde 4.5 x 21 cm",juguete-para-aves-monte-verde-4-5-x-21-cm,https://artiani.com.mx/producto/juguete-para-aves-monte-verde-4-5-x-21-cm,https://sys.artiani.com.mx/media/apps/ecommerce/productos/1800/1772457632.webp,si,SUNNY,"Aves / Juego y enriquecimiento / Juguetes",65,MXN,agotado
286,1721,SP-2863,"Juguete para aves monte verde 6.7 x 6.5 x 20.5 cm",juguete-para-aves-monte-verde-6-7-x-6-5-x-20-5-cm,https://artiani.com.mx/producto/juguete-para-aves-monte-verde-6-7-x-6-5-x-20-5-cm,https://sys.artiani.com.mx/media/apps/ecommerce/productos/1790/1772455968.webp,si,"MONTE VERDE","Aves / Juego y enriquecimiento / Juguetes",75,MXN,agotado
287,1722,SP-2860,"Juguete para aves monte verde 8 x 8 x 15.5 cm",juguete-para-aves-monte-verde-8-x-8-x-15-5-cm,https://artiani.com.mx/producto/juguete-para-aves-monte-verde-8-x-8-x-15-5-cm,https://sys.artiani.com.mx/media/apps/ecommerce/productos/1792/1772456602.webp,si,"MONTE VERDE","Aves / Juego y enriquecimiento / Juguetes",75,MXN,agotado
278,1675,FL8262-MO,"Juguete para gato cañatira morada",juguete-para-gato-canatira-morada,https://artiani.com.mx/producto/juguete-para-gato-canatira-morada,https://sys.artiani.com.mx/media/apps/ecommerce/productos/1308/1720034347.jpg,si,"FANCY PETS","Gatos / Juego y enriquecimiento / Juguetes",65,MXN,agotado
1710,657,FL8261,"Juguete para gatos caña de pescar catch",juguete-para-gatos-cana-de-pescar-catch,https://artiani.com.mx/producto/juguete-para-gatos-cana-de-pescar-catch,https://sys.artiani.com.mx/media/apps/ecommerce/productos/785/1697919342.jpg,si,"FANCY PETS","Gatos / Juego y enriquecimiento / Juguetes",,,agotado
1584,491,SP-3774,"Juguete para gatos pawffy pelota extra soft varios colores",juguete-para-gatos-pawffy-pelota-extra-soft-varios-colores,https://artiani.com.mx/producto/juguete-para-gatos-pawffy-pelota-extra-soft-varios-colores,https://sys.artiani.com.mx/media/apps/ecommerce/productos/547/1674774315.jpg,si,SUNNY,"Gatos / Juego y enriquecimiento / Juguetes",540,MXN,agotado
1583,490,SP-3781,"Juguete para gatos pawffy pelota plastica con sonaja varios colores",juguete-para-gatos-pawffy-pelota-plastica-con-sonaja-varios-colores,https://artiani.com.mx/producto/juguete-para-gatos-pawffy-pelota-plastica-con-sonaja-varios-colores,https://sys.artiani.com.mx/media/apps/ecommerce/productos/546/1674775283.jpg,si,SUNNY,"Gatos / Juego y enriquecimiento / Juguetes",700,MXN,agotado
1585,492,SP-3780,"Juguete para gatos pawffy raton de peluche",juguete-para-gatos-pawffy-raton-de-peluche,https://artiani.com.mx/producto/juguete-para-gatos-pawffy-raton-de-peluche,https://sys.artiani.com.mx/media/apps/ecommerce/productos/548/1674774784.jpg,si,SUNNY,"Gatos / Juego y enriquecimiento / Juguetes",,,agotado
1556,463,FL7154,"Juguete pelota chica de tenis con squeaker 3 pz",juguete-pelota-chica-de-tenis-con-squeaker-3,https://artiani.com.mx/producto/juguete-pelota-chica-de-tenis-con-squeaker-3,https://sys.artiani.com.mx/media/apps/ecommerce/productos/516/1696730567.jpg,si,"FANCY PETS","Perros / Juego y enriquecimiento / Juguetes",110,MXN,agotado
1819,802,FL7157,"Juguete pelota chico de tenis bicolor - 3 pz",juguete-pelota-chico-de-tenis-bicolor-3,https://artiani.com.mx/producto/juguete-pelota-chico-de-tenis-bicolor-3,https://sys.artiani.com.mx/media/apps/ecommerce/productos/1045/1705102339.jpg,si,"FANCY PETS","Perros / Juego y enriquecimiento / Juguetes",90,MXN,agotado
1864,852,FL9444,"Juguete pelota con aroma mango sniff",juguete-pelota-con-aroma-mango-sniff,https://artiani.com.mx/producto/juguete-pelota-con-aroma-mango-sniff,https://sys.artiani.com.mx/media/apps/ecommerce/productos/1126/1712109088.jpg,si,"FANCY PETS","Perros / Juego y enriquecimiento / Juguetes",120,MXN,agotado
1863,851,FL9445,"Juguete pelota con aroma sandia sniff",juguete-pelota-con-aroma-sandia-sniff,https://artiani.com.mx/producto/juguete-pelota-con-aroma-sandia-sniff,https://sys.artiani.com.mx/media/apps/ecommerce/productos/1125/1712108622.jpg,si,"FANCY PETS","Perros / Juego y enriquecimiento / Juguetes",120,MXN,agotado
1862,850,FL9446,"Juguete pelota con aroma vainilla sniff",juguete-pelota-con-aroma-vainilla-sniff,https://artiani.com.mx/producto/juguete-pelota-con-aroma-vainilla-sniff,https://sys.artiani.com.mx/media/apps/ecommerce/productos/1124/1712102806.jpg,si,"FANCY PETS","Perros / Juego y enriquecimiento / Juguetes",120,MXN,agotado
1581,488,FL8508,"Juguete pelota de caucho spiny",juguete-pelota-de-caucho-spiny,https://artiani.com.mx/producto/juguete-pelota-de-caucho-spiny,https://sys.artiani.com.mx/media/apps/ecommerce/productos/544/1675086141.jpg,si,"FANCY PETS","Perros / Juego y enriquecimiento / Juguetes",30,MXN,agotado
2033,1078,FL8265,"Juguete pelota enjaulada sound",juguete-pelota-enjaulada-sound,https://artiani.com.mx/producto/juguete-pelota-enjaulada-sound,https://sys.artiani.com.mx/media/apps/ecommerce/productos/1398/1732366124.jpg,si,"FANCY PETS","Gatos / Juego y enriquecimiento / Juguetes",,,agotado
1818,801,FL7159,"Juguete pelota grande de tenis bicolor",juguete-pelota-grande-de-tenis-bicolor,https://artiani.com.mx/producto/juguete-pelota-grande-de-tenis-bicolor,https://sys.artiani.com.mx/media/apps/ecommerce/productos/1044/1705101834.jpg,si,"FANCY PETS","Perros / Juego y enriquecimiento / Juguetes",75,MXN,agotado
1962,998,FL8278,"Juguete pelotas de tenis con squeaker vitrolero 11 pzas",juguete-pelotas-de-tenis-con-squeaker-vitrolero-11,https://artiani.com.mx/producto/juguete-pelotas-de-tenis-con-squeaker-vitrolero-11,https://sys.artiani.com.mx/media/apps/ecommerce/productos/1311/1720526253.jpg,si,"FANCY PETS","Perros / Juego y enriquecimiento / Juguetes",450,MXN,agotado
1853,841,FL8279,"Juguete pelotas de tenis deportivas con squeaker 5 piezas",juguete-pelotas-de-tenis-deportivas-con-squeaker-5,https://artiani.com.mx/producto/juguete-pelotas-de-tenis-deportivas-con-squeaker-5,https://sys.artiani.com.mx/media/apps/ecommerce/productos/1113/1712014736.jpg,si,"FANCY PETS","Perros / Juego y enriquecimiento / Juguetes",185,MXN,agotado
1973,1009,FL9604,"Juguete peluche ardilla barrigon buddies",juguete-peluche-ardilla-barrigon-buddies,https://artiani.com.mx/producto/juguete-peluche-ardilla-barrigon-buddies,https://sys.artiani.com.mx/media/apps/ecommerce/productos/1325/1722007105.jpg,si,"FANCY PETS","Perros / Juego y enriquecimiento / Juguetes",90,MXN,agotado
1971,1007,FL9605,"Juguete peluche buho barrigon buddies",juguete-peluche-buho-barrigon-buddies,https://artiani.com.mx/producto/juguete-peluche-buho-barrigon-buddies,https://sys.artiani.com.mx/media/apps/ecommerce/productos/1323/1722004699.jpg,si,"FANCY PETS","Perros / Juego y enriquecimiento / Juguetes",90,MXN,agotado
1969,1005,FL9601,"Juguete peluche castor barrigon buddies",juguete-peluche-castor-barrigon-buddies,https://artiani.com.mx/producto/juguete-peluche-castor-barrigon-buddies,https://sys.artiani.com.mx/media/apps/ecommerce/productos/1321/1722003456.jpg,si,"FANCY PETS","Perros / Juego y enriquecimiento / Juguetes",90,MXN,agotado
1970,1006,FL9603,"Juguete peluche mapache barrigon buddies",juguete-peluche-mapache-barrigon-buddies,https://artiani.com.mx/producto/juguete-peluche-mapache-barrigon-buddies,https://sys.artiani.com.mx/media/apps/ecommerce/productos/1322/1722004215.jpg,si,"FANCY PETS","Perros / Juego y enriquecimiento / Juguetes",90,MXN,agotado
1972,1008,FL9602,"Juguete peluche puercoespin barrigon buddies",juguete-peluche-puercoespin-barrigon-buddies,https://artiani.com.mx/producto/juguete-peluche-puercoespin-barrigon-buddies,https://sys.artiani.com.mx/media/apps/ecommerce/productos/1324/1722005429.jpg,si,"FANCY PETS","Perros / Juego y enriquecimiento / Juguetes",90,MXN,agotado
1821,804,FL8505,"Juguete pescado de caucho",juguete-pescado-de-caucho,https://artiani.com.mx/producto/juguete-pescado-de-caucho,https://sys.artiani.com.mx/media/apps/ecommerce/productos/1047/1705103965.jpg,si,"FANCY PETS","Perros / Juego y enriquecimiento / Juguetes",25,MXN,agotado
1822,805,FL8231,"Juguete pescado para gato ecoplay",juguete-pescado-para-gato-ecoplay,https://artiani.com.mx/producto/juguete-pescado-para-gato-ecoplay,https://sys.artiani.com.mx/media/apps/ecommerce/productos/1048/1705105389.jpg,si,,"Gatos / Juego y enriquecimiento / Juguetes",,,agotado
1977,1015,FL9469,"Juguete pez globo spiky",juguete-pez-globo-spiky,https://artiani.com.mx/producto/juguete-pez-globo-spiky,https://sys.artiani.com.mx/media/apps/ecommerce/productos/1331/1726202021.jpg,si,"FANCY PETS","Perros / Juego y enriquecimiento / Juguetes",150,MXN,agotado
1852,840,FL9325,"Juguete rama bambu plus chico sabor carne",juguete-rama-bambu-plus-chico-sabor-carne,https://artiani.com.mx/producto/juguete-rama-bambu-plus-chico-sabor-carne,https://sys.artiani.com.mx/media/apps/ecommerce/productos/1112/1712005995.jpg,si,"FANCY PETS","Perros / Juego y enriquecimiento / Juguetes",,,agotado
1567,474,FL9326,"Juguete rama bambu plus grande sabor carne",juguete-rama-bambu-plus-grande-sabor-carne,https://artiani.com.mx/producto/juguete-rama-bambu-plus-grande-sabor-carne,https://sys.artiani.com.mx/media/apps/ecommerce/productos/530/1687438315.jpg,si,"FANCY PETS","Perros / Juego y enriquecimiento / Juguetes",,,agotado
2031,1076,FL8260,"Juguete raton arcoiris catch",juguete-raton-arcoiris-catch,https://artiani.com.mx/producto/juguete-raton-arcoiris-catch,https://sys.artiani.com.mx/media/apps/ecommerce/productos/1396/1732365448.jpg,si,"FANCY PETS","Gatos / Juego y enriquecimiento / Juguetes",,,agotado
2032,1077,FL8255,"Juguete raton mini catch",juguete-raton-mini-catch,https://artiani.com.mx/producto/juguete-raton-mini-catch,https://sys.artiani.com.mx/media/apps/ecommerce/productos/1397/1732365784.jpg,si,"FANCY PETS","Gatos / Juego y enriquecimiento / Juguetes",,,agotado
2642,1767,ALA-0011,"Juguete Ruleta Comedero 13cm Ninfas Conuros Aratingas Alamazonas",juguete-ruleta-comedero-13cm-ninfas-conuros-aratingas-alamazonas,https://artiani.com.mx/producto/juguete-ruleta-comedero-13cm-ninfas-conuros-aratingas-alamazonas,https://sys.artiani.com.mx/uploads/erp/catalogo/productos/1549/producto-1549-20260826083743-c46f6d23.webp,si,ALAMAZONAS,"Aves / Accesorios generales",,,agotado
288,1723,RJ197,"Juguete sube y baja para hámster",juguete-sube-y-baja-para-hamster,https://artiani.com.mx/producto/juguete-sube-y-baja-para-hamster,https://sys.artiani.com.mx/media/apps/ecommerce/productos/1414/1733322714.JPG,si,MYPET,"Pequenos mamiferos / Hamster / Accesorios y aditamentos",135,MXN,agotado
1800,781,FL9190,"Juguete tenis colgante para ave",juguete-tenis-colgante-para-ave,https://artiani.com.mx/producto/juguete-tenis-colgante-para-ave,https://sys.artiani.com.mx/media/apps/ecommerce/productos/1007/1701547642.jpg,si,REDKITE,"Aves / Juego y enriquecimiento / Juguetes",,,agotado
741,288,FL8281,"Juguete torre play",juguete-torre-play,https://artiani.com.mx/producto/juguete-torre-play,https://sys.artiani.com.mx/media/apps/ecommerce/productos/203/1711896579.jpg,si,"FANCY PETS","Gatos / Juego y enriquecimiento / Juguetes",,,agotado
2439,1513,FL9173,"Juguete zanahoria con aroma sniff chico",juguete-zanahoria-con-aroma-sniff-chico,https://artiani.com.mx/producto/juguete-zanahoria-con-aroma-sniff-chico,https://sys.artiani.com.mx/media/apps/ecommerce/productos/1895/1776088292.webp,si,"FANCY PETS","Perros / Juego y enriquecimiento / Juguetes",90,MXN,agotado
2438,1512,FL9174,"Juguete zanahoria con aroma sniff grande",juguete-zanahoria-con-aroma-sniff-grande,https://artiani.com.mx/producto/juguete-zanahoria-con-aroma-sniff-grande,https://sys.artiani.com.mx/media/apps/ecommerce/productos/1894/1776088117.webp,si,"FANCY PETS","Perros / Juego y enriquecimiento / Juguetes",130,MXN,agotado
2000,1040,1389,"Kennel 100 x 67 x 82 puerta de metal, rejilla y ruedas sevenpet",kennel-100-x-67-x-82-puerta-de-metal-rejilla-y-ruedas-sevenpet,https://artiani.com.mx/producto/kennel-100-x-67-x-82-puerta-de-metal-rejilla-y-ruedas-sevenpet,https://sys.artiani.com.mx/media/apps/ecommerce/productos/1358/1730207727.jpg,si,SEVENPET,"Perros / Transporte, paseo y entrenamiento / Transportadoras",3950,MXN,agotado
2001,1041,1390,"Kennel 112 x 82 x 96 puerta de metal, rejilla y ruedas sevenpet",kennel-112-x-82-x-96-puerta-de-metal-rejilla-y-ruedas-sevenpet,https://artiani.com.mx/producto/kennel-112-x-82-x-96-puerta-de-metal-rejilla-y-ruedas-sevenpet,https://sys.artiani.com.mx/media/apps/ecommerce/productos/1359/1730208225.jpg,si,SEVENPET,"Perros / Transporte, paseo y entrenamiento / Transportadoras",6500,MXN,agotado
1998,1038,1386,"Kennel 81 x 57 x 65 puerta de metal, rejillla y ruedas sevenpet",kennel-81-x-57-x-65-puerta-de-metal-rejillla-y-ruedas-sevenpet,https://artiani.com.mx/producto/kennel-81-x-57-x-65-puerta-de-metal-rejillla-y-ruedas-sevenpet,https://sys.artiani.com.mx/media/apps/ecommerce/productos/1356/1730205542.jpg,si,SEVENPET,"Perros / Transporte, paseo y entrenamiento / Transportadoras",2550,MXN,agotado
1999,1039,1388,"Kennel 89 x 61 x 74 puerta de metal, rejillla y ruedas sevenpet",kennel-89-x-61-x-74-puerta-de-metal-rejillla-y-ruedas-sevenpet,https://artiani.com.mx/producto/kennel-89-x-61-x-74-puerta-de-metal-rejillla-y-ruedas-sevenpet,https://sys.artiani.com.mx/media/apps/ecommerce/productos/1357/1730207189.jpg,si,SEVENPET,"Perros / Transporte, paseo y entrenamiento / Transportadoras",3250,MXN,agotado
12,506,FL8619,"Kit acuario rectangular negro con luz led 25 l",kit-acuario-rectangular-negro-con-luz-led-25l,https://artiani.com.mx/producto/kit-acuario-rectangular-negro-con-luz-led-25l,https://sys.artiani.com.mx/media/apps/ecommerce/productos/568/1712669043.jpg,si,LOMAS,"Acuario y peces / Peceras, acuarios y muebles / Acuarios",2900,MXN,agotado
1701,644,FL4124,"Kit de aromaterapia relajacion 60 ml",kit-de-aromaterapia-relajacion-60ml,https://artiani.com.mx/producto/kit-de-aromaterapia-relajacion-60ml,https://sys.artiani.com.mx/media/apps/ecommerce/productos/770/1712017822.jpg,si,"FANCY PETS","Perros / Salud e higiene / Prevencion y cuidado",,,agotado
1559,466,FL3905,"Kit dental pasta y cepillo",kit-dental-pasta-y-cepillo,https://artiani.com.mx/producto/kit-dental-pasta-y-cepillo,https://sys.artiani.com.mx/media/apps/ecommerce/productos/519/1696733552.jpg,si,"FANCY PETS","Perros / Salud e higiene / Prevencion y cuidado",,,agotado
1886,885,KIPH-01,"Kit medidor de ph para acuario",kit-medidor-de-ph-para-acuario,https://artiani.com.mx/producto/kit-medidor-de-ph-para-acuario,https://sys.artiani.com.mx/media/apps/ecommerce/productos/1164/1712877700.jpg,si,HAGEN,"Acuario y peces / Repuestos, aditamentos y accesorios / Accesorios generales",,,agotado
2326,1396,ALA-0021,"Koi Pond Pellets Alimento Carpas Koi Carpas Doradas (Goldfish) - 1kg",koi-pond-pellets-alimento-carpas-koi-carpas-doradas-goldfish-1kg,https://artiani.com.mx/producto/koi-pond-pellets-alimento-carpas-koi-carpas-doradas-goldfish-1kg,https://sys.artiani.com.mx/media/apps/ecommerce/productos/1772/1771336171.webp,si,ALAMAZONAS,"Acuario y peces / Alimentacion / Alimentos de acuario",150,MXN,agotado
3,415,SAL-50L,"Lampara 50 cm led con tapa 4,5w 50,000 hrs modo de noche actinia",lampara-50-cm-led-con-tapa-4-5w-50-000-hrs-modo-de-noche-actinia,https://artiani.com.mx/producto/lampara-50-cm-led-con-tapa-4-5w-50-000-hrs-modo-de-noche-actinia,https://sys.artiani.com.mx/media/apps/ecommerce/productos/419/1670075932.png,si,SUNNY,"Acuario y peces / Equipamiento tecnico / Iluminacion",590,MXN,disponible
2613,1724,FL7981,"Lampara blanca led nano 1.5 w",lampara-blanca-led-nano-1-5-w,https://artiani.com.mx/producto/lampara-blanca-led-nano-1-5-w,https://sys.artiani.com.mx/media/apps/ecommerce/productos/1107/1711664718.jpg,si,LOMAS,"Acuario y peces / Equipamiento tecnico / Iluminacion",,,agotado
770,410,4431,"Lámpara expandible 90 a 120 cm 20 leds 10 w",lampara-expandible-90-a-120-cm-20-leds-10-w,https://artiani.com.mx/producto/lampara-expandible-90-a-120-cm-20-leds-10-w,https://sys.artiani.com.mx/media/apps/ecommerce/productos/414/1670262810.png,si,"AQUA KRIL","Acuario y peces / Equipamiento tecnico / Iluminacion",790,MXN,agotado
399,408,4432,"Lámpara expandible led 120 a 150 cm 28 leds 14 w",lampara-expandible-led-120-a-150-cm-28-leds-14-w,https://artiani.com.mx/producto/lampara-expandible-led-120-a-150-cm-28-leds-14-w,https://sys.artiani.com.mx/media/apps/ecommerce/productos/412/1670262255.png,si,"AQUA KRIL","Acuario y peces / Equipamiento tecnico / Iluminacion",980,MXN,agotado
400,409,4430,"Lámpara expandible led 60 a 90 cm 14 leds 7 w",lampara-expandible-led-60-a-90-cm-14-leds-7-w,https://artiani.com.mx/producto/lampara-expandible-led-60-a-90-cm-14-leds-7-w,https://sys.artiani.com.mx/media/apps/ecommerce/productos/413/1670263160.png,si,"AQUA KRIL","Acuario y peces / Equipamiento tecnico / Iluminacion",699,MXN,agotado
772,412,CL-28,"Lampara led con clip 12 w",lampara-led-con-clip-12-w,https://artiani.com.mx/producto/lampara-led-con-clip-12-w,https://sys.artiani.com.mx/media/apps/ecommerce/productos/416/1699752929.jpg,si,BIOPRO,"Acuario y peces / Equipamiento tecnico / Iluminacion",380,MXN,agotado
777,418,OCL-30BW,"Lampara led sumergible 4 w azul con blanco para 30 cm",lampara-led-sumergible-4-w-azul-con-blanco-para-30-cm,https://artiani.com.mx/producto/lampara-led-sumergible-4-w-azul-con-blanco-para-30-cm,https://sys.artiani.com.mx/media/apps/ecommerce/productos/422/1671066228.jpg,si,"OCEAN AQUA","Acuario y peces / Equipamiento tecnico / Iluminacion",280,MXN,agotado
776,417,OCL-30B,"Lampara led sumergible 4 w azul para 30 cm",lampara-led-sumergible-4-w-azul-para-30-cm,https://artiani.com.mx/producto/lampara-led-sumergible-4-w-azul-para-30-cm,https://sys.artiani.com.mx/media/apps/ecommerce/productos/421/1697739261.jpg,si,"OCEAN AQUA","Acuario y peces / Equipamiento tecnico / Iluminacion",280,MXN,agotado
778,419,OCL-30W,"Lampara led sumergible 4 w blanca para 30 cm",lampara-led-sumergible-4-w-blanca-para-30-cm,https://artiani.com.mx/producto/lampara-led-sumergible-4-w-blanca-para-30-cm,https://sys.artiani.com.mx/media/apps/ecommerce/productos/423/1697741907.jpg,si,"OCEAN AQUA","Acuario y peces / Equipamiento tecnico / Iluminacion",280,MXN,agotado
779,420,OCL-50BW,"Lampara led sumergible 8 w azul con blanco para 50 cm",lampara-led-sumergible-8-w-azul-con-blanco-para-50-cm,https://artiani.com.mx/producto/lampara-led-sumergible-8-w-azul-con-blanco-para-50-cm,https://sys.artiani.com.mx/media/apps/ecommerce/productos/424/1671066958.jpg,si,"OCEAN AQUA","Acuario y peces / Equipamiento tecnico / Iluminacion",380,MXN,agotado
780,421,OCL-50B,"Lampara led sumergible 8 w azul para 50 cm",lampara-led-sumergible-8-w-azul-para-50-cm,https://artiani.com.mx/producto/lampara-led-sumergible-8-w-azul-para-50-cm,https://sys.artiani.com.mx/media/apps/ecommerce/productos/425/1697743570.jpg,si,"OCEAN AQUA","Acuario y peces / Equipamiento tecnico / Iluminacion",380,MXN,agotado
781,422,OCL-50W,"Lampara led sumergible 8 w blanca para 50 cm",lampara-led-sumergible-8-w-blanca-para-50-cm,https://artiani.com.mx/producto/lampara-led-sumergible-8-w-blanca-para-50-cm,https://sys.artiani.com.mx/media/apps/ecommerce/productos/426/1697743967.jpg,si,"OCEAN AQUA","Acuario y peces / Equipamiento tecnico / Iluminacion",380,MXN,agotado
775,416,4404,"Lámpara led xpecial flat 50 cm azul con blanco",lampara-led-xpecial-flat-50-cm-azul-con-blanco,https://artiani.com.mx/producto/lampara-led-xpecial-flat-50-cm-azul-con-blanco,https://sys.artiani.com.mx/media/apps/ecommerce/productos/420/1670272919.png,si,"AQUA KRIL","Acuario y peces / Equipamiento tecnico / Iluminacion",480,MXN,agotado
774,414,4402,"Lámpara led xpecial panoramica 50 cm con tapa azul con blanco",lampara-led-xpecial-panoramica-50-cm-con-tapa-azul-con-blanco,https://artiani.com.mx/producto/lampara-led-xpecial-panoramica-50-cm-con-tapa-azul-con-blanco,https://sys.artiani.com.mx/media/apps/ecommerce/productos/418/1670272111.png,si,"AQUA KRIL","Acuario y peces / Equipamiento tecnico / Iluminacion",480,MXN,agotado
2614,1725,FL7980,"Lampara negra led nano 1.5 w",lampara-negra-led-nano-1-5-w,https://artiani.com.mx/producto/lampara-negra-led-nano-1-5-w,https://sys.artiani.com.mx/media/apps/ecommerce/productos/1107/1711664718.jpg,si,LOMAS,"Acuario y peces / Equipamiento tecnico / Iluminacion",,,agotado
773,413,SCL-50L,"Lampara panoramica 50 cm led gro-lux 4,5w 50,000 hrs modo de noche actinia",lampara-panoramica-50-cm-led-gro-lux-4-5w-50-000-hrs-modo-de-noche-actinia,https://artiani.com.mx/producto/lampara-panoramica-50-cm-led-gro-lux-4-5w-50-000-hrs-modo-de-noche-actinia,https://sys.artiani.com.mx/media/apps/ecommerce/productos/417/1670076551.png,si,SUNNY,"Acuario y peces / Equipamiento tecnico / Iluminacion",650,MXN,agotado
1637,559,FL7352,"Lámpara spectrum led slim 8 w 60 cm",lampara-spectrum-led-slim-8-w-60-cm,https://artiani.com.mx/producto/lampara-spectrum-led-slim-8-w-60-cm,https://sys.artiani.com.mx/media/apps/ecommerce/productos/639/1701544077.jpg,si,LOMAS,"Acuario y peces / Equipamiento tecnico / Iluminacion",750,MXN,agotado
289,1728,610691,"Lata Nupec Adulto con Carne con Verduras Alimento húmedo 100 gr",lata-nupec-adulto-con-carne-con-verduras-alimento-humedo-100g,https://artiani.com.mx/producto/lata-nupec-adulto-con-carne-con-verduras-alimento-humedo-100g,https://sys.artiani.com.mx/media/apps/ecommerce/productos/1545/1758691906.webp,si,NUPEC,"Perros / Alimentacion / Alimentos",33,MXN,consultar_disponibilidad
2121,1185,LAT-02,"Lata Nupec Cachorro Alto en Pollo Alimento húmedo",lata-nupec-cachorro-alto-en-pollo-alimento-humedo,https://artiani.com.mx/producto/lata-nupec-cachorro-alto-en-pollo-alimento-humedo,https://sys.artiani.com.mx/media/apps/ecommerce/productos/1536/1758690758.png,si,NUPEC,"Gatos / Alimentacion / Alimentos",33,MXN,agotado
2114,1178,610871,"Lata Nupec Digestivo con Pescado Alimento húmedo 100 gr",lata-nupec-digestivo-con-pescado-alimento-humedo-100g,https://artiani.com.mx/producto/lata-nupec-digestivo-con-pescado-alimento-humedo-100g,https://sys.artiani.com.mx/media/apps/ecommerce/productos/1529/1757969978.webp,si,NUPEC,"Gatos / Alimentacion / Alimentos",33,MXN,agotado
2618,1729,610877,"Lata Nupec Felino Hairball (Gato bola de pelo) con Pescado Alimento húmedo 100 gr",lata-nupec-felino-hairball-gato-bola-de-pelo-con-pescado-alimento-humedo-100g,https://artiani.com.mx/producto/lata-nupec-felino-hairball-gato-bola-de-pelo-con-pescado-alimento-humedo-100g,https://sys.artiani.com.mx/media/apps/ecommerce/productos/1543/1758691409.png,si,NUPEC,"Gatos / Alimentacion / Alimentos",33,MXN,agotado
2124,1188,619875,"Lata Nupec Felino Indoor (Gato interior) con Carne y Pollo Alimento húmedo 100 gr",lata-nupec-felino-indoor-gato-interior-con-carne-y-pollo-alimento-humedo-100g,https://artiani.com.mx/producto/lata-nupec-felino-indoor-gato-interior-con-carne-y-pollo-alimento-humedo-100g,https://sys.artiani.com.mx/media/apps/ecommerce/productos/1540/1758691140.png,si,NUPEC,"Gatos / Alimentacion / Alimentos",33,MXN,agotado
2125,1189,LAT-07,"Lata Nupec Felino Kitten (Gatito) con Carne y Pollo Alimento húmedo",lata-nupec-felino-kitten-gatito-con-carne-y-pollo-alimento-humedo,https://artiani.com.mx/producto/lata-nupec-felino-kitten-gatito-con-carne-y-pollo-alimento-humedo,https://sys.artiani.com.mx/uploads/erp/catalogo/productos/1126/producto-1126-20260901130054-ca5c6be0.webp,si,NUPEC,"Gatos / Alimentacion / Alimentos",33,MXN,agotado
2126,1190,610879,"Lata Nupec Felino Urinary (Gato urinario) con Pescado y Arándanos Alimento húmedo 100 gr",lata-nupec-felino-urinary-gato-urinario-con-pescado-y-arandanos-alimento-humedo-100g,https://artiani.com.mx/producto/lata-nupec-felino-urinary-gato-urinario-con-pescado-y-arandanos-alimento-humedo-100g,https://sys.artiani.com.mx/media/apps/ecommerce/productos/1542/1758691333.png,si,NUPEC,"Gatos / Alimentacion / Alimentos",33,MXN,agotado
2122,1186,610866,"Lata Nupec Senior con Carne y Pollo Alimento húmedo 100 gr",lata-nupec-senior-con-carne-y-pollo-alimento-humedo-100g,https://artiani.com.mx/producto/lata-nupec-senior-con-carne-y-pollo-alimento-humedo-100g,https://sys.artiani.com.mx/media/apps/ecommerce/productos/1537/1758690851.png,si,NUPEC,"Gatos / Alimentacion / Alimentos",33,MXN,agotado
2123,1187,610869,"Lata Nupec Weight Control (Control de peso) con Carne y Pollo Alimento húmedo 100 gr",lata-nupec-weight-control-control-de-peso-con-carne-y-pollo-alimento-humedo-100g,https://artiani.com.mx/producto/lata-nupec-weight-control-control-de-peso-con-carne-y-pollo-alimento-humedo-100g,https://sys.artiani.com.mx/media/apps/ecommerce/productos/1538/1758690932.png,si,NUPEC,"Gatos / Alimentacion / Alimentos",33,MXN,agotado
2641,1766,A0140,"Levadura De Cerveza Para Aves Proteína 250g",levadura-de-cerveza-para-aves-proteina-250g,https://artiani.com.mx/producto/levadura-de-cerveza-para-aves-proteina-250g,https://sys.artiani.com.mx/uploads/erp/catalogo/productos/1548/producto-1548-20260725135733-f2686cc8.webp,si,ALAMAZONAS,"Aves / Alimentacion / Suplementos y vitaminas",110,MXN,agotado
1847,835,FL8896,"Limpiador de patas chico",limpiador-de-patas-chico,https://artiani.com.mx/producto/limpiador-de-patas-chico,https://sys.artiani.com.mx/media/apps/ecommerce/productos/1105/1711567292.jpg,si,"FANCY PETS","Perros / Salud e higiene / Prevencion y cuidado",240,MXN,agotado
1951,977,FL8897,"Limpiador de patas grande",limpiador-de-patas-grande,https://artiani.com.mx/producto/limpiador-de-patas-grande,https://sys.artiani.com.mx/media/apps/ecommerce/productos/1286/1716669097.jpg,si,"FANCY PETS","Perros / Salud e higiene / Higiene y limpieza",290,MXN,agotado
1689,625,FL8911,"Limpiador magnetico chico para peceras",limpiador-magnetico-chico-para-peceras,https://artiani.com.mx/producto/limpiador-magnetico-chico-para-peceras,https://sys.artiani.com.mx/media/apps/ecommerce/productos/746/1689186507.jpg,si,LOMAS,"Acuario y peces / Repuestos, aditamentos y accesorios / Accesorios generales",125,MXN,agotado
1657,588,FL8913,"Limpiador magnetico grande",limpiador-magnetico-grande,https://artiani.com.mx/producto/limpiador-magnetico-grande,https://sys.artiani.com.mx/media/apps/ecommerce/productos/688/1711665546.jpg,si,LOMAS,"Acuario y peces / Repuestos, aditamentos y accesorios / Accesorios generales",220,MXN,agotado
305,169,FL8912,"Limpiador magnetico mediano",limpiador-magnetico-mediano,https://artiani.com.mx/producto/limpiador-magnetico-mediano,https://sys.artiani.com.mx/media/apps/ecommerce/productos/37/1689169892.jpg,si,LOMAS,"Acuario y peces / Repuestos, aditamentos y accesorios / Accesorios generales",190,MXN,agotado
2244,1314,LLA-10,"Llavero 3D de beagle articulado",llavero-3d-de-beagle-articulado,https://artiani.com.mx/producto/llavero-3d-de-beagle-articulado,https://sys.artiani.com.mx/media/apps/ecommerce/productos/1687/1769092004.webp,si,,"Accesorios y productos generales / Llaveros de mascotas",50,MXN,agotado
2242,1312,LLA-08,"Llavero 3D de boxer articulado",llavero-3d-de-boxer-articulado,https://artiani.com.mx/producto/llavero-3d-de-boxer-articulado,https://sys.artiani.com.mx/media/apps/ecommerce/productos/1685/1769091571.webp,si,,"Accesorios y productos generales / Llaveros de mascotas",50,MXN,agotado
2297,1367,LLA-27,"Llavero 3D de buho articulado",llavero-3d-de-buho-articulado,https://artiani.com.mx/producto/llavero-3d-de-buho-articulado,https://sys.artiani.com.mx/media/apps/ecommerce/productos/1743/1769661368.webp,si,,"Accesorios y productos generales / Llaveros de mascotas",50,MXN,agotado
2247,1317,LLA-12,"Llavero 3D de bull terrier articulado",llavero-3d-de-bull-terrier-articulado,https://artiani.com.mx/producto/llavero-3d-de-bull-terrier-articulado,https://sys.artiani.com.mx/media/apps/ecommerce/productos/1690/1769093346.webp,si,,"Accesorios y productos generales / Llaveros de mascotas",50,MXN,agotado
2249,1319,LLA-12BM,"Llavero 3D de bull terrier articulado blanco con mancha",llavero-3d-de-bull-terrier-articulado-blanco-con-mancha,https://artiani.com.mx/producto/llavero-3d-de-bull-terrier-articulado-blanco-con-mancha,https://sys.artiani.com.mx/media/apps/ecommerce/productos/1692/1769093853.webp,si,,"Accesorios y productos generales / Llaveros de mascotas",50,MXN,agotado
2248,1318,LLA-12CG,"Llavero 3D de bull terrier articulado gris con cafe",llavero-3d-de-bull-terrier-articulado-gris-con-cafe,https://artiani.com.mx/producto/llavero-3d-de-bull-terrier-articulado-gris-con-cafe,https://sys.artiani.com.mx/media/apps/ecommerce/productos/1691/1769093660.webp,si,,"Accesorios y productos generales / Llaveros de mascotas",50,MXN,agotado
2250,1320,LLA-13,"Llavero 3D de bulldog frances articulado",llavero-3d-de-bulldog-frances-articulado,https://artiani.com.mx/producto/llavero-3d-de-bulldog-frances-articulado,https://sys.artiani.com.mx/media/apps/ecommerce/productos/1693/1769230118.webp,si,,"Accesorios y productos generales / Llaveros de mascotas",50,MXN,agotado
2271,1341,LLA-13B,"Llavero 3D de bulldog frances articulado blanco",llavero-3d-de-bulldog-frances-articulado-blanco,https://artiani.com.mx/producto/llavero-3d-de-bulldog-frances-articulado-blanco,https://sys.artiani.com.mx/media/apps/ecommerce/productos/1717/1769519378.webp,si,,"Accesorios y productos generales / Llaveros de mascotas",50,MXN,agotado
2272,1342,LLA-13BN,"Llavero 3D de bulldog frances articulado blanco mnchas negras",llavero-3d-de-bulldog-frances-articulado-blanco-mnchas-negras,https://artiani.com.mx/producto/llavero-3d-de-bulldog-frances-articulado-blanco-mnchas-negras,https://sys.artiani.com.mx/media/apps/ecommerce/productos/1718/1769519457.webp,si,,"Accesorios y productos generales / Llaveros de mascotas",50,MXN,agotado
2316,1386,LLA-13BCC,"Llavero 3D de bulldog frances articulado blanco toque cafe",llavero-3d-de-bulldog-frances-articulado-blanco-toque-cafe,https://artiani.com.mx/producto/llavero-3d-de-bulldog-frances-articulado-blanco-toque-cafe,https://sys.artiani.com.mx/media/apps/ecommerce/productos/1762/1770819953.webp,si,,"Accesorios y productos generales / Llaveros de mascotas",50,MXN,agotado
2313,1383,LLA-13CF,"Llavero 3D de bulldog frances articulado cafe",llavero-3d-de-bulldog-frances-articulado-cafe,https://artiani.com.mx/producto/llavero-3d-de-bulldog-frances-articulado-cafe,https://sys.artiani.com.mx/media/apps/ecommerce/productos/1759/1770819499.webp,si,,"Accesorios y productos generales / Llaveros de mascotas",50,MXN,agotado
2270,1340,LLA-13GBN,"Llavero 3D de bulldog frances articulado gris con blanco manchas negras",llavero-3d-de-bulldog-frances-articulado-gris-con-blanco-manchas-negras,https://artiani.com.mx/producto/llavero-3d-de-bulldog-frances-articulado-gris-con-blanco-manchas-negras,https://sys.artiani.com.mx/media/apps/ecommerce/productos/1716/1769519279.webp,si,,"Accesorios y productos generales / Llaveros de mascotas",50,MXN,agotado
2251,1321,LLA-13G,"Llavero 3D de bulldog frances articulado gris manchado",llavero-3d-de-bulldog-frances-articulado-gris-manchado,https://artiani.com.mx/producto/llavero-3d-de-bulldog-frances-articulado-gris-manchado,https://sys.artiani.com.mx/media/apps/ecommerce/productos/1694/1769230352.webp,si,,"Accesorios y productos generales / Llaveros de mascotas",50,MXN,agotado
2269,1339,LLA-13GB,"Llavero 3D de bulldog frances articulado gris pechito blanco",llavero-3d-de-bulldog-frances-articulado-gris-pechito-blanco,https://artiani.com.mx/producto/llavero-3d-de-bulldog-frances-articulado-gris-pechito-blanco,https://sys.artiani.com.mx/media/apps/ecommerce/productos/1715/1769519140.webp,si,,"Accesorios y productos generales / Llaveros de mascotas",50,MXN,agotado
2314,1384,LLA-13NC,"Llavero 3D de bulldog frances articulado negro manchas cafe",llavero-3d-de-bulldog-frances-articulado-negro-manchas-cafe,https://artiani.com.mx/producto/llavero-3d-de-bulldog-frances-articulado-negro-manchas-cafe,https://sys.artiani.com.mx/media/apps/ecommerce/productos/1760/1770819742.webp,si,,"Accesorios y productos generales / Llaveros de mascotas",50,MXN,agotado
2315,1385,LLA-13NPB,"Llavero 3D de bulldog frances articulado negro pecho blanco",llavero-3d-de-bulldog-frances-articulado-negro-pecho-blanco,https://artiani.com.mx/producto/llavero-3d-de-bulldog-frances-articulado-negro-pecho-blanco,https://sys.artiani.com.mx/media/apps/ecommerce/productos/1761/1770819843.webp,si,,"Accesorios y productos generales / Llaveros de mascotas",50,MXN,agotado
2338,1410,LLA-34,"Llavero 3D de bulldog ingles articulado cafe con blanco",llavero-3d-de-bulldog-ingles-articulado-cafe-con-blanco,https://artiani.com.mx/producto/llavero-3d-de-bulldog-ingles-articulado-cafe-con-blanco,https://sys.artiani.com.mx/media/apps/ecommerce/productos/1787/1772416270.webp,si,,"Accesorios y productos generales / Llaveros de mascotas",50,MXN,agotado
2400,1472,LLA-43,"Llavero 3D de cacatua articulado",llavero-3d-de-cacatua-articulado,https://artiani.com.mx/producto/llavero-3d-de-cacatua-articulado,https://sys.artiani.com.mx/media/apps/ecommerce/productos/1853/1774535792.webp,si,,"Accesorios y productos generales / Llaveros de mascotas",60,MXN,agotado
2404,1476,LLA-46,"Llavero 3D de cardenal pecho rojo articulado",llavero-3d-de-cardenal-pecho-rojo-articulado,https://artiani.com.mx/producto/llavero-3d-de-cardenal-pecho-rojo-articulado,https://sys.artiani.com.mx/media/apps/ecommerce/productos/1857/1774611265.webp,si,,"Accesorios y productos generales / Llaveros de mascotas",50,MXN,agotado
2236,1306,LLA-06,"Llavero 3D de Chihuahua articulado blanco",llavero-3d-de-chihuahua-articulado-blanco,https://artiani.com.mx/producto/llavero-3d-de-chihuahua-articulado-blanco,https://sys.artiani.com.mx/media/apps/ecommerce/productos/1679/1769089568.webp,si,,"Accesorios y productos generales / Llaveros de mascotas",50,MXN,agotado
2237,1307,LLA-06BC,"Llavero 3D de Chihuahua articulado blanco con cafe",llavero-3d-de-chihuahua-articulado-blanco-con-cafe,https://artiani.com.mx/producto/llavero-3d-de-chihuahua-articulado-blanco-con-cafe,https://sys.artiani.com.mx/media/apps/ecommerce/productos/1680/1769089679.webp,si,,"Accesorios y productos generales / Llaveros de mascotas",50,MXN,agotado
2278,1348,LLA-06CC,"Llavero 3D de Chihuahua articulado blanco con cafe",llavero-3d-de-chihuahua-articulado-blanco-con-cafe-lla-06cc,https://artiani.com.mx/producto/llavero-3d-de-chihuahua-articulado-blanco-con-cafe-lla-06cc,https://sys.artiani.com.mx/media/apps/ecommerce/productos/1724/1769522320.webp,si,,"Accesorios y productos generales / Llaveros de mascotas",50,MXN,agotado
2279,1349,LLA-06BN,"Llavero 3D de Chihuahua articulado blanco con negro",llavero-3d-de-chihuahua-articulado-blanco-con-negro,https://artiani.com.mx/producto/llavero-3d-de-chihuahua-articulado-blanco-con-negro,https://sys.artiani.com.mx/media/apps/ecommerce/productos/1725/1769522390.webp,si,,"Accesorios y productos generales / Llaveros de mascotas",50,MXN,agotado
2239,1309,LLA-06C,"Llavero 3D de Chihuahua articulado cafe claro",llavero-3d-de-chihuahua-articulado-cafe-claro,https://artiani.com.mx/producto/llavero-3d-de-chihuahua-articulado-cafe-claro,https://sys.artiani.com.mx/media/apps/ecommerce/productos/1682/1769090254.webp,si,,"Accesorios y productos generales / Llaveros de mascotas",50,MXN,agotado
2238,1308,LLA-06NC,"Llavero 3D de Chihuahua articulado negro con cafe",llavero-3d-de-chihuahua-articulado-negro-con-cafe,https://artiani.com.mx/producto/llavero-3d-de-chihuahua-articulado-negro-con-cafe,https://sys.artiani.com.mx/media/apps/ecommerce/productos/1681/1769089960.webp,si,,"Accesorios y productos generales / Llaveros de mascotas",50,MXN,agotado
2233,1303,LLA-04,"Llavero 3D de cocker spaniel articulado",llavero-3d-de-cocker-spaniel-articulado,https://artiani.com.mx/producto/llavero-3d-de-cocker-spaniel-articulado,https://sys.artiani.com.mx/media/apps/ecommerce/productos/1676/1769087159.webp,si,,"Accesorios y productos generales / Llaveros de mascotas",50,MXN,agotado
2277,1347,LLA-04BB,"Llavero 3D de cocker spaniel articulado beige",llavero-3d-de-cocker-spaniel-articulado-beige,https://artiani.com.mx/producto/llavero-3d-de-cocker-spaniel-articulado-beige,https://sys.artiani.com.mx/media/apps/ecommerce/productos/1723/1769521927.webp,si,,"Accesorios y productos generales / Llaveros de mascotas",50,MXN,agotado
2231,1301,LLA-04C,"Llavero 3D de cocker spaniel articulado café",llavero-3d-de-cocker-spaniel-articulado-cafe,https://artiani.com.mx/producto/llavero-3d-de-cocker-spaniel-articulado-cafe,https://sys.artiani.com.mx/media/apps/ecommerce/productos/1674/1769088345.webp,si,,"Accesorios y productos generales / Llaveros de mascotas",50,MXN,agotado
2276,1346,LLA-04CC,"Llavero 3D de cocker spaniel articulado café claro",llavero-3d-de-cocker-spaniel-articulado-cafe-claro,https://artiani.com.mx/producto/llavero-3d-de-cocker-spaniel-articulado-cafe-claro,https://sys.artiani.com.mx/media/apps/ecommerce/productos/1722/1769521847.webp,si,,"Accesorios y productos generales / Llaveros de mascotas",50,MXN,agotado
2232,1302,LLA-04CB,"Llavero 3D de cocker spaniel articulado café con blanco",llavero-3d-de-cocker-spaniel-articulado-cafe-con-blanco,https://artiani.com.mx/producto/llavero-3d-de-cocker-spaniel-articulado-cafe-con-blanco,https://sys.artiani.com.mx/media/apps/ecommerce/productos/1675/1769521719.webp,si,,"Accesorios y productos generales / Llaveros de mascotas",50,MXN,agotado
2337,1409,LLA-04NE,"Llavero 3D de cocker spaniel articulado negro",llavero-3d-de-cocker-spaniel-articulado-negro,https://artiani.com.mx/producto/llavero-3d-de-cocker-spaniel-articulado-negro,https://sys.artiani.com.mx/media/apps/ecommerce/productos/1786/1772415796.webp,si,,"Accesorios y productos generales / Llaveros de mascotas",50,MXN,agotado
2295,1365,LLA-25,"Llavero 3D de cocodrilo articulado",llavero-3d-de-cocodrilo-articulado,https://artiani.com.mx/producto/llavero-3d-de-cocodrilo-articulado,https://sys.artiani.com.mx/media/apps/ecommerce/productos/1741/1769661058.webp,si,,"Accesorios y productos generales / Llaveros de mascotas",50,MXN,agotado
2392,1464,LLA-35,"Llavero 3D de cocodrilo articulado",llavero-3d-de-cocodrilo-articulado-lla-35,https://artiani.com.mx/producto/llavero-3d-de-cocodrilo-articulado-lla-35,https://sys.artiani.com.mx/media/apps/ecommerce/productos/1845/1774530742.webp,si,,"Accesorios y productos generales / Llaveros de mascotas",50,MXN,agotado
2280,1350,LLA-20,"Llavero 3D de corgi galés articulado",llavero-3d-de-corgi-gales-articulado,https://artiani.com.mx/producto/llavero-3d-de-corgi-gales-articulado,https://sys.artiani.com.mx/media/apps/ecommerce/productos/1726/1769523029.webp,si,,"Accesorios y productos generales / Llaveros de mascotas",50,MXN,agotado
2399,1471,LLA-42,"Llavero 3D de cuervo articulado",llavero-3d-de-cuervo-articulado,https://artiani.com.mx/producto/llavero-3d-de-cuervo-articulado,https://sys.artiani.com.mx/media/apps/ecommerce/productos/1852/1774531973.webp,si,,"Accesorios y productos generales / Llaveros de mascotas",50,MXN,agotado
2300,1370,LLA-30,"Llavero 3D de cuyo articulado",llavero-3d-de-cuyo-articulado,https://artiani.com.mx/producto/llavero-3d-de-cuyo-articulado,https://sys.artiani.com.mx/media/apps/ecommerce/productos/1746/1769661712.webp,si,,"Accesorios y productos generales / Llaveros de mascotas",50,MXN,agotado
2321,1391,LLA-32OM,"Llavero 3D de dalmata articulado ojo manchado",llavero-3d-de-dalmata-articulado-ojo-manchado,https://artiani.com.mx/producto/llavero-3d-de-dalmata-articulado-ojo-manchado,https://sys.artiani.com.mx/media/apps/ecommerce/productos/1767/1771042160.webp,si,,"Accesorios y productos generales / Llaveros de mascotas",,,agotado
2320,1390,LLA-32,"Llavero 3D de dalmata articulado ojos negros",llavero-3d-de-dalmata-articulado-ojos-negros,https://artiani.com.mx/producto/llavero-3d-de-dalmata-articulado-ojos-negros,https://sys.artiani.com.mx/media/apps/ecommerce/productos/1766/1771041654.webp,si,,"Accesorios y productos generales / Llaveros de mascotas",,,agotado
2322,1392,LLA-32ON,"Llavero 3D de dalmata articulado orejas negras",llavero-3d-de-dalmata-articulado-orejas-negras,https://artiani.com.mx/producto/llavero-3d-de-dalmata-articulado-orejas-negras,https://sys.artiani.com.mx/media/apps/ecommerce/productos/1768/1771042293.webp,si,,"Accesorios y productos generales / Llaveros de mascotas",,,agotado
2293,1363,LLA-23,"Llavero 3D de dragon barbudo (pogona) articulado beige",llavero-3d-de-dragon-barbudo-pogona-articulado-beige,https://artiani.com.mx/producto/llavero-3d-de-dragon-barbudo-pogona-articulado-beige,https://sys.artiani.com.mx/media/apps/ecommerce/productos/1739/1769660601.webp,si,,"Accesorios y productos generales / Llaveros de mascotas",50,MXN,agotado
2301,1371,LLA-31,"Llavero 3D de erizo articulado",llavero-3d-de-erizo-articulado,https://artiani.com.mx/producto/llavero-3d-de-erizo-articulado,https://sys.artiani.com.mx/media/apps/ecommerce/productos/1747/1769661828.webp,si,,"Accesorios y productos generales / Llaveros de mascotas",50,MXN,agotado
2259,1329,LLA-15,"Llavero 3D de frensh poodle articulado",llavero-3d-de-frensh-poodle-articulado,https://artiani.com.mx/producto/llavero-3d-de-frensh-poodle-articulado,https://sys.artiani.com.mx/media/apps/ecommerce/productos/1703/1769436841.webp,si,,"Accesorios y productos generales / Llaveros de mascotas",50,MXN,agotado
2329,1401,LLA-15BE,"Llavero 3D de frensh poodle articulado beige",llavero-3d-de-frensh-poodle-articulado-beige,https://artiani.com.mx/producto/llavero-3d-de-frensh-poodle-articulado-beige,https://sys.artiani.com.mx/media/apps/ecommerce/productos/1777/1771854563.webp,si,,"Accesorios y productos generales / Llaveros de mascotas",50,MXN,agotado
2336,1408,LLA-15NE,"Llavero 3D de frensh poodle articulado negro",llavero-3d-de-frensh-poodle-articulado-negro,https://artiani.com.mx/producto/llavero-3d-de-frensh-poodle-articulado-negro,https://sys.artiani.com.mx/media/apps/ecommerce/productos/1785/1772415637.webp,si,,"Accesorios y productos generales / Llaveros de mascotas",50,MXN,agotado
2318,1388,LLA-15BN,"Llavero 3D de frensh poodle articulado oreja negras",llavero-3d-de-frensh-poodle-articulado-oreja-negras,https://artiani.com.mx/producto/llavero-3d-de-frensh-poodle-articulado-oreja-negras,https://sys.artiani.com.mx/media/apps/ecommerce/productos/1764/1771041109.webp,si,,"Accesorios y productos generales / Llaveros de mascotas",50,MXN,agotado
2252,1322,LLA-14,"Llavero 3D de gato articulado",llavero-3d-de-gato-articulado,https://artiani.com.mx/producto/llavero-3d-de-gato-articulado,https://sys.artiani.com.mx/media/apps/ecommerce/productos/1695/1769230655.webp,si,,"Accesorios y productos generales / Llaveros de mascotas",50,MXN,agotado
2619,1731,LLAG-AOBO,"Llavero 3D de gato articulado amarillo con blanco",llavero-3d-de-gato-articulado-amarillo-con-blanco,https://artiani.com.mx/producto/llavero-3d-de-gato-articulado-amarillo-con-blanco,https://sys.artiani.com.mx/media/apps/ecommerce/productos/1698/1769231372.webp,si,,"Accesorios y productos generales / Llaveros de mascotas",50,MXN,agotado
2254,1324,LLA-14BE,"Llavero 3D de gato articulado beige",llavero-3d-de-gato-articulado-beige,https://artiani.com.mx/producto/llavero-3d-de-gato-articulado-beige,https://sys.artiani.com.mx/media/apps/ecommerce/productos/1697/1769231100.webp,si,,"Accesorios y productos generales / Llaveros de mascotas",50,MXN,agotado
2281,1351,LLA-14B,"Llavero 3D de gato articulado blanco",llavero-3d-de-gato-articulado-blanco,https://artiani.com.mx/producto/llavero-3d-de-gato-articulado-blanco,https://sys.artiani.com.mx/media/apps/ecommerce/productos/1727/1769523325.webp,si,,"Accesorios y productos generales / Llaveros de mascotas",50,MXN,agotado
2284,1354,LLA-14BG,"Llavero 3D de gato articulado blanco con gris",llavero-3d-de-gato-articulado-blanco-con-gris,https://artiani.com.mx/producto/llavero-3d-de-gato-articulado-blanco-con-gris,https://sys.artiani.com.mx/media/apps/ecommerce/productos/1730/1769523717.webp,si,,"Accesorios y productos generales / Llaveros de mascotas",50,MXN,agotado
2282,1352,LLA-14BN,"Llavero 3D de gato articulado blanco con negro",llavero-3d-de-gato-articulado-blanco-con-negro,https://artiani.com.mx/producto/llavero-3d-de-gato-articulado-blanco-con-negro,https://sys.artiani.com.mx/media/apps/ecommerce/productos/1728/1769523544.webp,si,,"Accesorios y productos generales / Llaveros de mascotas",50,MXN,agotado
2620,1732,LLAG-BOMN,"Llavero 3D de gato articulado blanco manchas naranjas",llavero-3d-de-gato-articulado-blanco-manchas-naranjas,https://artiani.com.mx/producto/llavero-3d-de-gato-articulado-blanco-manchas-naranjas,https://sys.artiani.com.mx/media/apps/ecommerce/productos/1698/1769231372.webp,si,,"Accesorios y productos generales / Llaveros de mascotas",50,MXN,agotado
2257,1327,LLA-14G,"Llavero 3D de gato articulado gris",llavero-3d-de-gato-articulado-gris,https://artiani.com.mx/producto/llavero-3d-de-gato-articulado-gris,https://sys.artiani.com.mx/media/apps/ecommerce/productos/1701/1769232131.webp,si,,"Accesorios y productos generales / Llaveros de mascotas",50,MXN,agotado
2283,1353,LLA-14GR,"Llavero 3D de gato articulado gris con rayas",llavero-3d-de-gato-articulado-gris-con-rayas,https://artiani.com.mx/producto/llavero-3d-de-gato-articulado-gris-con-rayas,https://sys.artiani.com.mx/media/apps/ecommerce/productos/1729/1769523622.webp,si,,"Accesorios y productos generales / Llaveros de mascotas",50,MXN,agotado
2286,1356,LLA-14MAN,"Llavero 3D de gato articulado manchado amarillo",llavero-3d-de-gato-articulado-manchado-amarillo,https://artiani.com.mx/producto/llavero-3d-de-gato-articulado-manchado-amarillo,https://sys.artiani.com.mx/media/apps/ecommerce/productos/1732/1769523896.webp,si,,"Accesorios y productos generales / Llaveros de mascotas",50,MXN,agotado
2285,1355,LLA-14BAN,"Llavero 3D de gato articulado mascara negra",llavero-3d-de-gato-articulado-mascara-negra,https://artiani.com.mx/producto/llavero-3d-de-gato-articulado-mascara-negra,https://sys.artiani.com.mx/media/apps/ecommerce/productos/1731/1769523799.webp,si,,"Accesorios y productos generales / Llaveros de mascotas",50,MXN,agotado
2258,1328,LLA-14NC,"Llavero 3D de gato articulado naranja con cafe",llavero-3d-de-gato-articulado-naranja-con-cafe,https://artiani.com.mx/producto/llavero-3d-de-gato-articulado-naranja-con-cafe,https://sys.artiani.com.mx/media/apps/ecommerce/productos/1702/1769232304.webp,si,,"Accesorios y productos generales / Llaveros de mascotas",50,MXN,agotado
2255,1325,LLA-14NB,"Llavero 3D de gato articulado negro con blanco",llavero-3d-de-gato-articulado-negro-con-blanco,https://artiani.com.mx/producto/llavero-3d-de-gato-articulado-negro-con-blanco,https://sys.artiani.com.mx/media/apps/ecommerce/productos/1699/1769231682.webp,si,,"Accesorios y productos generales / Llaveros de mascotas",50,MXN,agotado
2253,1323,LLA-14PI,"Llavero 3D de gato articulado pinteado",llavero-3d-de-gato-articulado-pinteado,https://artiani.com.mx/producto/llavero-3d-de-gato-articulado-pinteado,https://sys.artiani.com.mx/media/apps/ecommerce/productos/1696/1769230901.webp,si,,"Accesorios y productos generales / Llaveros de mascotas",50,MXN,agotado
2287,1357,LLA-21,"Llavero 3D de gato egipcio o esfinge articulado",llavero-3d-de-gato-egipcio-o-esfinge-articulado,https://artiani.com.mx/producto/llavero-3d-de-gato-egipcio-o-esfinge-articulado,https://sys.artiani.com.mx/media/apps/ecommerce/productos/1733/1769524190.webp,si,,"Accesorios y productos generales / Llaveros de mascotas",50,MXN,agotado
2319,1389,LLA-21G,"Llavero 3D de gato egipcio o esfinge articulado gris",llavero-3d-de-gato-egipcio-o-esfinge-articulado-gris,https://artiani.com.mx/producto/llavero-3d-de-gato-egipcio-o-esfinge-articulado-gris,https://sys.artiani.com.mx/media/apps/ecommerce/productos/1765/1771041244.webp,si,,"Accesorios y productos generales / Llaveros de mascotas",50,MXN,agotado
2294,1364,LLA-24,"Llavero 3D de gecko leopardo articulado",llavero-3d-de-gecko-leopardo-articulado,https://artiani.com.mx/producto/llavero-3d-de-gecko-leopardo-articulado,https://sys.artiani.com.mx/media/apps/ecommerce/productos/1740/1769660900.webp,si,,"Accesorios y productos generales / Llaveros de mascotas",50,MXN,agotado
2245,1315,LLA-11,"Llavero 3D de golden retriever articulado",llavero-3d-de-golden-retriever-articulado,https://artiani.com.mx/producto/llavero-3d-de-golden-retriever-articulado,https://sys.artiani.com.mx/media/apps/ecommerce/productos/1688/1769092239.webp,si,,"Accesorios y productos generales / Llaveros de mascotas",50,MXN,agotado
2246,1316,LLA-11B,"Llavero 3D de golden retriever articulado beige",llavero-3d-de-golden-retriever-articulado-beige,https://artiani.com.mx/producto/llavero-3d-de-golden-retriever-articulado-beige,https://sys.artiani.com.mx/media/apps/ecommerce/productos/1689/1769092691.webp,si,,"Accesorios y productos generales / Llaveros de mascotas",50,MXN,agotado
2401,1473,LLA-44,"Llavero 3D de guacamalla articulado",llavero-3d-de-guacamalla-articulado,https://artiani.com.mx/producto/llavero-3d-de-guacamalla-articulado,https://sys.artiani.com.mx/media/apps/ecommerce/productos/1854/1774536300.webp,si,,"Accesorios y productos generales / Llaveros de mascotas",60,MXN,agotado
2299,1369,LLA-29,"Llavero 3D de huron articulado",llavero-3d-de-huron-articulado,https://artiani.com.mx/producto/llavero-3d-de-huron-articulado,https://sys.artiani.com.mx/media/apps/ecommerce/productos/1745/1769661595.webp,si,,"Accesorios y productos generales / Llaveros de mascotas",60,MXN,agotado
2240,1310,LLA-07,"Llavero 3D de husky siberanio articulado",llavero-3d-de-husky-siberanio-articulado,https://artiani.com.mx/producto/llavero-3d-de-husky-siberanio-articulado,https://sys.artiani.com.mx/media/apps/ecommerce/productos/1683/1769091071.webp,si,,"Accesorios y productos generales / Llaveros de mascotas",50,MXN,agotado
2241,1311,LLA-07B,"Llavero 3D de husky siberanio articulado blanco",llavero-3d-de-husky-siberanio-articulado-blanco,https://artiani.com.mx/producto/llavero-3d-de-husky-siberanio-articulado-blanco,https://sys.artiani.com.mx/media/apps/ecommerce/productos/1684/1769091365.webp,si,,"Accesorios y productos generales / Llaveros de mascotas",50,MXN,agotado
2274,1344,LLA-07BC,"Llavero 3D de husky siberanio articulado blanco con cafe",llavero-3d-de-husky-siberanio-articulado-blanco-con-cafe,https://artiani.com.mx/producto/llavero-3d-de-husky-siberanio-articulado-blanco-con-cafe,https://sys.artiani.com.mx/media/apps/ecommerce/productos/1720/1774613955.webp,si,,"Accesorios y productos generales / Llaveros de mascotas",50,MXN,agotado
2273,1343,LLA-07BN,"Llavero 3D de husky siberanio articulado blanco con negro ojo azul",llavero-3d-de-husky-siberanio-articulado-blanco-con-negro-ojo-azul,https://artiani.com.mx/producto/llavero-3d-de-husky-siberanio-articulado-blanco-con-negro-ojo-azul,https://sys.artiani.com.mx/media/apps/ecommerce/productos/1719/1769519762.webp,si,,"Accesorios y productos generales / Llaveros de mascotas",50,MXN,agotado
2298,1368,LLA-28,"Llavero 3D de iguana articulado",llavero-3d-de-iguana-articulado,https://artiani.com.mx/producto/llavero-3d-de-iguana-articulado,https://sys.artiani.com.mx/media/apps/ecommerce/productos/1744/1769661478.webp,si,,"Accesorios y productos generales / Llaveros de mascotas",50,MXN,agotado
2403,1475,LLA-45AZ,"Llavero 3D de loro azul articulado",llavero-3d-de-loro-azul-articulado,https://artiani.com.mx/producto/llavero-3d-de-loro-azul-articulado,https://sys.artiani.com.mx/media/apps/ecommerce/productos/1856/1774536539.webp,si,,"Accesorios y productos generales / Llaveros de mascotas",50,MXN,agotado
2402,1474,LLA-45,"Llavero 3D de loro verde articulado",llavero-3d-de-loro-verde-articulado,https://artiani.com.mx/producto/llavero-3d-de-loro-verde-articulado,https://sys.artiani.com.mx/media/apps/ecommerce/productos/1855/1774536402.webp,si,,"Accesorios y productos generales / Llaveros de mascotas",50,MXN,agotado
2243,1313,LLA-09,"Llavero 3D de pastor alemán articulado",llavero-3d-de-pastor-aleman-articulado,https://artiani.com.mx/producto/llavero-3d-de-pastor-aleman-articulado,https://sys.artiani.com.mx/media/apps/ecommerce/productos/1686/1769091766.webp,si,,"Accesorios y productos generales / Llaveros de mascotas",50,MXN,agotado
2296,1366,LLA-26,"Llavero 3D de pato articulado",llavero-3d-de-pato-articulado,https://artiani.com.mx/producto/llavero-3d-de-pato-articulado,https://sys.artiani.com.mx/media/apps/ecommerce/productos/1742/1769662104.webp,si,,"Accesorios y productos generales / Llaveros de mascotas",50,MXN,agotado
2395,1467,LLA-38,"Llavero 3D de pez carpa articulado",llavero-3d-de-pez-carpa-articulado,https://artiani.com.mx/producto/llavero-3d-de-pez-carpa-articulado,https://sys.artiani.com.mx/media/apps/ecommerce/productos/1848/1774531515.webp,si,,"Accesorios y productos generales / Llaveros de mascotas",50,MXN,agotado
2397,1469,LLA-40,"Llavero 3D de pez cirujano Azul articulado",llavero-3d-de-pez-cirujano-azul-articulado,https://artiani.com.mx/producto/llavero-3d-de-pez-cirujano-azul-articulado,https://sys.artiani.com.mx/media/apps/ecommerce/productos/1850/1774531749.webp,si,,"Accesorios y productos generales / Llaveros de mascotas",,,agotado
2396,1468,LLA-39,"Llavero 3D de pez japones articulado",llavero-3d-de-pez-japones-articulado,https://artiani.com.mx/producto/llavero-3d-de-pez-japones-articulado,https://sys.artiani.com.mx/media/apps/ecommerce/productos/1849/1774531604.webp,si,,"Accesorios y productos generales / Llaveros de mascotas",,,agotado
2398,1470,LLA-41,"Llavero 3D de pez payaso articulado",llavero-3d-de-pez-payaso-articulado,https://artiani.com.mx/producto/llavero-3d-de-pez-payaso-articulado,https://sys.artiani.com.mx/media/apps/ecommerce/productos/1851/1774531845.webp,si,,"Accesorios y productos generales / Llaveros de mascotas",,,agotado
2262,1332,LLA-17C,"Llavero 3D de pit bull terrier articulado cafe",llavero-3d-de-pit-bull-terrier-articulado-cafe,https://artiani.com.mx/producto/llavero-3d-de-pit-bull-terrier-articulado-cafe,https://sys.artiani.com.mx/media/apps/ecommerce/productos/1706/1769517551.webp,si,,"Accesorios y productos generales / Llaveros de mascotas",50,MXN,agotado
2263,1333,LLA-17G,"Llavero 3D de pit bull terrier articulado gris",llavero-3d-de-pit-bull-terrier-articulado-gris,https://artiani.com.mx/producto/llavero-3d-de-pit-bull-terrier-articulado-gris,https://sys.artiani.com.mx/media/apps/ecommerce/productos/1707/1769517658.webp,si,,"Accesorios y productos generales / Llaveros de mascotas",50,MXN,agotado
2331,1403,LLA-17GR,"Llavero 3D de pit bull terrier articulado gris",llavero-3d-de-pit-bull-terrier-articulado-gris-lla-17gr,https://artiani.com.mx/producto/llavero-3d-de-pit-bull-terrier-articulado-gris-lla-17gr,https://sys.artiani.com.mx/media/apps/ecommerce/productos/1779/1771854880.webp,si,,"Accesorios y productos generales / Llaveros de mascotas",50,MXN,agotado
2261,1331,LLA-17,"Llavero 3D de pit bull terrier articulado negro",llavero-3d-de-pit-bull-terrier-articulado-negro,https://artiani.com.mx/producto/llavero-3d-de-pit-bull-terrier-articulado-negro,https://sys.artiani.com.mx/media/apps/ecommerce/productos/1705/1769517329.webp,si,,"Accesorios y productos generales / Llaveros de mascotas",50,MXN,agotado
2223,1293,LLA-01,"Llavero 3D de pomerania articulado",llavero-3d-de-pomerania-articulado,https://artiani.com.mx/producto/llavero-3d-de-pomerania-articulado,https://sys.artiani.com.mx/media/apps/ecommerce/productos/1666/1769083880.webp,si,,"Accesorios y productos generales / Llaveros de mascotas",50,MXN,agotado
2256,1326,LLA-14NM,"Llavero 3D de pomerania articulado mancha naranja",llavero-3d-de-pomerania-articulado-mancha-naranja,https://artiani.com.mx/producto/llavero-3d-de-pomerania-articulado-mancha-naranja,https://sys.artiani.com.mx/media/apps/ecommerce/productos/1700/1769231961.webp,si,,"Accesorios y productos generales / Llaveros de mascotas",50,MXN,agotado
2332,1404,LLA-01NE,"Llavero 3D de pomerania articulado negro",llavero-3d-de-pomerania-articulado-negro,https://artiani.com.mx/producto/llavero-3d-de-pomerania-articulado-negro,https://sys.artiani.com.mx/media/apps/ecommerce/productos/1780/1771855310.webp,si,,"Accesorios y productos generales / Llaveros de mascotas",50,MXN,agotado
2224,1294,LLA-01C,"Llavero 3D de pomerania cafe articulado",llavero-3d-de-pomerania-cafe-articulado,https://artiani.com.mx/producto/llavero-3d-de-pomerania-cafe-articulado,https://sys.artiani.com.mx/media/apps/ecommerce/productos/1667/1769084677.webp,si,,"Accesorios y productos generales / Llaveros de mascotas",50,MXN,agotado
2225,1295,LLA-01cb,"Llavero 3D de pomerania cafe con blanco articulado",llavero-3d-de-pomerania-cafe-con-blanco-articulado,https://artiani.com.mx/producto/llavero-3d-de-pomerania-cafe-con-blanco-articulado,https://sys.artiani.com.mx/media/apps/ecommerce/productos/1668/1769084871.webp,si,,"Accesorios y productos generales / Llaveros de mascotas",50,MXN,agotado
2265,1335,LLA-18G,"Llavero 3D de pug articulado gris",llavero-3d-de-pug-articulado-gris,https://artiani.com.mx/producto/llavero-3d-de-pug-articulado-gris,https://sys.artiani.com.mx/media/apps/ecommerce/productos/1709/1769517924.webp,si,,"Accesorios y productos generales / Llaveros de mascotas",50,MXN,agotado
2621,1733,LLAP-PUG-NO,"Llavero 3D de pug articulado negro",llavero-3d-de-pug-articulado-negro,https://artiani.com.mx/producto/llavero-3d-de-pug-articulado-negro,https://sys.artiani.com.mx/media/apps/ecommerce/productos/1711/1769518102.webp,si,,"Accesorios y productos generales / Llaveros de mascotas",50,MXN,agotado
2264,1334,LLA-18,"Llavero 3D de pug terrier articulado beige",llavero-3d-de-pug-terrier-articulado-beige,https://artiani.com.mx/producto/llavero-3d-de-pug-terrier-articulado-beige,https://sys.artiani.com.mx/media/apps/ecommerce/productos/1708/1769517799.webp,si,,"Accesorios y productos generales / Llaveros de mascotas",50,MXN,agotado
2393,1465,LLA-36,"Llavero 3D de rana articulado",llavero-3d-de-rana-articulado,https://artiani.com.mx/producto/llavero-3d-de-rana-articulado,https://sys.artiani.com.mx/media/apps/ecommerce/productos/1846/1774530927.webp,si,,"Accesorios y productos generales / Llaveros de mascotas",50,MXN,agotado
2333,1405,LLA-33,"Llavero 3D de rottweiller articulado negro",llavero-3d-de-rottweiller-articulado-negro,https://artiani.com.mx/producto/llavero-3d-de-rottweiller-articulado-negro,https://sys.artiani.com.mx/media/apps/ecommerce/productos/1782/1771856199.webp,si,,"Accesorios y productos generales / Llaveros de mascotas",50,MXN,agotado
2229,1299,LLA-03,"Llavero 3D de salchicha articulado",llavero-3d-de-salchicha-articulado,https://artiani.com.mx/producto/llavero-3d-de-salchicha-articulado,https://sys.artiani.com.mx/media/apps/ecommerce/productos/1672/1769086219.webp,si,,"Accesorios y productos generales / Llaveros de mascotas",50,MXN,agotado
2230,1300,LLA-03nc,"Llavero 3D de salchicha negro con cafe articulado",llavero-3d-de-salchicha-negro-con-cafe-articulado,https://artiani.com.mx/producto/llavero-3d-de-salchicha-negro-con-cafe-articulado,https://sys.artiani.com.mx/media/apps/ecommerce/productos/1673/1769086416.webp,si,,"Accesorios y productos generales / Llaveros de mascotas",50,MXN,agotado
2268,1338,LLA-05B,"Llavero 3D de Schnauzer articulado blanco",llavero-3d-de-schnauzer-articulado-blanco,https://artiani.com.mx/producto/llavero-3d-de-schnauzer-articulado-blanco,https://sys.artiani.com.mx/media/apps/ecommerce/productos/1714/1769518777.webp,si,,"Accesorios y productos generales / Llaveros de mascotas",50,MXN,agotado
2226,1296,LLA-05,"Llavero 3D de Schnauzer articulado gris con blanco",llavero-3d-de-schnauzer-articulado-gris-con-blanco,https://artiani.com.mx/producto/llavero-3d-de-schnauzer-articulado-gris-con-blanco,https://sys.artiani.com.mx/media/apps/ecommerce/productos/1669/1769088950.webp,si,,"Accesorios y productos generales / Llaveros de mascotas",50,MXN,agotado
2235,1305,LLA-05N,"Llavero 3D de Schnauzer articulado negro",llavero-3d-de-schnauzer-articulado-negro,https://artiani.com.mx/producto/llavero-3d-de-schnauzer-articulado-negro,https://sys.artiani.com.mx/media/apps/ecommerce/productos/1678/1769089057.webp,si,,"Accesorios y productos generales / Llaveros de mascotas",50,MXN,agotado
2234,1304,LLA-05NB,"Llavero 3D de Schnauzer articulado negro con beige",llavero-3d-de-schnauzer-articulado-negro-con-beige,https://artiani.com.mx/producto/llavero-3d-de-schnauzer-articulado-negro-con-beige,https://sys.artiani.com.mx/media/apps/ecommerce/productos/1677/1769088721.webp,si,,"Accesorios y productos generales / Llaveros de mascotas",50,MXN,agotado
2291,1361,LLA-22,"Llavero 3D de serpiente articulado",llavero-3d-de-serpiente-articulado,https://artiani.com.mx/producto/llavero-3d-de-serpiente-articulado,https://sys.artiani.com.mx/media/apps/ecommerce/productos/1737/1769660249.webp,si,,"Accesorios y productos generales / Llaveros de mascotas",60,MXN,agotado
2292,1362,LLA-22B,"Llavero 3D de serpiente articulado beige",llavero-3d-de-serpiente-articulado-beige,https://artiani.com.mx/producto/llavero-3d-de-serpiente-articulado-beige,https://sys.artiani.com.mx/media/apps/ecommerce/productos/1738/1769660374.webp,si,,"Accesorios y productos generales / Llaveros de mascotas",60,MXN,agotado
2227,1297,LLA-02,"Llavero 3D de shih tzu articulado",llavero-3d-de-shih-tzu-articulado,https://artiani.com.mx/producto/llavero-3d-de-shih-tzu-articulado,https://sys.artiani.com.mx/media/apps/ecommerce/productos/1670/1769085692.webp,si,,"Accesorios y productos generales / Llaveros de mascotas",50,MXN,agotado
2275,1345,LLA-02BE,"Llavero 3D de shih tzu articulado beige",llavero-3d-de-shih-tzu-articulado-beige,https://artiani.com.mx/producto/llavero-3d-de-shih-tzu-articulado-beige,https://sys.artiani.com.mx/media/apps/ecommerce/productos/1721/1769520708.webp,si,,"Accesorios y productos generales / Llaveros de mascotas",50,MXN,agotado
2330,1402,LLA-02NE,"Llavero 3D de shih tzu articulado negro",llavero-3d-de-shih-tzu-articulado-negro,https://artiani.com.mx/producto/llavero-3d-de-shih-tzu-articulado-negro,https://sys.artiani.com.mx/media/apps/ecommerce/productos/1778/1771854728.webp,si,,"Accesorios y productos generales / Llaveros de mascotas",50,MXN,agotado
2228,1298,LLA-02bn,"Llavero 3D de shih tzu blanco con negro articulado",llavero-3d-de-shih-tzu-blanco-con-negro-articulado,https://artiani.com.mx/producto/llavero-3d-de-shih-tzu-blanco-con-negro-articulado,https://sys.artiani.com.mx/media/apps/ecommerce/productos/1671/1769085684.webp,si,,"Accesorios y productos generales / Llaveros de mascotas",50,MXN,agotado
2394,1466,LLA-37,"Llavero 3D de tortuga articulado",llavero-3d-de-tortuga-articulado,https://artiani.com.mx/producto/llavero-3d-de-tortuga-articulado,https://sys.artiani.com.mx/media/apps/ecommerce/productos/1847/1774531019.webp,si,,"Accesorios y productos generales / Llaveros de mascotas",50,MXN,agotado
2267,1337,LLA-19BB,"Llavero 3D de yorkie terrier articulado beige",llavero-3d-de-yorkie-terrier-articulado-beige,https://artiani.com.mx/producto/llavero-3d-de-yorkie-terrier-articulado-beige,https://sys.artiani.com.mx/media/apps/ecommerce/productos/1713/1769518488.webp,si,,"Accesorios y productos generales / Llaveros de mascotas",50,MXN,agotado
2266,1336,LLA-19,"Llavero 3D de yorkie terrier articulado negro",llavero-3d-de-yorkie-terrier-articulado-negro,https://artiani.com.mx/producto/llavero-3d-de-yorkie-terrier-articulado-negro,https://sys.artiani.com.mx/media/apps/ecommerce/productos/1712/1769518376.webp,si,,"Accesorios y productos generales / Llaveros de mascotas",50,MXN,agotado
2260,1330,LLA-16,"Llavero 3D pastor belga de articulado",llavero-3d-pastor-belga-de-articulado,https://artiani.com.mx/producto/llavero-3d-pastor-belga-de-articulado,https://sys.artiani.com.mx/media/apps/ecommerce/productos/1704/1769437039.webp,si,,"Accesorios y productos generales / Llaveros de mascotas",50,MXN,agotado
2317,1387,LLA-16CN,"Llavero 3D pastor belga de articulado manchas negras",llavero-3d-pastor-belga-de-articulado-manchas-negras,https://artiani.com.mx/producto/llavero-3d-pastor-belga-de-articulado-manchas-negras,https://sys.artiani.com.mx/media/apps/ecommerce/productos/1763/1770820352.webp,si,,"Accesorios y productos generales / Llaveros de mascotas",50,MXN,agotado
1665,596,FL3776,"Locion repelente amarga stay away 125 ml",locion-repelente-amarga-stay-away-125ml,https://artiani.com.mx/producto/locion-repelente-amarga-stay-away-125ml,https://sys.artiani.com.mx/media/apps/ecommerce/productos/698/1706732224.jpg,si,"FANCY PETS","Perros / Salud e higiene / Prevencion y cuidado",50,MXN,agotado
2076,1123,MOC-08,"Maletin mochila huella chica",maletin-mochila-huella-chica,https://artiani.com.mx/producto/maletin-mochila-huella-chica,https://sys.artiani.com.mx/media/apps/ecommerce/productos/1467/1758139751.webp,si,,"Gatos / Transporte, paseo y entrenamiento / Mochilas transportadoras",,,agotado
2079,1126,MOC-09,"Maletin mochila huella mediana",maletin-mochila-huella-mediana,https://artiani.com.mx/producto/maletin-mochila-huella-mediana,https://sys.artiani.com.mx/media/apps/ecommerce/productos/1470/1758139758.webp,si,,"Gatos / Transporte, paseo y entrenamiento / Mochilas transportadoras",,,agotado
2080,1127,MOC-10,"Maletin mochila liu",maletin-mochila-liu,https://artiani.com.mx/producto/maletin-mochila-liu,https://sys.artiani.com.mx/media/apps/ecommerce/productos/1471/1749477748.webp,si,,,,,agotado
1836,824,50629,"Mano masajeadora punta metal (cepi)",mano-masajeadora-punta-metal-cepi,https://artiani.com.mx/producto/mano-masajeadora-punta-metal-cepi,https://sys.artiani.com.mx/media/apps/ecommerce/productos/1094/1711217389.jpg,si,"ECO PET","Perros / Salud e higiene / Prevencion y cuidado",90,MXN,agotado
317,217,OP-2,"Mascotera plastico chica",mascotera-plastico-chica,https://artiani.com.mx/producto/mascotera-plastico-chica,https://sys.artiani.com.mx/media/apps/ecommerce/productos/106/1691243989.jpg,si,"OCEAN AQUA","Pequenos mamiferos / Hamster / Transporte",75,MXN,agotado
1624,544,OP-5,"Mascotera plastico extragrande",mascotera-plastico-extragrande,https://artiani.com.mx/producto/mascotera-plastico-extragrande,https://sys.artiani.com.mx/media/apps/ecommerce/productos/614/1691503837.jpg,si,"OCEAN AQUA","Pequenos mamiferos / Hamster / Transporte",270,MXN,agotado
397,406,OP-4,"Mascotera plastico grande",mascotera-plastico-grande,https://artiani.com.mx/producto/mascotera-plastico-grande,https://sys.artiani.com.mx/media/apps/ecommerce/productos/401/1691502852.jpg,si,"OCEAN AQUA","Pequenos mamiferos / Hamster / Transporte",140,MXN,agotado
391,396,OP-3,"Mascotera plastico mediana",mascotera-plastico-mediana,https://artiani.com.mx/producto/mascotera-plastico-mediana,https://sys.artiani.com.mx/media/apps/ecommerce/productos/387/1691244828.jpg,si,"OCEAN AQUA","Pequenos mamiferos / Hamster / Transporte",95,MXN,agotado
313,207,OP-1,"Mascotera plastico mini",mascotera-plastico-mini,https://artiani.com.mx/producto/mascotera-plastico-mini,https://sys.artiani.com.mx/media/apps/ecommerce/productos/85/1691157475.jpg,si,"OCEAN AQUA","Pequenos mamiferos / Hamster / Transporte",55,MXN,agotado
1911,915,MAT-01,"Maternidad chica",maternidad-chica,https://artiani.com.mx/producto/maternidad-chica,https://sys.artiani.com.mx/media/apps/ecommerce/productos/1198/1713314891.jpg,si,AZUL,"Acuario y peces / Repuestos, aditamentos y accesorios / Accesorios generales",55,MXN,agotado
1912,916,MAT-02,"Maternidad mediana",maternidad-mediana,https://artiani.com.mx/producto/maternidad-mediana,https://sys.artiani.com.mx/media/apps/ecommerce/productos/1199/1713314896.jpg,si,AZUL,"Acuario y peces / Repuestos, aditamentos y accesorios / Accesorios generales",65,MXN,agotado
94,1374,FL8652,"Medusa fluorescente grande para acuario colores surtidos",medusa-fluorescente-grande-para-acuario-colores-surtidos,https://artiani.com.mx/producto/medusa-fluorescente-grande-para-acuario-colores-surtidos,https://sys.artiani.com.mx/media/apps/ecommerce/productos/1750/1769864473.webp,si,LOMAS,"Acuario y peces / Decoracion y ambientacion / Decoracion para peces",135,MXN,consultar_disponibilidad
1777,755,SH-230415,"Mendel bebedero comedero",mendel-bebedero-comedero,https://artiani.com.mx/producto/mendel-bebedero-comedero,https://sys.artiani.com.mx/media/apps/ecommerce/productos/911/1699707481.jpg,si,"SAKURA PETTO","Perros / Alimentacion / Comederos y bebederos",,,agotado
362,349,SH-230149,"Mercurio transportadora premium",mercurio-transportadora-premium,https://artiani.com.mx/producto/mercurio-transportadora-premium,https://sys.artiani.com.mx/media/apps/ecommerce/productos/318/1694030628.jpg,si,"SAKURA PETTO","Gatos / Transporte, paseo y entrenamiento / Mochilas transportadoras",,,agotado
308,187,FL4012,"Mezcla de semillas para canarios y finches 500 gr",mezcla-de-semillas-para-canarios-y-finches-500g,https://artiani.com.mx/producto/mezcla-de-semillas-para-canarios-y-finches-500g,https://sys.artiani.com.mx/media/apps/ecommerce/productos/58/1689341263.jpg,si,REDKITE,"Aves / Alimentacion / Alimentos",,,agotado
63,1526,FL4077,"Mezcla de semillas para loritos y ninfas 1 kg",mezcla-de-semillas-para-loritos-y-ninfas-1kg,https://artiani.com.mx/producto/mezcla-de-semillas-para-loritos-y-ninfas-1kg,https://sys.artiani.com.mx/media/apps/ecommerce/productos/1909/1776956017.webp,si,REDKITE,"Aves / Alimentacion / Alimentos",189,MXN,consultar_disponibilidad
1705,648,FL4011,"Mezcla de semillas para loritos y ninfas 500 gr",mezcla-de-semillas-para-loritos-y-ninfas-500g,https://artiani.com.mx/producto/mezcla-de-semillas-para-loritos-y-ninfas-500g,https://sys.artiani.com.mx/media/apps/ecommerce/productos/774/1696536639.jpg,si,REDKITE,"Aves / Alimentacion / Alimentos",,,agotado
92,1147,FL4079,"Mezcla de semillas para loros y cacatuas 1 kg",mezcla-de-semillas-para-loros-y-cacatuas-1kg,https://artiani.com.mx/producto/mezcla-de-semillas-para-loros-y-cacatuas-1kg,https://sys.artiani.com.mx/media/apps/ecommerce/productos/1496/1757980195.webp,si,REDKITE,"Aves / Alimentacion / Alimentos",180,MXN,consultar_disponibilidad
314,213,FL4013,"Mezcla de semillas para loros y cacatuas 500 gr",mezcla-de-semillas-para-loros-y-cacatuas-500g,https://artiani.com.mx/producto/mezcla-de-semillas-para-loros-y-cacatuas-500g,https://sys.artiani.com.mx/media/apps/ecommerce/productos/100/1689682140.jpg,si,REDKITE,"Aves / Alimentacion / Alimentos",99,MXN,agotado
1841,829,7440,"Mi carda metalica blister grande roja",mi-carda-metalica-blister-grande-roja,https://artiani.com.mx/producto/mi-carda-metalica-blister-grande-roja,https://sys.artiani.com.mx/media/apps/ecommerce/productos/1099/1711586461.jpg,si,"ECO PET","Perros / Salud e higiene / Prevencion y cuidado",99,MXN,agotado
1842,830,7430,"Mi carda metalica blister mediana azul",mi-carda-metalica-blister-mediana-azul,https://artiani.com.mx/producto/mi-carda-metalica-blister-mediana-azul,https://sys.artiani.com.mx/media/apps/ecommerce/productos/1100/1711586819.jpg,si,"ECO PET","Perros / Salud e higiene / Prevencion y cuidado",80,MXN,agotado
1837,825,7425,"Mi carda piel sensible chica",mi-carda-piel-sensible-chica,https://artiani.com.mx/producto/mi-carda-piel-sensible-chica,https://sys.artiani.com.mx/media/apps/ecommerce/productos/1095/1711568442.jpg,si,"ECO PET","Perros / Salud e higiene / Prevencion y cuidado",75,MXN,agotado
1838,826,7445,"Mi carda piel sensible grande",mi-carda-piel-sensible-grande,https://artiani.com.mx/producto/mi-carda-piel-sensible-grande,https://sys.artiani.com.mx/media/apps/ecommerce/productos/1096/1711568912.jpg,si,"ECO PET","Perros / Salud e higiene / Prevencion y cuidado",115,MXN,agotado
1840,828,7435,"Mi carda piel sensible mediana",mi-carda-piel-sensible-mediana,https://artiani.com.mx/producto/mi-carda-piel-sensible-mediana,https://sys.artiani.com.mx/media/apps/ecommerce/productos/1098/1711584780.jpg,si,"ECO PET","Perros / Salud e higiene / Prevencion y cuidado",90,MXN,agotado
2051,1098,7499,"Mi corta uñas guillotina",mi-corta-unas-guillotina,https://artiani.com.mx/producto/mi-corta-unas-guillotina,https://sys.artiani.com.mx/media/apps/ecommerce/productos/1423/1742647794.webp,si,"ECO PET","Perros / Salud e higiene / Higiene y limpieza",170,MXN,agotado
2177,1244,CGMPA,"Minino Plus Croqueta Costal Adultos Pollo, res, pavo y atún 10 kg",minino-plus-croqueta-costal-adultos-pollo-res-pavo-y-atun-10kg,https://artiani.com.mx/producto/minino-plus-croqueta-costal-adultos-pollo-res-pavo-y-atun-10kg,https://sys.artiani.com.mx/media/apps/ecommerce/productos/1606/1761107123.webp,si,"MININO PLUS","Gatos / Alimentacion / Alimentos",850,MXN,agotado
2700,1829,ARSAGU-MASO,"Mix artemia sin oxigeno",mix-artemia-sin-oxigeno,https://artiani.com.mx/producto/mix-artemia-sin-oxigeno,https://sys.artiani.com.mx/uploads/erp/catalogo/productos/1577/producto-1577-20260812072552-f0ccd422.webp,si,,"Acuario y peces / Alimentacion / Alimentos de acuario",45,MXN,agotado
1758,719,SH-220339,"Mochila liberty para mascotas",mochila-liberty-para-mascotas,https://artiani.com.mx/producto/mochila-liberty-para-mascotas,https://sys.artiani.com.mx/media/apps/ecommerce/productos/858/1694024852.jpg,si,"SAKURA PETTO","Gatos / Transporte, paseo y entrenamiento / Mochilas transportadoras",,,agotado
2106,1169,MOC-11,"Mochila transportadora catmo",mochila-transportadora-catmo,https://artiani.com.mx/producto/mochila-transportadora-catmo,https://sys.artiani.com.mx/media/apps/ecommerce/productos/1520/1757976025.webp,si,,"Gatos / Transporte, paseo y entrenamiento / Mochilas transportadoras",,,agotado
2107,1170,MOC-12,"Mochila transportadora maleti",mochila-transportadora-maleti,https://artiani.com.mx/producto/mochila-transportadora-maleti,https://sys.artiani.com.mx/media/apps/ecommerce/productos/1521/1757975988.webp,si,,"Gatos / Transporte, paseo y entrenamiento / Mochilas transportadoras",,,agotado
2549,1639,FL4140,"Mochila transportadora transparente para mascotas amarilla",mochila-transportadora-transparente-para-mascotas-amarilla,https://artiani.com.mx/producto/mochila-transportadora-transparente-para-mascotas-amarilla,https://sys.artiani.com.mx/media/apps/ecommerce/productos/859/1670890341.png,si,"FANCY PETS","Perros / Transporte, paseo y entrenamiento / Mochilas transportadoras",490,MXN,agotado
2552,1642,FL4145,"Mochila transportadora transparente para mascotas azul",mochila-transportadora-transparente-para-mascotas-azul,https://artiani.com.mx/producto/mochila-transportadora-transparente-para-mascotas-azul,https://sys.artiani.com.mx/media/apps/ecommerce/productos/860/1670679872.png,si,"FANCY PETS","Perros / Transporte, paseo y entrenamiento / Mochilas transportadoras",490,MXN,agotado
2553,1643,FL4144,"Mochila transportadora transparente para mascotas gris",mochila-transportadora-transparente-para-mascotas-gris,https://artiani.com.mx/producto/mochila-transportadora-transparente-para-mascotas-gris,https://sys.artiani.com.mx/media/apps/ecommerce/productos/861/1670680947.png,si,"FANCY PETS","Perros / Transporte, paseo y entrenamiento / Mochilas transportadoras",490,MXN,agotado
2550,1640,FL4141,"Mochila transportadora transparente para mascotas negra",mochila-transportadora-transparente-para-mascotas-negra,https://artiani.com.mx/producto/mochila-transportadora-transparente-para-mascotas-negra,https://sys.artiani.com.mx/media/apps/ecommerce/productos/862/1670888871.png,si,"FANCY PETS","Perros / Transporte, paseo y entrenamiento / Mochilas transportadoras",490,MXN,agotado
2551,1641,FL4143,"Mochila transportadora transparente para mascotas rosa",mochila-transportadora-transparente-para-mascotas-rosa,https://artiani.com.mx/producto/mochila-transportadora-transparente-para-mascotas-rosa,https://sys.artiani.com.mx/media/apps/ecommerce/productos/863/1670889883.png,si,"FANCY PETS","Perros / Transporte, paseo y entrenamiento / Mochilas transportadoras",490,MXN,agotado
2650,1775,ALA-0019-30G,"Mosco Seco Deshidratado (Alimento Mascotas) - 30 g",mosco-seco-deshidratado-alimento-mascotas-30g,https://artiani.com.mx/producto/mosco-seco-deshidratado-alimento-mascotas-30g,https://sys.artiani.com.mx/uploads/erp/catalogo/productos/1553/producto-1553-20260817123830-e401e155.webp,si,ALAMAZONAS,"Aves / Alimentacion / Alimentos",50,MXN,agotado
333,273,FL7790,"Muelle flotante para tortugas",muelle-flotante-para-tortugas,https://artiani.com.mx/producto/muelle-flotante-para-tortugas,https://sys.artiani.com.mx/media/apps/ecommerce/productos/177/1712776657.jpg,si,LOMAS,"Reptiles, anfibios e invertebrados / Tortugas / Aditamentos y accesorios",160,MXN,agotado
786,427,7503003098508,"Multivitamínico pajaro 60 ml",multivitaminico-pajaro-60ml,https://artiani.com.mx/producto/multivitaminico-pajaro-60ml,https://sys.artiani.com.mx/media/apps/ecommerce/productos/434/1697764889.jpg,si,MARVELL,"Aves / Alimentacion / Suplementos y vitaminas",,,agotado
2173,1240,5050,"Nebulizador ultrasonico con luces (generador de niebla y humedad)",nebulizador-ultrasonico-con-luces-generador-de-niebla-y-humedad,https://artiani.com.mx/producto/nebulizador-ultrasonico-con-luces-generador-de-niebla-y-humedad,https://sys.artiani.com.mx/media/apps/ecommerce/productos/1602/1760647044.webp,si,"AQUA KRIL","Acuario y peces / Repuestos, aditamentos y accesorios / Accesorios generales",590,MXN,agotado
1591,498,FL9215,"Nectar en polvo para colibri 400 gr",nectar-en-polvo-para-colibri-400g,https://artiani.com.mx/producto/nectar-en-polvo-para-colibri-400g,https://sys.artiani.com.mx/media/apps/ecommerce/productos/559/1701560764.jpg,si,REDKITE,"Aves / Alimentacion / Bebederos y aditamentos para colibri",90,MXN,agotado
353,331,FL9218,"Nectar liquido para colibri 1.5 litros",nectar-liquido-para-colibri-1-5l,https://artiani.com.mx/producto/nectar-liquido-para-colibri-1-5l,https://sys.artiani.com.mx/media/apps/ecommerce/productos/279/1711665922.jpg,si,REDKITE,"Aves / Alimentacion / Bebederos y aditamentos para colibri",,,agotado
355,333,FL9216,"Néctar liquido para colibri 500 ml",nectar-liquido-para-colibri-500ml,https://artiani.com.mx/producto/nectar-liquido-para-colibri-500ml,https://sys.artiani.com.mx/media/apps/ecommerce/productos/281/1697655519.jpg,si,REDKITE,"Aves / Alimentacion / Bebederos y aditamentos para colibri",,,agotado
349,323,FL9228,"Nectar sin color para colibri 1.5 litros",nectar-sin-color-para-colibri-1-5l,https://artiani.com.mx/producto/nectar-sin-color-para-colibri-1-5l,https://sys.artiani.com.mx/media/apps/ecommerce/productos/266/1711665832.jpg,si,REDKITE,"Aves / Alimentacion / Bebederos y aditamentos para colibri",,,agotado
1880,877,FL1119,"Neutra beta 30 ml",neutra-beta-30ml,https://artiani.com.mx/producto/neutra-beta-30ml,https://sys.artiani.com.mx/media/apps/ecommerce/productos/1155/1712866717.jpg,si,LOMAS,"Acuario y peces / Repuestos, aditamentos y accesorios / Aditamentos",25,MXN,agotado
1723,676,FL1113,"Neutra stress 30 ml",neutra-stress-30ml,https://artiani.com.mx/producto/neutra-stress-30ml,https://sys.artiani.com.mx/media/apps/ecommerce/productos/805/1701291038.jpg,si,LOMAS,"Acuario y peces / Repuestos, aditamentos y accesorios / Aditamentos",25,MXN,agotado
1759,722,FL1110,"Neutra stress 60 ml",neutra-stress-60ml,https://artiani.com.mx/producto/neutra-stress-60ml,https://sys.artiani.com.mx/media/apps/ecommerce/productos/866/1701293350.jpg,si,LOMAS,"Acuario y peces / Repuestos, aditamentos y accesorios / Aditamentos",60,MXN,agotado
1684,615,FL3795,"Neutralizador de olores para arenero 250 ml",neutralizador-de-olores-para-arenero-250ml,https://artiani.com.mx/producto/neutralizador-de-olores-para-arenero-250ml,https://sys.artiani.com.mx/media/apps/ecommerce/productos/735/1706732671.jpg,si,"FANCY PETS","Gatos / Accesorios generales",90,MXN,agotado
2118,1182,7730997410942,"Nexgard tableta masticable antipulgas y garrapatas 15.1 - 30 kg morado tratamiento mensual 4 gr",nexgard-tableta-masticable-antipulgas-y-garrapatas-15-1-30kg-morado-tratamiento-mensual-4g,https://artiani.com.mx/producto/nexgard-tableta-masticable-antipulgas-y-garrapatas-15-1-30kg-morado-tratamiento-mensual-4g,https://sys.artiani.com.mx/media/apps/ecommerce/productos/1533/1758661623.webp,si,NEXGARD,"Perros / Salud e higiene / Antipulgas y control externo",460,MXN,agotado
2115,1179,7730997410973,"Nexgard tableta masticable antipulgas y garrapatas 2 - 3.5 kg naranja tratamiento mensual 0.5 gr",nexgard-tableta-masticable-antipulgas-y-garrapatas-2-3-5kg-naranja-tratamiento-mensual-0-5g,https://artiani.com.mx/producto/nexgard-tableta-masticable-antipulgas-y-garrapatas-2-3-5kg-naranja-tratamiento-mensual-0-5g,https://sys.artiani.com.mx/media/apps/ecommerce/productos/1530/1758659435.webp,si,NEXGARD,"Perros / Salud e higiene / Antipulgas y control externo",385,MXN,agotado
2116,1180,7730997410966,"Nexgard tableta masticable antipulgas y garrapatas 3.6 - 7.5 kg amarillo tratamiento mensual 1 gr",nexgard-tableta-masticable-antipulgas-y-garrapatas-3-6-7-5kg-amarillo-tratamiento-mensual-1g,https://artiani.com.mx/producto/nexgard-tableta-masticable-antipulgas-y-garrapatas-3-6-7-5kg-amarillo-tratamiento-mensual-1g,https://sys.artiani.com.mx/media/apps/ecommerce/productos/1531/1758660767.webp,si,NEXGARD,"Perros / Salud e higiene / Antipulgas y control externo",410,MXN,agotado
2119,1183,7730997410935,"Nexgard tableta masticable antipulgas y garrapatas 30.1 - 60 kg rojo tratamiento mensual 8 gr",nexgard-tableta-masticable-antipulgas-y-garrapatas-30-1-60kg-rojo-tratamiento-mensual-8g,https://artiani.com.mx/producto/nexgard-tableta-masticable-antipulgas-y-garrapatas-30-1-60kg-rojo-tratamiento-mensual-8g,https://sys.artiani.com.mx/media/apps/ecommerce/productos/1534/1758661894.webp,si,NEXGARD,"Perros / Salud e higiene / Antipulgas y control externo",515,MXN,agotado
2117,1181,PAS-03,"Nexgard tableta masticable antipulgas y garrapatas 7.6 - 15 kg verde tratamiento mensual 2 gr",nexgard-tableta-masticable-antipulgas-y-garrapatas-7-6-15kg-verde-tratamiento-mensual-2g,https://artiani.com.mx/producto/nexgard-tableta-masticable-antipulgas-y-garrapatas-7-6-15kg-verde-tratamiento-mensual-2g,https://sys.artiani.com.mx/media/apps/ecommerce/productos/1532/1758661144.webp,si,NEXGARD,"Perros / Salud e higiene / Antipulgas y control externo",435,MXN,agotado
2409,1481,NIDO-04,"Nido casa chica para jaula de pajaros",nido-casa-chica-para-jaula-de-pajaros,https://artiani.com.mx/producto/nido-casa-chica-para-jaula-de-pajaros,https://sys.artiani.com.mx/media/apps/ecommerce/productos/1862/1774617170.webp,si,,"Aves / Habitat / Accesorios para jaulas",,,agotado
2414,1486,NIDO-09,"Nido casa mediana para jaula de pajaros",nido-casa-mediana-para-jaula-de-pajaros,https://artiani.com.mx/producto/nido-casa-mediana-para-jaula-de-pajaros,https://sys.artiani.com.mx/media/apps/ecommerce/productos/1867/1774620898.webp,si,,"Aves / Habitat / Accesorios para jaulas",,,agotado
2408,1480,NIDO-03,"Nido cilindro para jaula de pajaros",nido-cilindro-para-jaula-de-pajaros,https://artiani.com.mx/producto/nido-cilindro-para-jaula-de-pajaros,https://sys.artiani.com.mx/media/apps/ecommerce/productos/1861/1774617057.webp,si,,"Aves / Habitat / Accesorios para jaulas",,,agotado
2406,1478,NIDO-01,"NIdo de casa doble piso",nido-de-casa-doble-piso,https://artiani.com.mx/producto/nido-de-casa-doble-piso,https://sys.artiani.com.mx/media/apps/ecommerce/productos/1859/1774614907.webp,si,,"Aves / Habitat / Accesorios para jaulas",,,agotado
2412,1484,NIDO-07,"Nido esfera de yute chico para jaula de pajaros",nido-esfera-de-yute-chico-para-jaula-de-pajaros,https://artiani.com.mx/producto/nido-esfera-de-yute-chico-para-jaula-de-pajaros,https://sys.artiani.com.mx/media/apps/ecommerce/productos/1865/1774618039.webp,si,,"Aves / Habitat / Accesorios para jaulas",,,agotado
2413,1485,NIDO-08,"Nido esfera de yute mediano para jaula de pajaros",nido-esfera-de-yute-mediano-para-jaula-de-pajaros,https://artiani.com.mx/producto/nido-esfera-de-yute-mediano-para-jaula-de-pajaros,https://sys.artiani.com.mx/media/apps/ecommerce/productos/1866/1774618115.webp,si,,"Aves / Habitat / Accesorios para jaulas",,,agotado
2407,1479,NIDO-02,"Nido externo para jaula de pajaros",nido-externo-para-jaula-de-pajaros,https://artiani.com.mx/producto/nido-externo-para-jaula-de-pajaros,https://sys.artiani.com.mx/media/apps/ecommerce/productos/1860/1774615317.webp,si,,"Aves / Habitat / Accesorios para jaulas",,,agotado
2436,1510,NIIXCA,"Nido para aves de ixtle casa",nido-para-aves-de-ixtle-casa,https://artiani.com.mx/producto/nido-para-aves-de-ixtle-casa,https://sys.artiani.com.mx/media/apps/ecommerce/productos/1892/1776087032.webp,si,,"Aves / Habitat / Accesorios para jaulas",65,MXN,agotado
2435,1509,NIIXES,"Nido para aves de ixtle esfera",nido-para-aves-de-ixtle-esfera,https://artiani.com.mx/producto/nido-para-aves-de-ixtle-esfera,https://sys.artiani.com.mx/media/apps/ecommerce/productos/1891/1776086957.webp,si,,"Aves / Habitat / Accesorios para jaulas",65,MXN,agotado
2410,1482,NIDO-05,"Nido rectangular grande con conpuerta para jaula de pajaros",nido-rectangular-grande-con-conpuerta-para-jaula-de-pajaros,https://artiani.com.mx/producto/nido-rectangular-grande-con-conpuerta-para-jaula-de-pajaros,https://sys.artiani.com.mx/media/apps/ecommerce/productos/1863/1774617403.webp,si,,"Aves / Habitat / Accesorios para jaulas",,,agotado
2411,1483,NIDO-06,"Nido rectangular mediano con conpuerta para jaula de pajaros",nido-rectangular-mediano-con-conpuerta-para-jaula-de-pajaros,https://artiani.com.mx/producto/nido-rectangular-mediano-con-conpuerta-para-jaula-de-pajaros,https://sys.artiani.com.mx/media/apps/ecommerce/productos/1864/1774617473.webp,si,,"Aves / Habitat / Accesorios para jaulas",,,agotado
1810,791,NUEC-A2K,"Nupec Croqueta Costal Adulto Nutrición Canina Científica 2 kg",nupec-croqueta-costal-adulto-nutricion-canina-cientifica-2kg,https://artiani.com.mx/producto/nupec-croqueta-costal-adulto-nutricion-canina-cientifica-2kg,https://sys.artiani.com.mx/media/apps/ecommerce/productos/1017/1701569093.jpg,si,NUPEC,"Perros / Alimentacion / Alimentos",290,MXN,agotado
1812,793,NUEC-A20K,"Nupec Croqueta Costal Adulto Nutrición Canina Científica 20 kg",nupec-croqueta-costal-adulto-nutricion-canina-cientifica-20kg,https://artiani.com.mx/producto/nupec-croqueta-costal-adulto-nutricion-canina-cientifica-20kg,https://sys.artiani.com.mx/media/apps/ecommerce/productos/1019/1701569102.jpg,si,NUPEC,"Perros / Alimentacion / Alimentos",1950,MXN,agotado
1811,792,NUEC-A8K,"Nupec Croqueta Costal Adulto Nutrición Canina Científica 8 kg",nupec-croqueta-costal-adulto-nutricion-canina-cientifica-8kg,https://artiani.com.mx/producto/nupec-croqueta-costal-adulto-nutricion-canina-cientifica-8kg,https://sys.artiani.com.mx/media/apps/ecommerce/productos/1018/1701569099.jpg,si,NUPEC,"Perros / Alimentacion / Alimentos",1040,MXN,agotado
2146,1210,NUEC-ARP2K,"Nupec Croqueta Costal Adulto Razas pequeñas Nutrición Canina Científica 2 kg",nupec-croqueta-costal-adulto-razas-pequenas-nutricion-canina-cientifica-2kg,https://artiani.com.mx/producto/nupec-croqueta-costal-adulto-razas-pequenas-nutricion-canina-cientifica-2kg,https://sys.artiani.com.mx/media/apps/ecommerce/productos/1565/1758780645.png,si,NUPEC,"Perros / Alimentacion / Alimentos",350,MXN,agotado
2140,1204,NUEC-C15K,"Nupec Croqueta Costal Cachorro Nutrición Canina Científica 15 kg",nupec-croqueta-costal-cachorro-nutricion-canina-cientifica-15kg,https://artiani.com.mx/producto/nupec-croqueta-costal-cachorro-nutricion-canina-cientifica-15kg,https://sys.artiani.com.mx/media/apps/ecommerce/productos/1559/1758779840.png,si,NUPEC,"Perros / Alimentacion / Alimentos",1965,MXN,agotado
2137,1201,NUC2K,"Nupec Croqueta Costal Cachorro Nutrición Canina Científica 2 kg",nupec-croqueta-costal-cachorro-nutricion-canina-cientifica-2kg,https://artiani.com.mx/producto/nupec-croqueta-costal-cachorro-nutricion-canina-cientifica-2kg,https://sys.artiani.com.mx/media/apps/ecommerce/productos/1556/1758779651.png,si,NUPEC,"Perros / Alimentacion / Alimentos",330,MXN,agotado
2141,1205,NUEC-C20K,"Nupec Croqueta Costal Cachorro Nutrición Canina Científica 20 kg",nupec-croqueta-costal-cachorro-nutricion-canina-cientifica-20kg,https://artiani.com.mx/producto/nupec-croqueta-costal-cachorro-nutricion-canina-cientifica-20kg,https://sys.artiani.com.mx/media/apps/ecommerce/productos/1560/1758780012.png,si,NUPEC,"Perros / Alimentacion / Alimentos",2100,MXN,agotado
2138,1202,NUEC-C5K,"Nupec Croqueta Costal Cachorro Nutrición Canina Científica 5 kg",nupec-croqueta-costal-cachorro-nutricion-canina-cientifica-5kg,https://artiani.com.mx/producto/nupec-croqueta-costal-cachorro-nutricion-canina-cientifica-5kg,https://sys.artiani.com.mx/media/apps/ecommerce/productos/1557/1758779698.png,si,NUPEC,"Perros / Alimentacion / Alimentos",725,MXN,agotado
2139,1203,NUEC-C8K,"Nupec Croqueta Costal Cachorro Nutrición Canina Científica 8 kg",nupec-croqueta-costal-cachorro-nutricion-canina-cientifica-8kg,https://artiani.com.mx/producto/nupec-croqueta-costal-cachorro-nutricion-canina-cientifica-8kg,https://sys.artiani.com.mx/media/apps/ecommerce/productos/1558/1758779758.png,si,NUPEC,"Perros / Alimentacion / Alimentos",1090,MXN,agotado
2144,1208,NUEC-CRP2K,"Nupec Croqueta Costal Cachorro Razas pequeñas Nutrición Canina Científica 2 kg",nupec-croqueta-costal-cachorro-razas-pequenas-nutricion-canina-cientifica-2kg,https://artiani.com.mx/producto/nupec-croqueta-costal-cachorro-razas-pequenas-nutricion-canina-cientifica-2kg,https://sys.artiani.com.mx/media/apps/ecommerce/productos/1563/1758781222.png,si,NUPEC,"Perros / Alimentacion / Alimentos",400,MXN,agotado
2145,1209,NUEC-CRP8K,"Nupec Croqueta Costal Cachorro Razas pequeñas Nutrición Canina Científica 8 kg",nupec-croqueta-costal-cachorro-razas-pequenas-nutricion-canina-cientifica-8kg,https://artiani.com.mx/producto/nupec-croqueta-costal-cachorro-razas-pequenas-nutricion-canina-cientifica-8kg,https://sys.artiani.com.mx/media/apps/ecommerce/productos/1564/1758780541.png,si,NUPEC,"Perros / Alimentacion / Alimentos",1250,MXN,agotado
2142,1206,NUEC-SRMG2K,"Nupec Croqueta Costal Senior Nutrición Para Mascotas Especiales 2 kg",nupec-croqueta-costal-senior-nutricion-para-mascotas-especiales-2kg,https://artiani.com.mx/producto/nupec-croqueta-costal-senior-nutricion-para-mascotas-especiales-2kg,https://sys.artiani.com.mx/media/apps/ecommerce/productos/1561/1758780244.png,si,NUPEC,"Perros / Alimentacion / Alimentos",455,MXN,agotado
2143,1207,NUEC-SRMG8K,"Nupec Croqueta Costal Senior Nutrición Para Mascotas Especiales 8 kg",nupec-croqueta-costal-senior-nutricion-para-mascotas-especiales-8kg,https://artiani.com.mx/producto/nupec-croqueta-costal-senior-nutricion-para-mascotas-especiales-8kg,https://sys.artiani.com.mx/media/apps/ecommerce/productos/1562/1758780346.png,si,NUPEC,"Perros / Alimentacion / Alimentos",1470,MXN,agotado
2148,1212,NUEC-SRP2K,"Nupec Croqueta Costal Senior Razas pequeñas Nutrición Canina Científica 2 kg",nupec-croqueta-costal-senior-razas-pequenas-nutricion-canina-cientifica-2kg,https://artiani.com.mx/producto/nupec-croqueta-costal-senior-razas-pequenas-nutricion-canina-cientifica-2kg,https://sys.artiani.com.mx/media/apps/ecommerce/productos/1567/1758780861.png,si,NUPEC,"Perros / Alimentacion / Alimentos",470,MXN,agotado
2161,1227,NUEC-TRTSLAX,"Nupec relax",nupec-relax,https://artiani.com.mx/producto/nupec-relax,https://sys.artiani.com.mx/media/apps/ecommerce/productos/1586/1759448591.webp,si,NUPEC,"Perros / Alimentacion / Premios y snacks",110,MXN,agotado
77,1530,FL3848,"Nutri bark galletas con crema de cacahuate para perros 130 gr",nutri-bark-galletas-con-crema-de-cacahuate-para-perros-130g,https://artiani.com.mx/producto/nutri-bark-galletas-con-crema-de-cacahuate-para-perros-130g,https://sys.artiani.com.mx/media/apps/ecommerce/productos/1913/1777470082.webp,si,"FANCY PETS","Perros / Alimentacion / Premios y snacks",70,MXN,consultar_disponibilidad
2683,1812,A02877,"Nutricubos CB 20 kg",nutricubos-cb-20kg,https://artiani.com.mx/producto/nutricubos-cb-20kg,https://sys.artiani.com.mx/uploads/erp/catalogo/productos/1567/producto-1567-20260817153204-fcb25950.webp,si,,"Pequenos mamiferos / Hamster / Alimentacion / Premios y snacks",1030,MXN,agotado
1829,813,SH-230731,"Olimpo arenero cerrado (azul fuerte)",olimpo-arenero-cerrado-azul-fuerte,https://artiani.com.mx/producto/olimpo-arenero-cerrado-azul-fuerte,https://sys.artiani.com.mx/media/apps/ecommerce/productos/1060/1706808976.jpg,si,"SAKURA PETTO","Gatos / Salud e higiene / Areneros",,,agotado
726,218,GPPALA,"Pala para arenero",pala-para-arenero,https://artiani.com.mx/producto/pala-para-arenero,https://sys.artiani.com.mx/media/apps/ecommerce/productos/107/1670069966.png,si,,"Gatos / Salud e higiene / Accesorios sanitarios",,,agotado
1932,940,PALI-04,"Palitos premium de rosas y menta",palitos-premium-de-rosas-y-menta,https://artiani.com.mx/producto/palitos-premium-de-rosas-y-menta,https://sys.artiani.com.mx/media/apps/ecommerce/productos/1226/1714488126.jpg,si,"MR. RABBIT","Pequenos mamiferos / Accesorios generales",,,agotado
347,319,51461,"Palo de plástico para jualas de aves mediano",palo-de-plastico-para-jualas-de-aves-mediano,https://artiani.com.mx/producto/palo-de-plastico-para-jualas-de-aves-mediano,https://sys.artiani.com.mx/media/apps/ecommerce/productos/260/1725709790.jpg,si,,"Aves / Accesorios generales",,,agotado
348,320,8413856516502,"Palo plastico 13 cm",palo-plastico-13-cm,https://artiani.com.mx/producto/palo-plastico-13-cm,https://sys.artiani.com.mx/media/apps/ecommerce/productos/262/1725710152.jpg,si,,"Aves / Accesorios generales",,,agotado
346,318,8413856514812,"Palo plastico 25 cm",palo-plastico-25-cm,https://artiani.com.mx/producto/palo-plastico-25-cm,https://sys.artiani.com.mx/media/apps/ecommerce/productos/259/1725709241.jpg,si,,"Aves / Accesorios generales",,,agotado
2648,1773,ALA-0012-1P,"Palo Plastico Paradero Rustico 30cm (1 pieza)",palo-plastico-paradero-rustico-30cm-1,https://artiani.com.mx/producto/palo-plastico-paradero-rustico-30cm-1,https://sys.artiani.com.mx/uploads/erp/catalogo/productos/1550/producto-1550-20260914065930-d7c37f67.webp,si,,"Aves / Accesorios generales",,,agotado
2643,1768,ALA-0012,"Palo Plastico Paradero Rustico 30cm (2piezas)",palo-plastico-paradero-rustico-30cm-2piezas-paq,https://artiani.com.mx/producto/palo-plastico-paradero-rustico-30cm-2piezas-paq,https://sys.artiani.com.mx/uploads/erp/catalogo/productos/1550/producto-1550-20260914065930-d7c37f67.webp,si,,"Aves / Accesorios generales",,,agotado
329,267,FL1912,"Pañal chico para perro 12 pz",panal-chico-para-perro-12,https://artiani.com.mx/producto/panal-chico-para-perro-12,https://sys.artiani.com.mx/media/apps/ecommerce/productos/165/1687804044.jpg,si,"FANCY PETS","Perros / Salud e higiene / Prevencion y cuidado",199,MXN,agotado
1763,728,FL1914,"Pañal grande para perro 12 pz",panal-grande-para-perro-12,https://artiani.com.mx/producto/panal-grande-para-perro-12,https://sys.artiani.com.mx/media/apps/ecommerce/productos/874/1675994073.jpg,si,"FANCY PETS","Perros / Salud e higiene / Higiene y limpieza",330,MXN,agotado
1762,726,FL1913,"Pañal mediano para perro 12 pz",panal-mediano-para-perro-12,https://artiani.com.mx/producto/panal-mediano-para-perro-12,https://sys.artiani.com.mx/media/apps/ecommerce/productos/872/1675993466.jpg,si,"FANCY PETS","Perros / Salud e higiene / Higiene y limpieza",280,MXN,agotado
2327,1399,ALA-0007,"Panizo en Espiga Rama Natural Spray Millet - 1 kg",panizo-en-espiga-rama-natural-spray-millet-1kg,https://artiani.com.mx/producto/panizo-en-espiga-rama-natural-spray-millet-1kg,https://sys.artiani.com.mx/media/apps/ecommerce/productos/1775/1771338460.webp,si,,"Aves / Alimentacion / Alimentos",900,MXN,agotado
1686,621,FL1911,"Pañl extrachico para perro 12 pz",panl-extrachico-para-perro-12,https://artiani.com.mx/producto/panl-extrachico-para-perro-12,https://sys.artiani.com.mx/media/apps/ecommerce/productos/741/1677587574.jpg,si,LOMAS,"Perros / Salud e higiene / Higiene y limpieza",170,MXN,agotado
268,1500,1911202505,"Papilla baby birds",papilla-baby-birds,https://artiani.com.mx/producto/papilla-baby-birds,https://sys.artiani.com.mx/media/apps/ecommerce/productos/1882/1775483785.webp,si,"MUNDO MASCOTA","Aves / Alimentacion / Alimentos",200,MXN,agotado
2325,1395,22A22,"Papilla Para Aves Silvestres Wild Birds - 250 g",papilla-para-aves-silvestres-wild-birds-250g,https://artiani.com.mx/producto/papilla-para-aves-silvestres-wild-birds-250g,https://sys.artiani.com.mx/media/apps/ecommerce/productos/1771/1773143286.webp,si,ALAMAZONAS,"Aves / Alimentacion / Alimentos",125,MXN,agotado
2324,1394,22A18,"Papilla Para Embuchar Canarios Canaries - 250 g",papilla-para-embuchar-canarios-canaries-250g,https://artiani.com.mx/producto/papilla-para-embuchar-canarios-canaries-250g,https://sys.artiani.com.mx/media/apps/ecommerce/productos/1770/1771334815.webp,si,ALAMAZONAS,"Aves / Alimentacion / Alimentos",125,MXN,agotado
2323,1393,ALA-0010,"Papilla Premium para Loros, Periquitos, Agapornis, Ninfas y Psitácidos Cría y Hand Feeding - 250 g",papilla-premium-para-loros-periquitos-agapornis-ninfas-y-psitacidos-cria-y-hand-feeding-250g,https://artiani.com.mx/producto/papilla-premium-para-loros-periquitos-agapornis-ninfas-y-psitacidos-cria-y-hand-feeding-250g,https://sys.artiani.com.mx/media/apps/ecommerce/productos/1769/1771334285.webp,si,ALAMAZONAS,"Aves / Alimentacion / Alimentos",165,MXN,agotado
1803,784,FL3907,"Pasta dental 90 g",pasta-dental-90g,https://artiani.com.mx/producto/pasta-dental-90g,https://sys.artiani.com.mx/media/apps/ecommerce/productos/1010/1701557178.jpg,si,"FANCY PETS","Perros / Salud e higiene / Higiene y limpieza",,,agotado
1961,997,FL3916,"Pasto para gatos",pasto-para-gatos,https://artiani.com.mx/producto/pasto-para-gatos,https://sys.artiani.com.mx/media/apps/ecommerce/productos/1310/1720038038.jpg,si,"FANCY PETS","Gatos / Juego y enriquecimiento / Juguetes",,,agotado
1618,538,PERA-10030,"Pecera 100 x 26 x 30 cm 6 mm 70 litros",pecera-100-x-26-x-30-cm-6-mm-70l,https://artiani.com.mx/producto/pecera-100-x-26-x-30-cm-6-mm-70l,https://sys.artiani.com.mx/media/apps/ecommerce/productos/604/1685973326.jpg,si,ARTIANI,"Acuario y peces / Peceras, acuarios y muebles / Peceras",1350,MXN,agotado
1614,534,PERA-10050,"Pecera 100 x 26 x 50 cm 6 mm 130 litros",pecera-100-x-26-x-50-cm-6-mm-130l,https://artiani.com.mx/producto/pecera-100-x-26-x-50-cm-6-mm-130l,https://sys.artiani.com.mx/media/apps/ecommerce/productos/600/1685974035.jpg,si,ARTIANI,"Acuario y peces / Peceras, acuarios y muebles / Peceras",1750,MXN,agotado
2007,1048,PERA-1004040,"Pecera 100 x 40 x 40 cm 6 mm 160 litros rectangular",pecera-100-x-40-x-40-cm-6-mm-160l-rectangular,https://artiani.com.mx/producto/pecera-100-x-40-x-40-cm-6-mm-160l-rectangular,https://sys.artiani.com.mx/media/apps/ecommerce/productos/1366/1730301930.JPG,si,ARTIANI,"Acuario y peces / Peceras, acuarios y muebles / Peceras",2350,MXN,consultar_disponibilidad
10,313,B-226,"Pecera 12 litros con luz y filtro",pecera-12l-con-luz-y-filtro,https://artiani.com.mx/producto/pecera-12l-con-luz-y-filtro,https://sys.artiani.com.mx/media/apps/ecommerce/productos/246/1712675333.jpg,si,BIOPRO,"Acuario y peces / Peceras, acuarios y muebles / Acuarios",1455,MXN,agotado
1609,528,PERA-12050,"Pecera 120 x 30 x 50 cm 6 mm 180 litros",pecera-120-x-30-x-50-cm-6-mm-180l,https://artiani.com.mx/producto/pecera-120-x-30-x-50-cm-6-mm-180l,https://sys.artiani.com.mx/media/apps/ecommerce/productos/593/1685973815.jpg,si,ARTIANI,"Acuario y peces / Peceras, acuarios y muebles / Peceras",2350,MXN,agotado
1601,518,PERA-1515,"Pecera 15 x 10 x 15 cm 3 mm 2 litros rectangular",pecera-15-x-10-x-15-cm-3-mm-2l-rectangular,https://artiani.com.mx/producto/pecera-15-x-10-x-15-cm-3-mm-2l-rectangular,https://sys.artiani.com.mx/media/apps/ecommerce/productos/582/1713573730.jpg,si,ARTIANI,"Acuario y peces / Peceras, acuarios y muebles / Peceras",95,MXN,agotado
1606,525,PERA-2020,"Pecera 20 x 11 x 20 cm 3 mm 4 litros rectangular",pecera-20-x-11-x-20-cm-3-mm-4l-rectangular,https://artiani.com.mx/producto/pecera-20-x-11-x-20-cm-3-mm-4l-rectangular,https://sys.artiani.com.mx/media/apps/ecommerce/productos/589/1713570020.jpg,si,ARTIANI,"Acuario y peces / Peceras, acuarios y muebles / Peceras",150,MXN,agotado
1916,920,PERA-C2222,"Pecera 22 x 22 x 22 cm 3 mm 10 litros cubo",pecera-22-x-22-x-22-cm-3-mm-10l-cubo,https://artiani.com.mx/producto/pecera-22-x-22-x-22-cm-3-mm-10l-cubo,https://sys.artiani.com.mx/media/apps/ecommerce/productos/1204/1713568534.jpg,si,ARTIANI,"Acuario y peces / Peceras, acuarios y muebles / Peceras",220,MXN,agotado
2190,1257,PERA-C2240,"Pecera 22 x 22 x 40 cm 3 mm 18 litros cubo",pecera-22-x-22-x-40-cm-3-mm-18l-cubo,https://artiani.com.mx/producto/pecera-22-x-22-x-40-cm-3-mm-18l-cubo,https://sys.artiani.com.mx/media/apps/ecommerce/productos/1621/1761677533.webp,si,ARTIANI,"Acuario y peces / Peceras, acuarios y muebles / Peceras",320,MXN,agotado
1612,532,PERA-3020,"Pecera 30 x 15 x 20 cm 3 mm 9 litros rectangular",pecera-30-x-15-x-20-cm-3-mm-9l-rectangular,https://artiani.com.mx/producto/pecera-30-x-15-x-20-cm-3-mm-9l-rectangular,https://sys.artiani.com.mx/media/apps/ecommerce/productos/598/1669830340.png,si,ARTIANI,"Acuario y peces / Peceras, acuarios y muebles / Peceras",230,MXN,agotado
2187,1254,PERA-3040,"Pecera 30 x 15 x 40 cm 3 mm 18 litros rectangular",pecera-30-x-15-x-40-cm-3-mm-18l-rectangular,https://artiani.com.mx/producto/pecera-30-x-15-x-40-cm-3-mm-18l-rectangular,https://sys.artiani.com.mx/media/apps/ecommerce/productos/1618/1761674491.webp,si,ARTIANI,"Acuario y peces / Peceras, acuarios y muebles / Peceras",350,MXN,agotado
1913,917,PERA-C3030,"Pecera 30 x 30 x 30 cm 3 mm 27 litros cubo",pecera-30-x-30-x-30-cm-3-mm-27l-cubo,https://artiani.com.mx/producto/pecera-30-x-30-x-30-cm-3-mm-27l-cubo,https://sys.artiani.com.mx/media/apps/ecommerce/productos/1201/1713554277.jpg,si,ARTIANI,"Acuario y peces / Peceras, acuarios y muebles / Peceras",390,MXN,agotado
1919,923,PERA-H3820,"Pecera 38 x 38 x 20 cm 3 mm",pecera-38-x-38-x-20-cm-3-mm,https://artiani.com.mx/producto/pecera-38-x-38-x-20-cm-3-mm,https://sys.artiani.com.mx/media/apps/ecommerce/productos/1207/1713574893.jpg,si,ARTIANI,"Acuario y peces / Peceras, acuarios y muebles / Peceras",450,MXN,agotado
1646,572,PERA-H3850,"Pecera 38 x 38 x 50 cm 6 mm hexagonal",pecera-38-x-38-x-50-cm-6-mm-hexagonal,https://artiani.com.mx/producto/pecera-38-x-38-x-50-cm-6-mm-hexagonal,https://sys.artiani.com.mx/media/apps/ecommerce/productos/669/1699216136.jpg,si,ARTIANI,"Acuario y peces / Peceras, acuarios y muebles / Peceras",890,MXN,agotado
1615,535,PERA-4025,"Pecera 40 x 20 x 25 cm 3 mm 20 litros rectangular",pecera-40-x-20-x-25-cm-3-mm-20l-rectangular,https://artiani.com.mx/producto/pecera-40-x-20-x-25-cm-3-mm-20l-rectangular,https://sys.artiani.com.mx/media/apps/ecommerce/productos/601/1669829456.png,si,ARTIANI,"Acuario y peces / Peceras, acuarios y muebles / Peceras",325,MXN,agotado
2188,1255,PERA-4040,"Pecera 40 x 20 x 40 cm 3 mm 32 litros rectangular",pecera-40-x-20-x-40-cm-3-mm-32l-rectangular,https://artiani.com.mx/producto/pecera-40-x-20-x-40-cm-3-mm-32l-rectangular,https://sys.artiani.com.mx/media/apps/ecommerce/productos/1619/1761674673.webp,si,ARTIANI,"Acuario y peces / Peceras, acuarios y muebles / Peceras",450,MXN,agotado
1700,643,PERA-C4020,"Pecera 40 x 40 x 20 cm 3 mm",pecera-40-x-40-x-20-cm-3-mm,https://artiani.com.mx/producto/pecera-40-x-40-x-20-cm-3-mm,https://sys.artiani.com.mx/media/apps/ecommerce/productos/769/1713550660.jpg,si,ARTIANI,"Acuario y peces / Peceras, acuarios y muebles / Peceras",495,MXN,agotado
1743,701,PERA-C4040,"Pecera 40 x 40 x 40 cm 6 mm 64 litros cubo",pecera-40-x-40-x-40-cm-6-mm-64l-cubo,https://artiani.com.mx/producto/pecera-40-x-40-x-40-cm-6-mm-64l-cubo,https://sys.artiani.com.mx/media/apps/ecommerce/productos/834/1699214469.jpg,si,ARTIANI,"Acuario y peces / Peceras, acuarios y muebles / Peceras",950,MXN,agotado
1598,511,PERA-C4050,"Pecera 40 x 40 x 50 cm 6 mm 80 litros cubo vertical",pecera-40-x-40-x-50-cm-6-mm-80l-cubo-vertical,https://artiani.com.mx/producto/pecera-40-x-40-x-50-cm-6-mm-80l-cubo-vertical,https://sys.artiani.com.mx/media/apps/ecommerce/productos/574/1699215282.jpg,si,ARTIANI,"Acuario y peces / Peceras, acuarios y muebles / Peceras",1150,MXN,agotado
1917,921,PERA-C4060,"Pecera 40 x 40 x 60 cm 6 mm 96 litros cubo vertical",pecera-40-x-40-x-60-cm-6-mm-96l-cubo-vertical,https://artiani.com.mx/producto/pecera-40-x-40-x-60-cm-6-mm-96l-cubo-vertical,https://sys.artiani.com.mx/media/apps/ecommerce/productos/1205/1713569387.jpg,si,ARTIANI,"Acuario y peces / Peceras, acuarios y muebles / Peceras",1350,MXN,agotado
1616,536,PERA-5030,"Pecera 50 x 26 x 30 cm 3 mm 39 litros",pecera-50-x-26-x-30-cm-3-mm-39l,https://artiani.com.mx/producto/pecera-50-x-26-x-30-cm-3-mm-39l,https://sys.artiani.com.mx/media/apps/ecommerce/productos/602/1669828949.png,si,ARTIANI,"Acuario y peces / Peceras, acuarios y muebles / Peceras",450,MXN,agotado
1608,527,PERA-5050,"Pecera 50 x 26 x 50 cm 6 mm 65 litros",pecera-50-x-26-x-50-cm-6-mm-65l,https://artiani.com.mx/producto/pecera-50-x-26-x-50-cm-6-mm-65l,https://sys.artiani.com.mx/media/apps/ecommerce/productos/591/1713571253.jpg,si,ARTIANI,"Acuario y peces / Peceras, acuarios y muebles / Peceras",950,MXN,agotado
1607,526,PERA-P5030,"Pecera 50 x 37 x 30 cm 4 mm 50 litros",pecera-50-x-37-x-30-cm-4-mm-50l,https://artiani.com.mx/producto/pecera-50-x-37-x-30-cm-4-mm-50l,https://sys.artiani.com.mx/media/apps/ecommerce/productos/590/1669917599.png,si,ARTIANI,"Acuario y peces / Peceras, acuarios y muebles / Peceras",890,MXN,agotado
1610,529,PERA-P5050,"Pecera 50 x 37 x 50 cm 6 mm 80 litros",pecera-50-x-37-x-50-cm-6-mm-80l,https://artiani.com.mx/producto/pecera-50-x-37-x-50-cm-6-mm-80l,https://sys.artiani.com.mx/media/apps/ecommerce/productos/594/1669922239.png,si,ARTIANI,"Acuario y peces / Peceras, acuarios y muebles / Peceras",1580,MXN,agotado
1603,522,PERA-P5060,"Pecera 50 x 37 x 60 cm 6 mm 100 litros",pecera-50-x-37-x-60-cm-6-mm-100l,https://artiani.com.mx/producto/pecera-50-x-37-x-60-cm-6-mm-100l,https://sys.artiani.com.mx/media/apps/ecommerce/productos/586/1669916209.png,si,ARTIANI,"Acuario y peces / Peceras, acuarios y muebles / Peceras",1880,MXN,agotado
267,1460,PERA-C5040,"Pecera 50 x 50 x 40 cm altura 6 mm 100 litros",pecera-50-x-50-x-40-cm-altura-6-mm-100l,https://artiani.com.mx/producto/pecera-50-x-50-x-40-cm-altura-6-mm-100l,https://sys.artiani.com.mx/media/apps/ecommerce/productos/1841/1774359065.webp,si,ARTIANI,"Acuario y peces / Peceras, acuarios y muebles / Peceras",1350,MXN,agotado
1918,922,PERA-6030,"Pecera 60 x 30 x 30 cm 4 mm rectangular",pecera-60-x-30-x-30-cm-4-mm-rectangular,https://artiani.com.mx/producto/pecera-60-x-30-x-30-cm-4-mm-rectangular,https://sys.artiani.com.mx/media/apps/ecommerce/productos/1206/1713574085.jpg,si,ARTIANI,"Acuario y peces / Peceras, acuarios y muebles / Peceras",850,MXN,agotado
1617,537,PERA-6050,"Pecera 60 x 30 x 50 cm 6 mm 90 litros",pecera-60-x-30-x-50-cm-6-mm-90l,https://artiani.com.mx/producto/pecera-60-x-30-x-50-cm-6-mm-90l,https://sys.artiani.com.mx/media/apps/ecommerce/productos/603/1713573490.jpg,si,ARTIANI,"Acuario y peces / Peceras, acuarios y muebles / Peceras",1290,MXN,agotado
1613,533,PERA-6060,"Pecera 60 x 30 x 60 cm 6 mm 108 litros",pecera-60-x-30-x-60-cm-6-mm-108l,https://artiani.com.mx/producto/pecera-60-x-30-x-60-cm-6-mm-108l,https://sys.artiani.com.mx/media/apps/ecommerce/productos/599/1713573663.jpg,si,ARTIANI,"Acuario y peces / Peceras, acuarios y muebles / Peceras",1485,MXN,agotado
2206,1275,PERA-8035,"Pecera 80 x 40 x 35 cm 6 mm 112 litros",pecera-80-x-40-x-35-cm-6-mm-112l,https://artiani.com.mx/producto/pecera-80-x-40-x-35-cm-6-mm-112l,https://sys.artiani.com.mx/media/apps/ecommerce/productos/1642/1773407219.webp,si,ARTIANI,"Acuario y peces / Peceras, acuarios y muebles / Peceras",1750,MXN,agotado
259,1444,PERA-8050,"Pecera 80 x 40 x 50 cm altura 6 mm 160 litros",pecera-80-x-40-x-50-cm-altura-6-mm-160l,https://artiani.com.mx/producto/pecera-80-x-40-x-50-cm-altura-6-mm-160l,https://sys.artiani.com.mx/media/apps/ecommerce/productos/1825/1777468728.webp,si,ARTIANI,"Acuario y peces / Peceras, acuarios y muebles / Peceras",1850,MXN,agotado
13,321,US0610,"Pecera acuario redu con luz led y filtro 20 litros",pecera-acuario-redu-con-luz-led-y-filtro-20l,https://artiani.com.mx/producto/pecera-acuario-redu-con-luz-led-y-filtro-20l,https://sys.artiani.com.mx/media/apps/ecommerce/productos/263/1712698734.jpg,si,BIOPRO,"Acuario y peces / Peceras, acuarios y muebles / Acuarios",1950,MXN,agotado
2189,1256,PERA-B4020,"Pecera bettera 40 x 11 x 20 cm 3 mm 9 litros rectangular 2 divisiones",pecera-bettera-40-x-11-x-20-cm-3-mm-9l-rectangular-2-divisiones,https://artiani.com.mx/producto/pecera-bettera-40-x-11-x-20-cm-3-mm-9l-rectangular-2-divisiones,https://sys.artiani.com.mx/media/apps/ecommerce/productos/1620/1761676286.webp,si,ARTIANI,"Acuario y peces / Peceras, acuarios y muebles / Peceras",260,MXN,agotado
2134,1198,PERM-01,"Pecera imen con mueble con marcos aleman",pecera-imen-con-mueble-con-marcos-aleman,https://artiani.com.mx/producto/pecera-imen-con-mueble-con-marcos-aleman,https://sys.artiani.com.mx/media/apps/ecommerce/productos/1553/1758743282.webp,si,,"Acuario y peces / Peceras, acuarios y muebles / Bases y muebles",5500,MXN,agotado
1611,530,PEP-01,"pecera panorámica 6 lts",pecera-panoramica-6l,https://artiani.com.mx/producto/pecera-panoramica-6l,https://sys.artiani.com.mx/media/apps/ecommerce/productos/596/1669923268.png,si,ARTIANI,"Acuario y peces / Peceras, acuarios y muebles / Peceras",,,agotado
1605,524,HP4512,"Pecera panorámica 9 mm 77 x 38 x 65 cm",pecera-panoramica-9-mm-77-x-38-x-65-cm,https://artiani.com.mx/producto/pecera-panoramica-9-mm-77-x-38-x-65-cm,https://sys.artiani.com.mx/media/apps/ecommerce/productos/588/1699213735.jpg,si,ARTIANI,"Acuario y peces / Peceras, acuarios y muebles / Peceras",2980,MXN,agotado
2623,1735,KITPECPAN2023-15L,"Pecera panorámica equipada 15 litros",pecera-panoramica-equipada-15l,https://artiani.com.mx/producto/pecera-panoramica-equipada-15l,https://sys.artiani.com.mx/media/apps/ecommerce/productos/595/1669942873.png,si,,"Acuario y peces / Peceras, acuarios y muebles / Peceras equipadas",,,agotado
2622,1734,KITPECPAN20-6L,"Pecera panorámica equipada 6 litros",pecera-panoramica-equipada-6l,https://artiani.com.mx/producto/pecera-panoramica-equipada-6l,https://sys.artiani.com.mx/media/apps/ecommerce/productos/592/1669918292.png,si,,"Acuario y peces / Peceras, acuarios y muebles / Peceras equipadas",,,agotado
2030,1075,PER-14,"Pecera rectangular 20cm con división",pecera-rectangular-20cm-con-division,https://artiani.com.mx/producto/pecera-rectangular-20cm-con-division,https://sys.artiani.com.mx/media/apps/ecommerce/productos/1395/1732115985.JPG,si,ARTIANI,"Acuario y peces / Peceras, acuarios y muebles / Peceras",,,agotado
1779,757,SH-220308,"Pegaso comedero come lento interactivo",pegaso-comedero-come-lento-interactivo,https://artiani.com.mx/producto/pegaso-comedero-come-lento-interactivo,https://sys.artiani.com.mx/media/apps/ecommerce/productos/913/1699709842.jpg,si,"SAKURA PETTO","Perros / Alimentacion / Comederos y bebederos",,,agotado
713,147,WAT616,"Pellets para pez japones 90 gr",pellets-para-pez-japones-90g,https://artiani.com.mx/producto/pellets-para-pez-japones-90g,https://sys.artiani.com.mx/media/apps/ecommerce/productos/6/1688908087.jpg,si,LOMAS,"Acuario y peces / Alimentacion / Alimentos de acuario",35,MXN,agotado
2384,1456,FL9705,"Pelota crazy para gato con luz y movimiento",pelota-crazy-para-gato-con-luz-y-movimiento,https://artiani.com.mx/producto/pelota-crazy-para-gato-con-luz-y-movimiento,https://sys.artiani.com.mx/media/apps/ecommerce/productos/1837/1773496269.webp,si,"FANCY PETS","Gatos / Juego y enriquecimiento / Juguetes",99,MXN,agotado
1557,464,FL7156,"Pelota grande de tenis con squeaker",pelota-grande-de-tenis-con-squeaker,https://artiani.com.mx/producto/pelota-grande-de-tenis-con-squeaker,https://sys.artiani.com.mx/media/apps/ecommerce/productos/517/1696731463.jpg,si,"FANCY PETS","Perros / Juego y enriquecimiento / Juguetes",90,MXN,agotado
2105,1168,Q221,"Pentabiocare acondicionador 1 l",pentabiocare-acondicionador-1l,https://artiani.com.mx/producto/pentabiocare-acondicionador-1l,https://sys.artiani.com.mx/media/apps/ecommerce/productos/1519/1757976118.webp,si,BIOMAA,"Acuario y peces / Repuestos, aditamentos y accesorios / Aditamentos",250,MXN,agotado
1677,608,Q218,"Pentabiocare acondicionador 45 ml",pentabiocare-acondicionador-45ml,https://artiani.com.mx/producto/pentabiocare-acondicionador-45ml,https://sys.artiani.com.mx/media/apps/ecommerce/productos/716/1712863978.jpg,si,BIOMAA,"Acuario y peces / Repuestos, aditamentos y accesorios / Aditamentos",,,agotado
1678,609,Q220,"Pentabiocare acondicionador 500 ml",pentabiocare-acondicionador-500ml,https://artiani.com.mx/producto/pentabiocare-acondicionador-500ml,https://sys.artiani.com.mx/media/apps/ecommerce/productos/717/1712863780.jpg,si,BIOMAA,"Acuario y peces / Repuestos, aditamentos y accesorios / Aditamentos",140,MXN,agotado
1898,900,FL3931,"Perfuma para hembra colonia lovely 125 ml",perfuma-para-hembra-colonia-lovely-125ml,https://artiani.com.mx/producto/perfuma-para-hembra-colonia-lovely-125ml,https://sys.artiani.com.mx/media/apps/ecommerce/productos/1180/1713040233.jpg,si,"FANCY PETS","Perros / Salud e higiene / Higiene y limpieza",99,MXN,agotado
1897,899,FL3941,"Perfume para hembra colonia crazy 125 ml",perfume-para-hembra-colonia-crazy-125ml,https://artiani.com.mx/producto/perfume-para-hembra-colonia-crazy-125ml,https://sys.artiani.com.mx/media/apps/ecommerce/productos/1179/1713039329.jpg,si,"FANCY PETS","Perros / Salud e higiene / Higiene y limpieza",99,MXN,agotado
1954,980,FL3930,"Perfume para macho colonia titan 125 ml",perfume-para-macho-colonia-titan-125ml,https://artiani.com.mx/producto/perfume-para-macho-colonia-titan-125ml,https://sys.artiani.com.mx/media/apps/ecommerce/productos/1289/1716681590.jpg,si,"FANCY PETS","Perros / Salud e higiene / Higiene y limpieza",95,MXN,agotado
1955,981,FL3940,"Perfume para macho colonia wild 125 ml",perfume-para-macho-colonia-wild-125ml,https://artiani.com.mx/producto/perfume-para-macho-colonia-wild-125ml,https://sys.artiani.com.mx/media/apps/ecommerce/productos/1290/1716697667.jpg,si,"FANCY PETS","Perros / Salud e higiene / Higiene y limpieza",95,MXN,agotado
1772,750,SH-230908,"Perla fuente de flor con comedero (rosa)",perla-fuente-de-flor-con-comedero-rosa,https://artiani.com.mx/producto/perla-fuente-de-flor-con-comedero-rosa,https://sys.artiani.com.mx/media/apps/ecommerce/productos/905/1699704906.jpg,si,"SAKURA PETTO","Perros / Alimentacion / Comederos y bebederos",,,agotado
1587,494,Q407,"Permaseptic 45 ml biomaa",permaseptic-45ml-biomaa,https://artiani.com.mx/producto/permaseptic-45ml-biomaa,https://sys.artiani.com.mx/media/apps/ecommerce/productos/551/1712863412.jpg,si,BIOMAA,"Acuario y peces / Repuestos, aditamentos y accesorios / Aditamentos",,,agotado
1643,568,PEZA-01,"Pez angel mixto mini",pez-angel-mixto-mini,https://artiani.com.mx/producto/pez-angel-mixto-mini,https://sys.artiani.com.mx/media/apps/ecommerce/productos/659/1715283551.jpg,si,,,45,MXN,agotado
1631,553,PEZK-01,"Pez carpas koi chicas",pez-carpas-koi-chicas,https://artiani.com.mx/producto/pez-carpas-koi-chicas,https://sys.artiani.com.mx/media/apps/ecommerce/productos/627/1715284616.jpg,si,,,35,MXN,agotado
1633,555,PEZC-03,"Pez cebra durazno neón",pez-cebra-durazno-neon,https://artiani.com.mx/producto/pez-cebra-durazno-neon,https://sys.artiani.com.mx/media/apps/ecommerce/productos/632/1715282534.jpg,si,,,5,MXN,agotado
1634,556,PEZC-01,"Pez cebra rosa neón",pez-cebra-rosa-neon,https://artiani.com.mx/producto/pez-cebra-rosa-neon,https://sys.artiani.com.mx/media/apps/ecommerce/productos/633/1715279577.jpg,si,,,5,MXN,agotado
1645,570,PEZC-02,"Pez cebra verde neón",pez-cebra-verde-neon,https://artiani.com.mx/producto/pez-cebra-verde-neon,https://sys.artiani.com.mx/media/apps/ecommerce/productos/663/1715281306.jpg,si,,,5,MXN,agotado
1636,558,PEZAL-01,"Pez de alimento",pez-de-alimento,https://artiani.com.mx/producto/pez-de-alimento,https://sys.artiani.com.mx/media/apps/ecommerce/productos/636/1715285672.jpg,si,,,2,MXN,agotado
1638,560,PEZG-03,"Pez guramy azul",pez-guramy-azul,https://artiani.com.mx/producto/pez-guramy-azul,https://sys.artiani.com.mx/media/apps/ecommerce/productos/640/1716856062.jpg,si,,,25,MXN,agotado
1648,577,PEZJM-01,"Pez japonés mini comun",pez-japones-mini-comun,https://artiani.com.mx/producto/pez-japones-mini-comun,https://sys.artiani.com.mx/media/apps/ecommerce/productos/675/1716232980.jpg,si,,,15,MXN,agotado
1650,579,PEZMY-01,"Pez molly balón blanco",pez-molly-balon-blanco,https://artiani.com.mx/producto/pez-molly-balon-blanco,https://sys.artiani.com.mx/media/apps/ecommerce/productos/678/1715611010.jpg,si,,,25,MXN,agotado
1630,552,PEZMY-03,"Pez molly balón naranja",pez-molly-balon-naranja,https://artiani.com.mx/producto/pez-molly-balon-naranja,https://sys.artiani.com.mx/media/apps/ecommerce/productos/625/1715642470.jpg,si,,,25,MXN,agotado
1640,562,PEZMY-04,"Pez molly balón negro",pez-molly-balon-negro,https://artiani.com.mx/producto/pez-molly-balon-negro,https://sys.artiani.com.mx/media/apps/ecommerce/productos/644/1715731400.jpg,si,,,25,MXN,agotado
1651,580,PEZMY-02,"Pez molly balón pinteado",pez-molly-balon-pinteado,https://artiani.com.mx/producto/pez-molly-balon-pinteado,https://sys.artiani.com.mx/media/apps/ecommerce/productos/679/1715641915.jpg,si,,,25,MXN,agotado
1660,591,PEZMY-07,"Pez molly bicolor",pez-molly-bicolor,https://artiani.com.mx/producto/pez-molly-bicolor,https://sys.artiani.com.mx/media/apps/ecommerce/productos/693/1715729018.jpg,si,,,15,MXN,agotado
1641,563,PEZMY-05,"Pez molly naranja chico",pez-molly-naranja-chico,https://artiani.com.mx/producto/pez-molly-naranja-chico,https://sys.artiani.com.mx/media/apps/ecommerce/productos/645/1715728371.jpg,si,,,15,MXN,agotado
1647,576,PEZMY-06,"Pez molly pinteado",pez-molly-pinteado,https://artiani.com.mx/producto/pez-molly-pinteado,https://sys.artiani.com.mx/media/apps/ecommerce/productos/674/1715728882.jpg,si,,,15,MXN,agotado
1653,582,PEZTM-02,"Pez moro calico chico",pez-moro-calico-chico,https://artiani.com.mx/producto/pez-moro-calico-chico,https://sys.artiani.com.mx/media/apps/ecommerce/productos/681/1715887830.jpg,si,,,25,MXN,agotado
1655,584,PEZTM-01,"Pez moro negro chico",pez-moro-negro-chico,https://artiani.com.mx/producto/pez-moro-negro-chico,https://sys.artiani.com.mx/media/apps/ecommerce/productos/683/1715884766.jpg,si,,,25,MXN,agotado
1629,550,PEZPG-01,"Pez pareja de guppy",pez-pareja-de-guppy,https://artiani.com.mx/producto/pez-pareja-de-guppy,https://sys.artiani.com.mx/media/apps/ecommerce/productos/621/1715462429.jpg,si,,,25,MXN,agotado
1658,589,PEZS-01,"Pez sumatrano tigre verde",pez-sumatrano-tigre-verde,https://artiani.com.mx/producto/pez-sumatrano-tigre-verde,https://sys.artiani.com.mx/media/apps/ecommerce/productos/689/1715460955.jpg,si,,,25,MXN,agotado
2013,1055,HA-203C,"Piedra aereador circular 7.5 cm",piedra-aereador-circular-7-5-cm,https://artiani.com.mx/producto/piedra-aereador-circular-7-5-cm,https://sys.artiani.com.mx/media/apps/ecommerce/productos/1375/1731417089.jpg,si,HAOHAI,"Acuario y peces / Equipamiento tecnico / Filtracion y oxigenacion",,,agotado
1905,909,1918,"Piedra aereador con base plastico 10""",piedra-aereador-con-base-plastico-10,https://artiani.com.mx/producto/piedra-aereador-con-base-plastico-10,https://sys.artiani.com.mx/media/apps/ecommerce/productos/1189/1713203273.jpg,si,"AQUA KRIL","Acuario y peces / Equipamiento tecnico / Filtracion y oxigenacion",65,MXN,agotado
15,1054,HA-118C,"Piedra aereador tortuga 6 x 8 cm",piedra-aereador-tortuga-6-x-8-cm,https://artiani.com.mx/producto/piedra-aereador-tortuga-6-x-8-cm,https://sys.artiani.com.mx/media/apps/ecommerce/productos/1374/1731416282.jpg,si,HAOHAI,"Acuario y peces / Equipamiento tecnico / Filtracion y oxigenacion",50,MXN,agotado
376,376,FL8411,"Piedra aireadora 10 cm",piedra-aireadora-10-cm,https://artiani.com.mx/producto/piedra-aireadora-10-cm,https://sys.artiani.com.mx/media/apps/ecommerce/productos/355/1697933113.jpg,si,LOMAS,"Acuario y peces / Equipamiento tecnico / Filtracion y oxigenacion",,,agotado
377,377,FL8412,"Piedra aireadora 15 cm",piedra-aireadora-15-cm,https://artiani.com.mx/producto/piedra-aireadora-15-cm,https://sys.artiani.com.mx/media/apps/ecommerce/productos/356/1711145584.jpg,si,LOMAS,"Acuario y peces / Equipamiento tecnico / Filtracion y oxigenacion",,,agotado
378,378,FL8413,"Piedra aireadora 20 cm",piedra-aireadora-20-cm,https://artiani.com.mx/producto/piedra-aireadora-20-cm,https://sys.artiani.com.mx/media/apps/ecommerce/productos/357/1711145880.jpg,si,LOMAS,"Acuario y peces / Equipamiento tecnico / Filtracion y oxigenacion",,,agotado
374,374,FL8414,"Piedra aireadora 25 cm",piedra-aireadora-25-cm,https://artiani.com.mx/producto/piedra-aireadora-25-cm,https://sys.artiani.com.mx/media/apps/ecommerce/productos/353/1711145741.jpg,si,LOMAS,"Acuario y peces / Equipamiento tecnico / Filtracion y oxigenacion",,,agotado
375,375,FL8415,"Piedra aireadora 30 cm",piedra-aireadora-30-cm,https://artiani.com.mx/producto/piedra-aireadora-30-cm,https://sys.artiani.com.mx/media/apps/ecommerce/productos/354/1711145693.jpg,si,LOMAS,"Acuario y peces / Equipamiento tecnico / Filtracion y oxigenacion",,,agotado
2025,1068,FIPI-03,"Piedra de resina risco",piedra-de-resina-risco,https://artiani.com.mx/producto/piedra-de-resina-risco,https://sys.artiani.com.mx/media/apps/ecommerce/productos/1388/1731655225.JPG,si,,"Acuario y peces / Decoracion y ambientacion / Decoracion para peces",,,agotado
2026,1069,FIPI-03N,"Piedra de resina risco nara",piedra-de-resina-risco-nara,https://artiani.com.mx/producto/piedra-de-resina-risco-nara,https://sys.artiani.com.mx/media/apps/ecommerce/productos/1389/1731655573.JPG,si,,"Acuario y peces / Decoracion y ambientacion / Decoracion para peces",,,agotado
2027,1070,FIPI-03V,"Piedra de resina risco vol",piedra-de-resina-risco-vol,https://artiani.com.mx/producto/piedra-de-resina-risco-vol,https://sys.artiani.com.mx/media/apps/ecommerce/productos/1390/1731655716.JPG,si,,"Acuario y peces / Decoracion y ambientacion / Decoracion para peces",,,agotado
2023,1066,FIPI-02,"Piedra de resina roca filt",piedra-de-resina-roca-filt,https://artiani.com.mx/producto/piedra-de-resina-roca-filt,https://sys.artiani.com.mx/media/apps/ecommerce/productos/1386/1731673646.JPG,si,,"Acuario y peces / Decoracion y ambientacion / Decoracion para peces",,,agotado
2024,1067,FIPI-02F,"Piedra de resina roca filt fuego",piedra-de-resina-roca-filt-fuego,https://artiani.com.mx/producto/piedra-de-resina-roca-filt-fuego,https://sys.artiani.com.mx/media/apps/ecommerce/productos/1387/1731654757.JPG,si,,"Acuario y peces / Decoracion y ambientacion / Decoracion para peces",,,agotado
2021,1064,FIPI-01,"Piedra de resina roca mini",piedra-de-resina-roca-mini,https://artiani.com.mx/producto/piedra-de-resina-roca-mini,https://sys.artiani.com.mx/media/apps/ecommerce/productos/1384/1731652328.JPG,si,,"Acuario y peces / Decoracion y ambientacion / Decoracion para peces",,,agotado
2022,1065,FIPI-01N,"Piedra de resina roca mini deser",piedra-de-resina-roca-mini-deser,https://artiani.com.mx/producto/piedra-de-resina-roca-mini-deser,https://sys.artiani.com.mx/media/apps/ecommerce/productos/1385/1731653035.JPG,si,,"Acuario y peces / Decoracion y ambientacion / Decoracion para peces",,,agotado
1909,913,1905,"Piedra difusora aereador con base plastico 4""",piedra-difusora-aereador-con-base-plastico-4,https://artiani.com.mx/producto/piedra-difusora-aereador-con-base-plastico-4,https://sys.artiani.com.mx/media/apps/ecommerce/productos/1193/1713310274.jpg,si,"AQUA KRIL","Acuario y peces / Equipamiento tecnico / Filtracion y oxigenacion",35,MXN,agotado
1908,912,1913,"Piedra difusora aereador con base plastico 6""",piedra-difusora-aereador-con-base-plastico-6,https://artiani.com.mx/producto/piedra-difusora-aereador-con-base-plastico-6,https://sys.artiani.com.mx/media/apps/ecommerce/productos/1192/1713310271.jpg,si,"AQUA KRIL","Acuario y peces / Equipamiento tecnico / Filtracion y oxigenacion",50,MXN,agotado
1907,911,1916,"Piedra difusora aereador con base plastico 8""",piedra-difusora-aereador-con-base-plastico-8,https://artiani.com.mx/producto/piedra-difusora-aereador-con-base-plastico-8,https://sys.artiani.com.mx/media/apps/ecommerce/productos/1191/1713310259.jpg,si,"AQUA KRIL","Acuario y peces / Equipamiento tecnico / Filtracion y oxigenacion",55,MXN,agotado
1906,910,1920,"Piedra difusora langosta azul mediana",piedra-difusora-langosta-azul-mediana,https://artiani.com.mx/producto/piedra-difusora-langosta-azul-mediana,https://sys.artiani.com.mx/media/apps/ecommerce/productos/1190/1713310256.jpg,si,"AQUA KRIL","Acuario y peces / Equipamiento tecnico / Filtracion y oxigenacion",76,MXN,agotado
2696,1825,PBC,"Píedra mar blanca",piedra-mar-blanca,https://artiani.com.mx/producto/piedra-mar-blanca,https://sys.artiani.com.mx/uploads/erp/catalogo/productos/1573/producto-1573-20260827123828-347a2a81.webp,si,,"Acuario y peces / Decoracion y ambientacion / Sustratos, gravas y arenas",,,agotado
189,163,50424,"Pildora dispensador con 30 bolsas",pildora-dispensador-con-30-bolsas,https://artiani.com.mx/producto/pildora-dispensador-con-30-bolsas,https://sys.artiani.com.mx/media/apps/ecommerce/productos/31/1697671841.jpg,si,SEVENPET,"Perros / Accesorios generales",35,MXN,consultar_disponibilidad
2077,1124,CT-20,"Pinzas alimentadores para insectos",pinzas-alimentadores-para-insectos,https://artiani.com.mx/producto/pinzas-alimentadores-para-insectos,https://sys.artiani.com.mx/media/apps/ecommerce/productos/1468/1759446226.webp,si,"ZOO MED","Reptiles, anfibios e invertebrados / Accesorios generales",195,MXN,agotado
2163,1229,7798176423671,"Pipeta protech antipulgas antiparasitaria para gatos de mas de 5 kg azul",pipeta-protech-antipulgas-antiparasitaria-para-gatos-de-mas-de-5kg-azul,https://artiani.com.mx/producto/pipeta-protech-antipulgas-antiparasitaria-para-gatos-de-mas-de-5kg-azul,https://sys.artiani.com.mx/media/apps/ecommerce/productos/1588/1759956481.webp,si,LABYES,"Gatos / Salud e higiene / Higiene y limpieza",250,MXN,agotado
2162,1228,77982176423688,"Pipeta protech antipulgas antiparasitaria para gatos de menos de 5 kg rosa",pipeta-protech-antipulgas-antiparasitaria-para-gatos-de-menos-de-5kg-rosa,https://artiani.com.mx/producto/pipeta-protech-antipulgas-antiparasitaria-para-gatos-de-menos-de-5kg-rosa,https://sys.artiani.com.mx/media/apps/ecommerce/productos/1587/1759952080.webp,si,LABYES,"Gatos / Salud e higiene / Higiene y limpieza",230,MXN,agotado
324,261,3573,"Placa termica reptilectric 18 x 14 cm",placa-termica-reptilectric-18-x-14-cm,https://artiani.com.mx/producto/placa-termica-reptilectric-18-x-14-cm,https://sys.artiani.com.mx/media/apps/ecommerce/productos/158/1670010108.png,si,"AQUA KRIL","Reptiles, anfibios e invertebrados / Reptiles generales / Calefaccion",310,MXN,agotado
325,262,3574,"Placa termica reptilectric 18 x 26 cm",placa-termica-reptilectric-18-x-26-cm,https://artiani.com.mx/producto/placa-termica-reptilectric-18-x-26-cm,https://sys.artiani.com.mx/media/apps/ecommerce/productos/159/1670008778.png,si,"AQUA KRIL","Reptiles, anfibios e invertebrados / Reptiles generales / Calefaccion",345,MXN,agotado
323,260,3575,"Placa termica reptilectric 36 x 14 cm",placa-termica-reptilectric-36-x-14-cm,https://artiani.com.mx/producto/placa-termica-reptilectric-36-x-14-cm,https://sys.artiani.com.mx/media/apps/ecommerce/productos/157/1670010948.png,si,"AQUA KRIL","Reptiles, anfibios e invertebrados / Reptiles generales / Calefaccion",395,MXN,agotado
327,264,3576,"Placa termica reptilectric 36 x 26 cm",placa-termica-reptilectric-36-x-26-cm,https://artiani.com.mx/producto/placa-termica-reptilectric-36-x-26-cm,https://sys.artiani.com.mx/media/apps/ecommerce/productos/161/1670011250.png,si,"AQUA KRIL","Reptiles, anfibios e invertebrados / Reptiles generales / Calefaccion",450,MXN,agotado
328,265,3571,"Placa termica reptilectric 8 x 14 cm",placa-termica-reptilectric-8-x-14-cm,https://artiani.com.mx/producto/placa-termica-reptilectric-8-x-14-cm,https://sys.artiani.com.mx/media/apps/ecommerce/productos/162/1669944113.png,si,"AQUA KRIL","Reptiles, anfibios e invertebrados / Reptiles generales / Calefaccion",260,MXN,agotado
326,263,3572,"Placa termica reptilectric 8 x 26 cm",placa-termica-reptilectric-8-x-26-cm,https://artiani.com.mx/producto/placa-termica-reptilectric-8-x-26-cm,https://sys.artiani.com.mx/media/apps/ecommerce/productos/160/1670007690.png,si,"AQUA KRIL","Reptiles, anfibios e invertebrados / Reptiles generales / Calefaccion",285,MXN,agotado
312,203,1264,"Plato retarda ingesta 750 ml 20 x 6 cm",plato-retarda-ingesta-750ml-20-x-6-cm,https://artiani.com.mx/producto/plato-retarda-ingesta-750ml-20-x-6-cm,https://sys.artiani.com.mx/media/apps/ecommerce/productos/79/1688391218.jpg,si,"AQUA KRIL","Gatos / Alimentacion / Comederos y bebederos",,,agotado
2540,1617,FL8182,"Plato tazón comedero 16 oz 454 gr",plato-tazon-comedero-16-oz-454g,https://artiani.com.mx/producto/plato-tazon-comedero-16-oz-454g,https://sys.artiani.com.mx/media/apps/ecommerce/productos/1194/1713311725.jpg,si,"FANCY PETS","Perros / Alimentacion / Comederos y bebederos",,,agotado
1823,806,FL3629,"Polvo antipulgas 100 grs",polvo-antipulgas-100g,https://artiani.com.mx/producto/polvo-antipulgas-100g,https://sys.artiani.com.mx/media/apps/ecommerce/productos/1049/1712062535.jpg,si,"FANCY PETS","Perros / Salud e higiene / Antipulgas y control externo",170,MXN,agotado
1551,454,FL4006,"Polvo para baño chinchilla y mamíferos pequeños 1.5 kg",polvo-para-bano-chinchilla-y-mamiferos-pequenos-1-5kg,https://artiani.com.mx/producto/polvo-para-bano-chinchilla-y-mamiferos-pequenos-1-5kg,https://sys.artiani.com.mx/media/apps/ecommerce/productos/490/1689862229.jpg,si,REDKITE,"Pequenos mamiferos / Hamster / Salud e higiene / Sustratos",,,agotado
341,291,POS-09,"Póster coraris 30 cm por rollo",poster-coraris-30-cm-por-rollo,https://artiani.com.mx/producto/poster-coraris-30-cm-por-rollo,https://sys.artiani.com.mx/media/apps/ecommerce/productos/208/1708556879.jpg,si,,,,,agotado
358,343,POS-03,"Póster coraver 50cm por rollo",poster-coraver-50cm-por-rollo,https://artiani.com.mx/producto/poster-coraver-50cm-por-rollo,https://sys.artiani.com.mx/media/apps/ecommerce/productos/308/1708283453.jpg,si,,,,,agotado
344,305,POS-12,"Póster corgu 30cm en rollo",poster-corgu-30cm-en-rollo,https://artiani.com.mx/producto/poster-corgu-30cm-en-rollo,https://sys.artiani.com.mx/media/apps/ecommerce/productos/226/1708562352.jpg,si,,,,,agotado
339,287,POS-08,"Póster desel 30 cm por rollo",poster-desel-30-cm-por-rollo,https://artiani.com.mx/producto/poster-desel-30-cm-por-rollo,https://sys.artiani.com.mx/media/apps/ecommerce/productos/200/1708555894.jpg,si,,,,,agotado
350,324,POS-05,"Póster enrocas 50cm por rollo",poster-enrocas-50cm-por-rollo,https://artiani.com.mx/producto/poster-enrocas-50cm-por-rollo,https://sys.artiani.com.mx/media/apps/ecommerce/productos/267/1708285654.jpg,si,,,,,agotado
343,304,POS-11,"Póster marok 30 por rollo",poster-marok-30-por-rollo,https://artiani.com.mx/producto/poster-marok-30-por-rollo,https://sys.artiani.com.mx/media/apps/ecommerce/productos/225/1708560270.jpg,si,,,,,agotado
361,346,POS-04,"Póster marpla 50cm por rollo",poster-marpla-50cm-por-rollo,https://artiani.com.mx/producto/poster-marpla-50cm-por-rollo,https://sys.artiani.com.mx/media/apps/ecommerce/productos/311/1708284611.jpg,si,,,,,agotado
360,345,BGRR-24,"Póster piedramar 60cm por rollo",poster-piedramar-60cm-por-rollo,https://artiani.com.mx/producto/poster-piedramar-60cm-por-rollo,https://sys.artiani.com.mx/media/apps/ecommerce/productos/310/1708280742.jpg,si,,,,,agotado
342,303,POS-10,"Póster placor 30 cm por rollo",poster-placor-30-cm-por-rollo,https://artiani.com.mx/producto/poster-placor-30-cm-por-rollo,https://sys.artiani.com.mx/media/apps/ecommerce/productos/224/1708557906.jpg,si,,,,,agotado
359,344,POS-02,"Póster planver 60 cm por rollo",poster-planver-60-cm-por-rollo,https://artiani.com.mx/producto/poster-planver-60-cm-por-rollo,https://sys.artiani.com.mx/media/apps/ecommerce/productos/309/1708282026.jpg,si,,,,,agotado
335,278,POS-06,"Póster ramar 50cm por rollo",poster-ramar-50cm-por-rollo,https://artiani.com.mx/producto/poster-ramar-50cm-por-rollo,https://sys.artiani.com.mx/media/apps/ecommerce/productos/184/1708286187.jpg,si,,,,,agotado
338,284,POS-07,"Póster selva 30 cm en rollo",poster-selva-30-cm-en-rollo,https://artiani.com.mx/producto/poster-selva-30-cm-en-rollo,https://sys.artiani.com.mx/media/apps/ecommerce/productos/196/1708554586.jpg,si,,,,,agotado
1727,683,FL4034,"Premio de semillas para hamster corazón 2 pz",premio-de-semillas-para-hamster-corazon-2,https://artiani.com.mx/producto/premio-de-semillas-para-hamster-corazon-2,https://sys.artiani.com.mx/media/apps/ecommerce/productos/812/1697933702.jpg,si,REDKITE,"Pequenos mamiferos / Hamster / Alimentacion / Desgaste dental",60,MXN,agotado
2167,1234,1124186,"Premios masticales sin carnaza smartbones camote 8 huesos mini 112 gr",premios-masticales-sin-carnaza-smartbones-camote-8-huesos-mini-112g,https://artiani.com.mx/producto/premios-masticales-sin-carnaza-smartbones-camote-8-huesos-mini-112g,https://sys.artiani.com.mx/media/apps/ecommerce/productos/1596/1760190003.webp,si,SMARTBONES,"Perros / Alimentacion / Premios y snacks",,,agotado
2168,1235,1124187,"Premios masticales sin carnaza smartbones mantequilla de maní 8 huesos mini 112 gr",premios-masticales-sin-carnaza-smartbones-mantequilla-de-mani-8-huesos-mini-112g,https://artiani.com.mx/producto/premios-masticales-sin-carnaza-smartbones-mantequilla-de-mani-8-huesos-mini-112g,https://sys.artiani.com.mx/media/apps/ecommerce/productos/1597/1760190344.webp,si,SMARTBONES,"Perros / Alimentacion / Premios y snacks",,,agotado
4333,1916,OC-500RP,"PROPELA OC-500",propela-oc-500,https://artiani.com.mx/producto/propela-oc-500,https://sys.artiani.com.mx/uploads/erp/catalogo/productos/1632/producto-1632-20260914054842-8d8a0d6b.webp,si,"OCEAN AQUA","Acuario y peces / Repuestos, aditamentos y accesorios / Accesorios generales",,,agotado
2218,1287,ENES-RAPA241418,"Rampa nivel con cueva chica para roedores",rampa-nivel-con-cueva-chica-para-roedores,https://artiani.com.mx/producto/rampa-nivel-con-cueva-chica-para-roedores,https://sys.artiani.com.mx/media/apps/ecommerce/productos/1656/1766068708.webp,si,ARTIANI,"Pequenos mamiferos / Accesorios generales",250,MXN,agotado
2219,1288,ENES-RAPA242418,"Rampa nivel con cueva mediana para roedores",rampa-nivel-con-cueva-mediana-para-roedores,https://artiani.com.mx/producto/rampa-nivel-con-cueva-mediana-para-roedores,https://sys.artiani.com.mx/media/apps/ecommerce/productos/1657/1766066447.webp,si,ARTIANI,"Pequenos mamiferos / Accesorios generales",350,MXN,agotado
2200,1268,7738,"Rascadero arbol 58 x 40 x 166.5 cm",rascadero-arbol-58-x-40-x-166-5-cm,https://artiani.com.mx/producto/rascadero-arbol-58-x-40-x-166-5-cm,https://sys.artiani.com.mx/media/apps/ecommerce/productos/1634/1764945740.webp,si,SEVENPET,"Gatos / Juego y enriquecimiento / Rascadores",1750,MXN,agotado
2201,1269,7730,"Rascadero arbol 60 x 34 x 93 cm",rascadero-arbol-60-x-34-x-93-cm,https://artiani.com.mx/producto/rascadero-arbol-60-x-34-x-93-cm,https://sys.artiani.com.mx/media/apps/ecommerce/productos/1635/1764945881.webp,si,SEVENPET,"Gatos / Juego y enriquecimiento / Rascadores",990,MXN,agotado
2202,1270,7732,"Rascadero arbol 64 x 47 x 95 cm",rascadero-arbol-64-x-47-x-95-cm,https://artiani.com.mx/producto/rascadero-arbol-64-x-47-x-95-cm,https://sys.artiani.com.mx/media/apps/ecommerce/productos/1636/1764946012.webp,si,SEVENPET,"Gatos / Juego y enriquecimiento / Rascadores",990,MXN,agotado
2203,1271,7734,"Rascadero arbol 78 x 42.8 x 154.2 cm",rascadero-arbol-78-x-42-8-x-154-2-cm,https://artiani.com.mx/producto/rascadero-arbol-78-x-42-8-x-154-2-cm,https://sys.artiani.com.mx/media/apps/ecommerce/productos/1637/1764946201.webp,si,SEVENPET,"Gatos / Juego y enriquecimiento / Rascadores",1550,MXN,agotado
352,328,PI0709-0345,"Rascadero colgante chango",rascadero-colgante-chango,https://artiani.com.mx/producto/rascadero-colgante-chango,https://sys.artiani.com.mx/media/apps/ecommerce/productos/273/1689857982.jpg,si,,"Gatos / Juego y enriquecimiento / Rascadores",,,agotado
1785,763,PI0709-0346,"Rascadero colgante elefante",rascadero-colgante-elefante,https://artiani.com.mx/producto/rascadero-colgante-elefante,https://sys.artiani.com.mx/media/apps/ecommerce/productos/921/1700423392.jpg,si,,"Gatos / Juego y enriquecimiento / Rascadores",,,agotado
356,334,PI0709-0347,"Rascadero colgante jirafa",rascadero-colgante-jirafa,https://artiani.com.mx/producto/rascadero-colgante-jirafa,https://sys.artiani.com.mx/media/apps/ecommerce/productos/289/1689857545.jpg,si,,"Gatos / Juego y enriquecimiento / Rascadores",,,agotado
332,272,PI0709-0348,"Rascadero colgante león",rascadero-colgante-leon,https://artiani.com.mx/producto/rascadero-colgante-leon,https://sys.artiani.com.mx/media/apps/ecommerce/productos/176/1689858593.jpg,si,,"Gatos / Juego y enriquecimiento / Rascadores",,,agotado
2029,1073,RAS-02,"Rascadero colgante mini pig",rascadero-colgante-mini-pig,https://artiani.com.mx/producto/rascadero-colgante-mini-pig,https://sys.artiani.com.mx/media/apps/ecommerce/productos/1393/1731677220.JPG,si,,"Gatos / Juego y enriquecimiento / Rascadores",,,agotado
2028,1072,RAS-02VA,"Rascadero colgante vaca",rascadero-colgante-vaca,https://artiani.com.mx/producto/rascadero-colgante-vaca,https://sys.artiani.com.mx/media/apps/ecommerce/productos/1392/1731676664.JPG,si,,"Gatos / Juego y enriquecimiento / Rascadores",,,agotado
2371,1443,SP-3791,"Rascadero de carton para gatos pawffy 48.5 x 12 x 5 cm",rascadero-de-carton-para-gatos-pawffy-48-5-x-12-x-5-cm,https://artiani.com.mx/producto/rascadero-de-carton-para-gatos-pawffy-48-5-x-12-x-5-cm,https://sys.artiani.com.mx/media/apps/ecommerce/productos/1824/1773148004.webp,si,SUNNY,"Gatos / Juego y enriquecimiento / Rascadores",120,MXN,agotado
304,141,RAS-12CA,"Rascadero mei grande cafe",rascadero-mei-grande-cafe,https://artiani.com.mx/producto/rascadero-mei-grande-cafe,https://sys.artiani.com.mx/media/apps/ecommerce/productos/1434/1759430053.webp,si,ROOMMIE,"Gatos / Juego y enriquecimiento / Rascadores",1750,MXN,agotado
710,139,RAS-12GR,"Rascadero mei grande gris",rascadero-mei-grande-gris,https://artiani.com.mx/producto/rascadero-mei-grande-gris,https://sys.artiani.com.mx/media/apps/ecommerce/productos/1433/1759430004.webp,si,ROOMMIE,"Gatos / Juego y enriquecimiento / Rascadores",1750,MXN,agotado
711,140,RAS-12,"Rascadero mei grande negro",rascadero-mei-grande-negro,https://artiani.com.mx/producto/rascadero-mei-grande-negro,https://sys.artiani.com.mx/media/apps/ecommerce/productos/1432/1759430123.webp,si,ROOMMIE,"Gatos / Juego y enriquecimiento / Rascadores",,,agotado
2569,1665,PI0710-0270,"Rascadero mei mediano cafe",rascadero-mei-mediano-cafe,https://artiani.com.mx/producto/rascadero-mei-mediano-cafe,https://sys.artiani.com.mx/media/apps/ecommerce/productos/1429/1764940440.webp,si,ROOMMIE,"Gatos / Juego y enriquecimiento / Rascadores",,,agotado
2571,1667,PI0710-0262,"Rascadero mei mediano gris",rascadero-mei-mediano-gris,https://artiani.com.mx/producto/rascadero-mei-mediano-gris,https://sys.artiani.com.mx/media/apps/ecommerce/productos/1429/1764940440.webp,si,ROOMMIE,"Gatos / Juego y enriquecimiento / Rascadores",1300,MXN,agotado
2570,1666,PI0710-0275,"Rascadero mei mediano negro",rascadero-mei-mediano-negro,https://artiani.com.mx/producto/rascadero-mei-mediano-negro,https://sys.artiani.com.mx/media/apps/ecommerce/productos/1429/1764940440.webp,si,ROOMMIE,"Gatos / Juego y enriquecimiento / Rascadores",,,agotado
2061,1108,FL8460,"Rascadero para gatos mueble alejandria 92 cm",rascadero-para-gatos-mueble-alejandria-92-cm,https://artiani.com.mx/producto/rascadero-para-gatos-mueble-alejandria-92-cm,https://sys.artiani.com.mx/media/apps/ecommerce/productos/1439/1759363870.webp,si,LOMAS,"Gatos / Juego y enriquecimiento / Rascadores",990,MXN,agotado
1877,874,FL8464,"Rascadero para gatos mueble ankara 240 cm",rascadero-para-gatos-mueble-ankara-240-cm,https://artiani.com.mx/producto/rascadero-para-gatos-mueble-ankara-240-cm,https://sys.artiani.com.mx/media/apps/ecommerce/productos/1152/1712809393.jpg,si,"FANCY PETS","Gatos / Juego y enriquecimiento / Rascadores",3550,MXN,agotado
2290,1360,FL8465,"Rascadero para gatos mueble guiza 175 cm",rascadero-para-gatos-mueble-guiza-175-cm,https://artiani.com.mx/producto/rascadero-para-gatos-mueble-guiza-175-cm,https://sys.artiani.com.mx/media/apps/ecommerce/productos/1736/1769526872.webp,si,"FANCY PETS","Gatos / Juego y enriquecimiento / Rascadores",2950,MXN,agotado
2289,1359,FL8467,"Rascadero para gatos mueble pekin 200 cm",rascadero-para-gatos-mueble-pekin-200-cm,https://artiani.com.mx/producto/rascadero-para-gatos-mueble-pekin-200-cm,https://sys.artiani.com.mx/media/apps/ecommerce/productos/1735/1769526517.webp,si,"FANCY PETS","Gatos / Juego y enriquecimiento / Rascadores",3250,MXN,agotado
1879,876,FL8461,"Rascadero para gatos mueble tebas 140 cm",rascadero-para-gatos-mueble-tebas-140-cm,https://artiani.com.mx/producto/rascadero-para-gatos-mueble-tebas-140-cm,https://sys.artiani.com.mx/media/apps/ecommerce/productos/1154/1764940795.webp,si,"FANCY PETS","Gatos / Juego y enriquecimiento / Rascadores",1799,MXN,agotado
1878,875,FL8462,"Rascadero para gatos mueble tripoli 143 cm",rascadero-para-gatos-mueble-tripoli-143-cm,https://artiani.com.mx/producto/rascadero-para-gatos-mueble-tripoli-143-cm,https://sys.artiani.com.mx/media/apps/ecommerce/productos/1153/1712809581.jpg,si,"FANCY PETS","Gatos / Juego y enriquecimiento / Rascadores",1899,MXN,agotado
2288,1358,FL8466,"Rascadero para gatos mueble tulum 170 cm",rascadero-para-gatos-mueble-tulum-170-cm,https://artiani.com.mx/producto/rascadero-para-gatos-mueble-tulum-170-cm,https://sys.artiani.com.mx/media/apps/ecommerce/productos/1734/1769526071.webp,si,"FANCY PETS","Gatos / Juego y enriquecimiento / Rascadores",2850,MXN,agotado
4331,1914,SBC-01,"Rasqueta limpiadora 50 cm",rasqueta-limpiadora-50-cm,https://artiani.com.mx/producto/rasqueta-limpiadora-50-cm,https://sys.artiani.com.mx/uploads/erp/catalogo/productos/1630/producto-1630-20260911101801-42526b7e.webp,si,SUNNY,"Acuario y peces / Repuestos, aditamentos y accesorios / Accesorios generales",,,agotado
1588,495,2913,"Rasqueton limpia vidrios 68cm esponja y fibra gr",rasqueton-limpia-vidrios-68cm-esponja-y-fibra-gr,https://artiani.com.mx/producto/rasqueton-limpia-vidrios-68cm-esponja-y-fibra-gr,https://sys.artiani.com.mx/media/apps/ecommerce/productos/553/1689187034.jpg,si,RASQUETON,"Acuario y peces / Repuestos, aditamentos y accesorios / Accesorios generales",170,MXN,agotado
394,400,FL7213,"Red de malla fina 5 in (13 cm)",red-de-malla-fina-5-in-13-cm,https://artiani.com.mx/producto/red-de-malla-fina-5-in-13-cm,https://sys.artiani.com.mx/media/apps/ecommerce/productos/393/1711668866.jpg,si,LOMAS,"Acuario y peces / Repuestos, aditamentos y accesorios / Accesorios generales",45,MXN,agotado
395,402,FL7206,"Red de malla gruesa 10 in (25 cm)",red-de-malla-gruesa-10-in-25-cm,https://artiani.com.mx/producto/red-de-malla-gruesa-10-in-25-cm,https://sys.artiani.com.mx/media/apps/ecommerce/productos/395/1711667988.jpg,si,LOMAS,"Acuario y peces / Repuestos, aditamentos y accesorios / Accesorios generales",85,MXN,agotado
393,399,FL7204,"Red de malla gruesa 6 in (15 cm)",red-de-malla-gruesa-6-in-15-cm,https://artiani.com.mx/producto/red-de-malla-gruesa-6-in-15-cm,https://sys.artiani.com.mx/media/apps/ecommerce/productos/392/1711668338.jpg,si,LOMAS,"Acuario y peces / Repuestos, aditamentos y accesorios / Accesorios generales",55,MXN,agotado
2616,1727,FL4046,"Redkite larva de mosca soldado 30 gr",redkite-larva-de-mosca-soldado-30g,https://artiani.com.mx/producto/redkite-larva-de-mosca-soldado-30g,https://sys.artiani.com.mx/media/apps/ecommerce/productos/135/1697677800.jpg,si,Reptilia,"Pequenos mamiferos / Accesorios generales",,,agotado
284,1709,FL4044,"Redkite tonico para aves postura",redkite-tonico-para-aves-postura,https://artiani.com.mx/producto/redkite-tonico-para-aves-postura,https://sys.artiani.com.mx/media/apps/ecommerce/productos/1332/1726204133.jpg,si,REDKITE,"Aves / Alimentacion / Suplementos y vitaminas",50,MXN,agotado
2652,1777,FL3903,"REFRESCANTE DE ALIENTO CONCENTRADO P/PERROS 30 ML",refrescante-de-aliento-concentrado-p-perros-30ml,https://artiani.com.mx/producto/refrescante-de-aliento-concentrado-p-perros-30ml,https://sys.artiani.com.mx/uploads/erp/catalogo/productos/1555/producto-1555-20260725132848-03eb5328.webp,si,"FANCY PETS","Perros / Salud e higiene / Higiene y limpieza",70,MXN,agotado
2040,1085,FL3902,"Repelente granulado para perro y gato 1 kg",repelente-granulado-para-perro-y-gato-1kg,https://artiani.com.mx/producto/repelente-granulado-para-perro-y-gato-1kg,https://sys.artiani.com.mx/media/apps/ecommerce/productos/1405/1732373360.jpg,si,"FANCY PETS","Perros / Salud e higiene / Higiene y limpieza",,,agotado
2305,1375,FL4175,"Repelente natural de ácaros y piojos para aves 10 ml",repelente-natural-de-acaros-y-piojos-para-aves-10ml,https://artiani.com.mx/producto/repelente-natural-de-acaros-y-piojos-para-aves-10ml,https://sys.artiani.com.mx/media/apps/ecommerce/productos/1751/1769866272.webp,si,REDKITE,"Aves / Alimentacion / Suplementos y vitaminas",50,MXN,agotado
1968,1004,FL3900,"Repelente natural para gatos 250 ml",repelente-natural-para-gatos-250ml,https://artiani.com.mx/producto/repelente-natural-para-gatos-250ml,https://sys.artiani.com.mx/media/apps/ecommerce/productos/1320/1722002372.jpg,si,"FANCY PETS","Gatos / Salud e higiene / Higiene y limpieza",195,MXN,agotado
1666,597,FL3770,"Repelente para perros 250 ml",repelente-para-perros-250ml,https://artiani.com.mx/producto/repelente-para-perros-250ml,https://sys.artiani.com.mx/media/apps/ecommerce/productos/700/1706730123.jpg,si,"FANCY PETS","Perros / Salud e higiene / Prevencion y cuidado",115,MXN,agotado
1868,856,FL3909,"Repelente para perros 250 ml",repelente-para-perros-250ml-fl3909,https://artiani.com.mx/producto/repelente-para-perros-250ml-fl3909,https://sys.artiani.com.mx/media/apps/ecommerce/productos/1130/1712270879.jpg,si,"FANCY PETS","Perros / Salud e higiene / Higiene y limpieza",,,agotado
112,166,WAT054,"Reptile sticks alimento para tortugas 300 gr",reptile-sticks-alimento-para-tortugas-300g,https://artiani.com.mx/producto/reptile-sticks-alimento-para-tortugas-300g,https://sys.artiani.com.mx/media/apps/ecommerce/productos/34/1670456270.png,si,WARDLEY,"Reptiles, anfibios e invertebrados / Tortugas / Alimentos para tortugas",95,MXN,consultar_disponibilidad
113,167,WAT052,"Reptile sticks alimento para tortugas 70 gr",reptile-sticks-alimento-para-tortugas-70g,https://artiani.com.mx/producto/reptile-sticks-alimento-para-tortugas-70g,https://sys.artiani.com.mx/media/apps/ecommerce/productos/35/1670455919.png,si,LOMAS,"Reptiles, anfibios e invertebrados / Tortugas / Alimentos para tortugas",35,MXN,consultar_disponibilidad
121,157,WAT041,"Reptile sticks baby alimento para tortugas 28 gr",reptile-sticks-baby-alimento-para-tortugas-28g,https://artiani.com.mx/producto/reptile-sticks-baby-alimento-para-tortugas-28g,https://sys.artiani.com.mx/media/apps/ecommerce/productos/21/1689032370.jpg,si,LOMAS,"Reptiles, anfibios e invertebrados / Tortugas / Alimentos para tortugas",25,MXN,consultar_disponibilidad
4330,1910,SPF-04,"REPUESTO CARTUCHO CON VASO, ESPONJA Y CARTUCHO DE CARBON P/SPF-600, 1200, 2000",repuesto-cartucho-con-vaso-esponja-y-cartucho-de-carbon-p-spf-600-1200-2000,https://artiani.com.mx/producto/repuesto-cartucho-con-vaso-esponja-y-cartucho-de-carbon-p-spf-600-1200-2000,https://sys.artiani.com.mx/uploads/erp/catalogo/productos/1626/producto-1626-20260903115727-53e45930.webp,si,SUNNY,"Acuario y peces / Repuestos, aditamentos y accesorios / Accesorios generales",,,agotado
1988,1026,OCI-500R,"Repuesto esponja para oci-500 o 750",repuesto-esponja-para-oci-500-o-750,https://artiani.com.mx/producto/repuesto-esponja-para-oci-500-o-750,https://sys.artiani.com.mx/media/apps/ecommerce/productos/1344/1726213290.jpg,si,"OCEAN AQUA","Acuario y peces / Repuestos, aditamentos y accesorios / Accesorios generales",50,MXN,agotado
1682,613,SPF-01,"Repuesto esponja sunny para filtro spf-600, 1200, 2000 (incluye 2 pzas x bolsa)",repuesto-esponja-sunny-para-filtro-spf-600-1200-2000-incluye-2-x-bolsa,https://artiani.com.mx/producto/repuesto-esponja-sunny-para-filtro-spf-600-1200-2000-incluye-2-x-bolsa,https://sys.artiani.com.mx/media/apps/ecommerce/productos/730/1673375806.jpg,si,SUNNY,"Acuario y peces / Repuestos, aditamentos y accesorios / Accesorios generales",95,MXN,agotado
2090,1137,SCF-1000P,"Repuesto propela filtro de canastilla sunny scf-1000",repuesto-propela-filtro-de-canastilla-sunny-scf-1000,https://artiani.com.mx/producto/repuesto-propela-filtro-de-canastilla-sunny-scf-1000,https://sys.artiani.com.mx/media/apps/ecommerce/productos/1486/1758135610.webp,si,SUNNY,"Acuario y peces / Repuestos, aditamentos y accesorios / Repuestos para peceras",,,agotado
2088,1135,SHF-100P,"Repuesto propela sunny filtro de cascada shf-100",repuesto-propela-sunny-filtro-de-cascada-shf-100,https://artiani.com.mx/producto/repuesto-propela-sunny-filtro-de-cascada-shf-100,https://sys.artiani.com.mx/media/apps/ecommerce/productos/1484/1758135420.webp,si,SUNNY,"Acuario y peces / Repuestos, aditamentos y accesorios / Repuestos para peceras",60,MXN,agotado
2089,1136,SHF-400P,"Repuesto propela sunny filtro de cascada shf-400",repuesto-propela-sunny-filtro-de-cascada-shf-400,https://artiani.com.mx/producto/repuesto-propela-sunny-filtro-de-cascada-shf-400,https://sys.artiani.com.mx/media/apps/ecommerce/productos/1485/1775657042.webp,si,SUNNY,"Acuario y peces / Repuestos, aditamentos y accesorios / Repuestos para peceras",90,MXN,agotado
2063,1110,3591,"Rocaliente piedra para reptiles",rocaliente-piedra-para-reptiles,https://artiani.com.mx/producto/rocaliente-piedra-para-reptiles,https://sys.artiani.com.mx/media/apps/ecommerce/productos/1441/1759364080.webp,si,,,,,agotado
1934,942,TAR-02,"Rodaja snack para roedores",rodaja-snack-para-roedores,https://artiani.com.mx/producto/rodaja-snack-para-roedores,https://sys.artiani.com.mx/media/apps/ecommerce/productos/1228/1714489236.jpg,si,"MR. RABBIT","Pequenos mamiferos / Accesorios generales",,,agotado
1563,470,RUE-01,"Rueda de ejercicio continua para hámster",rueda-de-ejercicio-continua-para-hamster,https://artiani.com.mx/producto/rueda-de-ejercicio-continua-para-hamster,https://sys.artiani.com.mx/media/apps/ecommerce/productos/524/1691067376.jpg,si,"HOBBY PET","Pequenos mamiferos / Hamster / Accesorios y aditamentos",125,MXN,agotado
345,306,8413856514911,"Rueda de hámster ajustable para jaula",rueda-de-hamster-ajustable-para-jaula,https://artiani.com.mx/producto/rueda-de-hamster-ajustable-para-jaula,https://sys.artiani.com.mx/media/apps/ecommerce/productos/228/1724164096.JPG,si,,"Pequenos mamiferos / Hamster / Accesorios y aditamentos",125,MXN,agotado
291,1741,GPRH1-VEN,"Rueda para hámster con base amarilla",rueda-para-hamster-con-base-amarilla,https://artiani.com.mx/producto/rueda-para-hamster-con-base-amarilla,https://sys.artiani.com.mx/media/apps/ecommerce/productos/525/1700611867.jpg,si,AZUL,"Pequenos mamiferos / Hamster / Accesorios y aditamentos",,,agotado
290,1740,GPRH1-VEP,"Rueda para hámster con base verde",rueda-para-hamster-con-base-verde,https://artiani.com.mx/producto/rueda-para-hamster-con-base-verde,https://sys.artiani.com.mx/media/apps/ecommerce/productos/525/1700611867.jpg,si,AZUL,"Pequenos mamiferos / Hamster / Accesorios y aditamentos",,,agotado
319,228,TK100,"Rueda para hámster de metal",rueda-para-hamster-de-metal,https://artiani.com.mx/producto/rueda-para-hamster-de-metal,https://sys.artiani.com.mx/media/apps/ecommerce/productos/117/1696729547.jpg,si,AZUL,"Pequenos mamiferos / Hamster / Accesorios y aditamentos",165,MXN,agotado
1679,610,3Q233,"Sal-halita para acuario",sal-halita-para-acuario,https://artiani.com.mx/producto/sal-halita-para-acuario,https://sys.artiani.com.mx/media/apps/ecommerce/productos/718/1724161330.jpg,si,BIOMAA,"Acuario y peces / Repuestos, aditamentos y accesorios / Aditamentos",15,MXN,agotado
1976,1012,FL3967,"Shampoo antipulgas essentials 250 ml",shampoo-antipulgas-essentials-250ml,https://artiani.com.mx/producto/shampoo-antipulgas-essentials-250ml,https://sys.artiani.com.mx/media/apps/ecommerce/productos/1328/1723876123.jpg,si,"FANCY PETS","Perros / Salud e higiene / Antipulgas y control externo",,,agotado
746,310,FL3977,"Shampoo antipulgas essentials 500 ml",shampoo-antipulgas-essentials-500ml,https://artiani.com.mx/producto/shampoo-antipulgas-essentials-500ml,https://sys.artiani.com.mx/media/apps/ecommerce/productos/241/1689344133.jpg,si,"FANCY PETS","Perros / Salud e higiene / Antipulgas y control externo",,,agotado
1965,1001,FL3964,"Shampoo con acondicionador 2 en 1 essentials 250 ml",shampoo-con-acondicionador-2-en-1-essentials-250ml,https://artiani.com.mx/producto/shampoo-con-acondicionador-2-en-1-essentials-250ml,https://sys.artiani.com.mx/media/apps/ecommerce/productos/1314/1720530947.jpg,si,"FANCY PETS","Perros / Salud e higiene / Higiene y limpieza",,,agotado
1964,1000,FL3974,"Shampoo con acondicionador 2 en 1 essentials 500 ml",shampoo-con-acondicionador-2-en-1-essentials-500ml,https://artiani.com.mx/producto/shampoo-con-acondicionador-2-en-1-essentials-500ml,https://sys.artiani.com.mx/media/apps/ecommerce/productos/1313/1720530525.jpg,si,"FANCY PETS","Perros / Salud e higiene / Higiene y limpieza",,,agotado
1891,893,FL4126,"Shampoo con aromaterapia serenidad 250 ml",shampoo-con-aromaterapia-serenidad-250ml,https://artiani.com.mx/producto/shampoo-con-aromaterapia-serenidad-250ml,https://sys.artiani.com.mx/media/apps/ecommerce/productos/1173/1713035421.jpg,si,"FANCY PETS","Perros / Salud e higiene / Higiene y limpieza",,,agotado
1892,894,FL4128,"Shampoo con aromaterapia vitalidad 250 ml",shampoo-con-aromaterapia-vitalidad-250ml,https://artiani.com.mx/producto/shampoo-con-aromaterapia-vitalidad-250ml,https://sys.artiani.com.mx/media/apps/ecommerce/productos/1174/1713027451.jpg,si,"FANCY PETS","Perros / Salud e higiene / Higiene y limpieza",,,agotado
739,285,FL3966,"Shampoo desinfectante essentials 250 ml",shampoo-desinfectante-essentials-250ml,https://artiani.com.mx/producto/shampoo-desinfectante-essentials-250ml,https://sys.artiani.com.mx/media/apps/ecommerce/productos/197/1712778492.jpg,si,"FANCY PETS","Perros / Salud e higiene / Higiene y limpieza",,,agotado
728,234,FL3976,"Shampoo desinfectante essentials 500 ml",shampoo-desinfectante-essentials-500ml,https://artiani.com.mx/producto/shampoo-desinfectante-essentials-500ml,https://sys.artiani.com.mx/media/apps/ecommerce/productos/123/1692735282.jpg,si,"FANCY PETS","Perros / Salud e higiene / Higiene y limpieza",,,agotado
1974,1010,FL3988,"Shampoo essentials para huron 250 ml",shampoo-essentials-para-huron-250ml,https://artiani.com.mx/producto/shampoo-essentials-para-huron-250ml,https://sys.artiani.com.mx/media/apps/ecommerce/productos/1326/1723178280.jpg,si,"FANCY PETS","Pequenos mamiferos / Huron / Salud e higiene / Sustratos",70,MXN,agotado
1856,844,FL3944,"Shampoo insecticida 250 ml",shampoo-insecticida-250ml,https://artiani.com.mx/producto/shampoo-insecticida-250ml,https://sys.artiani.com.mx/media/apps/ecommerce/productos/1118/1712063580.jpg,si,"FANCY PETS","Perros / Salud e higiene / Higiene y limpieza",,,agotado
754,348,FL3968,"Shampoo para cachorro essentials 250 ml",shampoo-para-cachorro-essentials-250ml,https://artiani.com.mx/producto/shampoo-para-cachorro-essentials-250ml,https://sys.artiani.com.mx/media/apps/ecommerce/productos/317/1689342688.jpg,si,"FANCY PETS","Perros / Salud e higiene / Higiene y limpieza",,,agotado
1599,512,FL3978,"Shampoo para cachorro essentials 500 ml",shampoo-para-cachorro-essentials-500ml,https://artiani.com.mx/producto/shampoo-para-cachorro-essentials-500ml,https://sys.artiani.com.mx/media/apps/ecommerce/productos/575/1692737832.jpg,si,"FANCY PETS","Perros / Salud e higiene / Prevencion y cuidado",,,agotado
2644,1769,26A40,"Shampoo para Erizo Manzanilla Hedgehog Gentle Wash - 250ml",shampoo-para-erizo-manzanilla-hedgehog-gentle-wash-250ml,https://artiani.com.mx/producto/shampoo-para-erizo-manzanilla-hedgehog-gentle-wash-250ml,https://sys.artiani.com.mx/uploads/erp/catalogo/productos/1551/producto-1551-20260725134812-44d17e0f.webp,si,ALAMAZONAS,"Pequenos mamiferos / Erizo / Salud e higiene",99,MXN,agotado
1896,898,SHAS-01,"Shampoo para hámster",shampoo-para-hamster,https://artiani.com.mx/producto/shampoo-para-hamster,https://sys.artiani.com.mx/media/apps/ecommerce/productos/1178/1714174923.jpg,si,FRIPIS,"Pequenos mamiferos / Hamster / Accesorios y aditamentos",,,agotado
2211,1280,H522,"Shampoo para hámster 125 ml",shampoo-para-hamster-125ml,https://artiani.com.mx/producto/shampoo-para-hamster-125ml,https://sys.artiani.com.mx/media/apps/ecommerce/productos/1649/1765373512.webp,si,BIOMAA,"Pequenos mamiferos / Hamster / Accesorios y aditamentos",65,MXN,agotado
2212,1281,SHAU-02,"Shampoo para hurón 250 ml",shampoo-para-huron-250ml,https://artiani.com.mx/producto/shampoo-para-huron-250ml,https://sys.artiani.com.mx/media/apps/ecommerce/productos/1650/1765374316.webp,si,FRIPIS,"Pequenos mamiferos / Huron / Salud e higiene / Sustratos",,,agotado
749,330,FL3962,"Shampoo para pelo dorado essentials 250 ml",shampoo-para-pelo-dorado-essentials-250ml,https://artiani.com.mx/producto/shampoo-para-pelo-dorado-essentials-250ml,https://sys.artiani.com.mx/media/apps/ecommerce/productos/277/1696279266.jpg,si,"FANCY PETS","Perros / Salud e higiene / Prevencion y cuidado",,,agotado
1596,505,FL3972,"Shampoo para pelo dorado essentials 500 ml",shampoo-para-pelo-dorado-essentials-500ml,https://artiani.com.mx/producto/shampoo-para-pelo-dorado-essentials-500ml,https://sys.artiani.com.mx/media/apps/ecommerce/productos/567/1692736034.jpg,si,"FANCY PETS","Perros / Salud e higiene / Prevencion y cuidado",,,agotado
1595,502,FL3971,"Shampoo para pelo negro essentials 500 ml",shampoo-para-pelo-negro-essentials-500ml,https://artiani.com.mx/producto/shampoo-para-pelo-negro-essentials-500ml,https://sys.artiani.com.mx/media/apps/ecommerce/productos/564/1692735640.jpg,si,"FANCY PETS","Perros / Salud e higiene / Prevencion y cuidado",,,agotado
1600,515,FL3979,"Shampoo para piel sensible essentials 500 ml",shampoo-para-piel-sensible-essentials-500ml,https://artiani.com.mx/producto/shampoo-para-piel-sensible-essentials-500ml,https://sys.artiani.com.mx/media/apps/ecommerce/productos/578/1692731763.jpg,si,"FANCY PETS","Perros / Salud e higiene / Higiene y limpieza",,,agotado
321,233,FL3970,"Shampoo uso general essentials 500 ml",shampoo-uso-general-essentials-500ml,https://artiani.com.mx/producto/shampoo-uso-general-essentials-500ml,https://sys.artiani.com.mx/media/apps/ecommerce/productos/122/1692734256.jpg,si,"FANCY PETS","Perros / Salud e higiene / Higiene y limpieza",,,agotado
1589,496,1097,"Sifon de bombeo",sifon-de-bombeo,https://artiani.com.mx/producto/sifon-de-bombeo,https://sys.artiani.com.mx/media/apps/ecommerce/productos/556/1689188371.jpg,si,"AQUA KRIL","Acuario y peces / Repuestos, aditamentos y accesorios / Accesorios generales",120,MXN,agotado
2215,1284,SILL-01,"Sillon abatible a cama",sillon-abatible-a-cama,https://artiani.com.mx/producto/sillon-abatible-a-cama,https://sys.artiani.com.mx/media/apps/ecommerce/productos/1653/1765378483.webp,si,,"Perros / Habitat y descanso / Camas y colchones",,,agotado
1832,818,FL3918,"Skincare jabon antiseborreico y queratolitico",skincare-jabon-antiseborreico-y-queratolitico,https://artiani.com.mx/producto/skincare-jabon-antiseborreico-y-queratolitico,https://sys.artiani.com.mx/media/apps/ecommerce/productos/1066/1706909649.jpg,si,"FANCY PETS","Perros / Salud e higiene / Higiene y limpieza",130,MXN,agotado
2166,1233,1124197,"Smartbones de pechuga de pollo",smartbones-de-pechuga-de-pollo,https://artiani.com.mx/producto/smartbones-de-pechuga-de-pollo,https://sys.artiani.com.mx/media/apps/ecommerce/productos/1595/1760189507.webp,si,SMARTBONES,"Perros / Alimentacion / Premios y snacks",,,agotado
2169,1236,1124184,"Smartbones dental con vegetales y pollo",smartbones-dental-con-vegetales-y-pollo,https://artiani.com.mx/producto/smartbones-dental-con-vegetales-y-pollo,https://sys.artiani.com.mx/media/apps/ecommerce/productos/1598/1760190689.webp,si,SMARTBONES,"Perros / Alimentacion / Premios y snacks",,,agotado
2213,1282,P101,"Snack a bite premios sabor chorizo 400 gr",snack-a-bite-premios-sabor-chorizo-400g,https://artiani.com.mx/producto/snack-a-bite-premios-sabor-chorizo-400g,https://sys.artiani.com.mx/media/apps/ecommerce/productos/1651/1765375629.webp,si,BIOMAA,"Perros / Alimentacion / Premios y snacks",150,MXN,agotado
2214,1283,P102,"Snack a bite premios sabor tocino 400 gr",snack-a-bite-premios-sabor-tocino-400g,https://artiani.com.mx/producto/snack-a-bite-premios-sabor-tocino-400g,https://sys.artiani.com.mx/media/apps/ecommerce/productos/1652/1765376090.webp,si,BIOMAA,"Perros / Alimentacion / Premios y snacks",150,MXN,agotado
1935,945,BITE-01,"Snack mini bites mezcla de hierbas finas",snack-mini-bites-mezcla-de-hierbas-finas,https://artiani.com.mx/producto/snack-mini-bites-mezcla-de-hierbas-finas,https://sys.artiani.com.mx/media/apps/ecommerce/productos/1231/1714695650.jpg,si,"MR. RABBIT","Pequenos mamiferos / Accesorios generales",,,agotado
1936,949,MEZ-03,"Snack mix tropical para roedores",snack-mix-tropical-para-roedores,https://artiani.com.mx/producto/snack-mix-tropical-para-roedores,https://sys.artiani.com.mx/media/apps/ecommerce/productos/1235/1714697723.jpg,si,"MR. RABBIT","Pequenos mamiferos / Accesorios generales",,,agotado
2184,1251,ORDESDA,"Snack Oreja de vaca deshidratada 1 kg",snack-oreja-de-vaca-deshidratada-1kg-paq,https://artiani.com.mx/producto/snack-oreja-de-vaca-deshidratada-1kg-paq,https://sys.artiani.com.mx/media/apps/ecommerce/productos/1613/1761108761.webp,si,,"Perros / Alimentacion / Premios y snacks",450,MXN,agotado
2185,1252,PALLODESDA,"Snack Pata de Pollo deshidratada 1 kg",snack-pata-de-pollo-deshidratada-1kg-paq,https://artiani.com.mx/producto/snack-pata-de-pollo-deshidratada-1kg-paq,https://sys.artiani.com.mx/media/apps/ecommerce/productos/1614/1761108825.webp,si,,"Perros / Alimentacion / Premios y snacks",550,MXN,agotado
2183,1250,PENADESDA,"Snack Pezuña deshidratada 1 kg",snack-pezuna-deshidratada-1kg-paq,https://artiani.com.mx/producto/snack-pezuna-deshidratada-1kg-paq,https://sys.artiani.com.mx/media/apps/ecommerce/productos/1612/1761108704.webp,si,,"Perros / Alimentacion / Premios y snacks",,,agotado
2182,1249,TRADESDA,"Snack Traquea deshidratada de res 1 kg",snack-traquea-deshidratada-de-res-1kg-paq,https://artiani.com.mx/producto/snack-traquea-deshidratada-de-res-1kg-paq,https://sys.artiani.com.mx/media/apps/ecommerce/productos/1611/1761108571.webp,si,,"Perros / Alimentacion / Premios y snacks",,,agotado
357,339,SH-220338,"Sphera bolsa transportadora",sphera-bolsa-transportadora,https://artiani.com.mx/producto/sphera-bolsa-transportadora,https://sys.artiani.com.mx/media/apps/ecommerce/productos/296/1694028778.jpg,si,"SAKURA PETTO","Gatos / Transporte, paseo y entrenamiento / Mochilas transportadoras",,,agotado
334,277,FL3924,"Spray antipulgas 250 ml",spray-antipulgas-250ml,https://artiani.com.mx/producto/spray-antipulgas-250ml,https://sys.artiani.com.mx/media/apps/ecommerce/productos/183/1712777553.jpg,si,"FANCY PETS","Perros / Salud e higiene / Antipulgas y control externo",99,MXN,agotado
1661,592,FL3774,"Spray dental 125 ml",spray-dental-125ml,https://artiani.com.mx/producto/spray-dental-125ml,https://sys.artiani.com.mx/media/apps/ecommerce/productos/694/1716699856.jpg,si,LOMAS,"Perros / Salud e higiene / Prevencion y cuidado",50,MXN,agotado
1751,710,FL3783,"Spray dental ultra 125 ml",spray-dental-ultra-125ml,https://artiani.com.mx/producto/spray-dental-ultra-125ml,https://sys.artiani.com.mx/media/apps/ecommerce/productos/847/1716699245.jpg,si,"FANCY PETS","Perros / Salud e higiene / Higiene y limpieza",60,MXN,agotado
37,172,Q817,"Super flakes 150 gr",super-flakes-150g,https://artiani.com.mx/producto/super-flakes-150g,https://sys.artiani.com.mx/media/apps/ecommerce/productos/42/1689184437.jpg,si,BIOMAA,"Acuario y peces / Alimentacion / Alimentos de acuario",150,MXN,agotado
43,159,Q815,"Super flakes 20 gr",super-flakes-20g,https://artiani.com.mx/producto/super-flakes-20g,https://sys.artiani.com.mx/media/apps/ecommerce/productos/26/1675467180.jpg,si,BIOMAA,"Acuario y peces / Alimentacion / Alimentos de acuario",45,MXN,agotado
193,183,FL2152,"Suplemento de calcio con minerales para reptiles 135 gr",suplemento-de-calcio-con-minerales-para-reptiles-135g,https://artiani.com.mx/producto/suplemento-de-calcio-con-minerales-para-reptiles-135g,https://sys.artiani.com.mx/media/apps/ecommerce/productos/54/1687444147.jpg,si,Reptilia,"Reptiles, anfibios e invertebrados / Accesorios generales",65,MXN,consultar_disponibilidad
310,199,FL2151,"Suplemento de calcio con vitamina d3 para reptiles 135 gr",suplemento-de-calcio-con-vitamina-d3-para-reptiles-135g,https://artiani.com.mx/producto/suplemento-de-calcio-con-vitamina-d3-para-reptiles-135g,https://sys.artiani.com.mx/media/apps/ecommerce/productos/74/1690293732.jpg,si,Reptilia,"Reptiles, anfibios e invertebrados / Iguanas / Alimentos para iguana",65,MXN,agotado
2082,1129,FL3868,"Sustituto de leche para cachorro naturance 450 gr",sustituto-de-leche-para-cachorro-naturance-450g,https://artiani.com.mx/producto/sustituto-de-leche-para-cachorro-naturance-450g,https://sys.artiani.com.mx/media/apps/ecommerce/productos/1473/1758671846.png,si,"FANCY PETS","Perros / Alimentacion / Alimentos",,,agotado
2093,1146,FL4172,"Sustituto de leche para conejos y roedores 360 gr",sustituto-de-leche-para-conejos-y-roedores-360g,https://artiani.com.mx/producto/sustituto-de-leche-para-conejos-y-roedores-360g,https://sys.artiani.com.mx/media/apps/ecommerce/productos/1495/1757980405.webp,si,REDKITE,"Pequenos mamiferos / Accesorios generales",265,MXN,agotado
2309,1379,417368,"Sustrado de papel �ber blue/white paper bedding paper 36l",sustrado-de-papel-ber-blue-white-paper-bedding-paper-36l,https://artiani.com.mx/producto/sustrado-de-papel-ber-blue-white-paper-bedding-paper-36l,https://sys.artiani.com.mx/media/apps/ecommerce/productos/1755/1769868398.webp,si,PETSPICK,"Pequenos mamiferos / Hamster / Salud e higiene / Sustratos",495,MXN,agotado
2754,1896,PROD1038-1000GR,"Sustrato corteza mediana 1 kg",sustrato-corteza-mediana-1kg,https://artiani.com.mx/producto/sustrato-corteza-mediana-1kg,https://sys.artiani.com.mx/uploads/erp/catalogo/productos/1571/producto-1571-20260817155237-13fdcd5f.webp,si,,"Reptiles, anfibios e invertebrados / Reptiles generales / Sustratos",150,MXN,agotado
2753,1894,PROD1038-500GR,"Sustrato corteza mediana 500 gr",sustrato-corteza-mediana-500g,https://artiani.com.mx/producto/sustrato-corteza-mediana-500g,https://sys.artiani.com.mx/uploads/erp/catalogo/productos/1571/producto-1571-20260817155237-13fdcd5f.webp,si,,"Reptiles, anfibios e invertebrados / Reptiles generales / Sustratos",85,MXN,agotado
1694,635,FL4038,"Sustrato de maiz 2 kg",sustrato-de-maiz-2kg,https://artiani.com.mx/producto/sustrato-de-maiz-2kg,https://sys.artiani.com.mx/media/apps/ecommerce/productos/758/1689690673.jpg,si,REDKITE,"Pequenos mamiferos / Hamster / Salud e higiene / Sustratos",120,MXN,agotado
1754,714,FL4040,"Sustrato de maiz 5 kg",sustrato-de-maiz-5kg,https://artiani.com.mx/producto/sustrato-de-maiz-5kg,https://sys.artiani.com.mx/media/apps/ecommerce/productos/853/1701540090.jpg,si,REDKITE,"Pequenos mamiferos / Hamster / Salud e higiene / Sustratos",250,MXN,agotado
2430,1503,SUSMA-03,"Sustrato de maiz para roedores de 1 kg",sustrato-de-maiz-para-roedores-de-1kg,https://artiani.com.mx/producto/sustrato-de-maiz-para-roedores-de-1kg,https://sys.artiani.com.mx/media/apps/ecommerce/productos/1885/1776083521.webp,si,,"Pequenos mamiferos / Accesorios generales",65,MXN,agotado
2431,1504,SUSP-06,"Sustrato de papel azul con blanco para roedores de 300 gr",sustrato-de-papel-azul-con-blanco-para-roedores-de-300g,https://artiani.com.mx/producto/sustrato-de-papel-azul-con-blanco-para-roedores-de-300g,https://sys.artiani.com.mx/media/apps/ecommerce/productos/1886/1776083856.webp,si,PETSPICK,"Pequenos mamiferos / Hamster / Salud e higiene / Sustratos",120,MXN,agotado
2433,1506,SUSP-08,"Sustrato de papel cafe para roedores de 300 gr",sustrato-de-papel-cafe-para-roedores-de-300g,https://artiani.com.mx/producto/sustrato-de-papel-cafe-para-roedores-de-300g,https://sys.artiani.com.mx/media/apps/ecommerce/productos/1888/1776085408.webp,si,PETSPICK,"Pequenos mamiferos / Hamster / Salud e higiene / Sustratos",120,MXN,agotado
2361,1433,CL005,"Sustrato de papel para roedores expandible 450 gr",sustrato-de-papel-para-roedores-expandible-450g,https://artiani.com.mx/producto/sustrato-de-papel-para-roedores-expandible-450g,https://sys.artiani.com.mx/media/apps/ecommerce/productos/1812/1772808160.webp,si,"HOBBY PET","Pequenos mamiferos / Accesorios generales",,,agotado
2432,1505,SUSP-07,"Sustrato de papel rosa con blanco para roedores de 300 gr",sustrato-de-papel-rosa-con-blanco-para-roedores-de-300g,https://artiani.com.mx/producto/sustrato-de-papel-rosa-con-blanco-para-roedores-de-300g,https://sys.artiani.com.mx/media/apps/ecommerce/productos/1887/1776085172.webp,si,PETSPICK,"Pequenos mamiferos / Chinchilla / Salud e higiene / Sustratos",120,MXN,agotado
2310,1380,413285,"Sustrato de papel �ber natural paper bedding 28l",sustrato-de-papel-ber-natural-paper-bedding-28l,https://artiani.com.mx/producto/sustrato-de-papel-ber-natural-paper-bedding-28l,https://sys.artiani.com.mx/media/apps/ecommerce/productos/1756/1769869163.webp,si,SUNNY,"Pequenos mamiferos / Hamster / Salud e higiene / Sustratos",450,MXN,agotado
2308,1378,416361,"Sustrato de papel �ber pink/white paper bedding paper 36l",sustrato-de-papel-ber-pink-white-paper-bedding-paper-36l,https://artiani.com.mx/producto/sustrato-de-papel-ber-pink-white-paper-bedding-paper-36l,https://sys.artiani.com.mx/media/apps/ecommerce/productos/1754/1769867971.webp,si,PETSPICK,"Pequenos mamiferos / Chinchilla / Salud e higiene / Sustratos",495,MXN,agotado
2434,1507,VITA-BOSA,"Sustrato de viruta natural",sustrato-de-viruta-natural,https://artiani.com.mx/producto/sustrato-de-viruta-natural,https://sys.artiani.com.mx/media/apps/ecommerce/productos/1889/1776084617.webp,si,,"Pequenos mamiferos / Accesorios generales",350,MXN,agotado
2690,1819,VITA-BOSA-1KG,"Sustrato de viruta natural 1 kg",sustrato-de-viruta-natural-1kg,https://artiani.com.mx/producto/sustrato-de-viruta-natural-1kg,,no,,"Pequenos mamiferos / Accesorios generales",50,MXN,agotado
2693,1822,222009-250GR,"Sustrato de viruta natural 250 gr",sustrato-de-viruta-natural-250g-222009-250gr,https://artiani.com.mx/producto/sustrato-de-viruta-natural-250g-222009-250gr,,no,SUNNY,"Pequenos mamiferos / Hamster / Salud e higiene / Sustratos",,,agotado
2311,1381,215032,"Sustrato de viruta natural libre de polvo �ber pine bedding 24l",sustrato-de-viruta-natural-libre-de-polvo-ber-pine-bedding-24l,https://artiani.com.mx/producto/sustrato-de-viruta-natural-libre-de-polvo-ber-pine-bedding-24l,https://sys.artiani.com.mx/media/apps/ecommerce/productos/1757/1769870279.webp,si,SUNNY,"Pequenos mamiferos / Hamster / Salud e higiene / Sustratos",180,MXN,agotado
2312,1382,222009,"Sustrato de viruta natural �ber pine bedding 141l",sustrato-de-viruta-natural-ber-pine-bedding-141l,https://artiani.com.mx/producto/sustrato-de-viruta-natural-ber-pine-bedding-141l,https://sys.artiani.com.mx/media/apps/ecommerce/productos/1758/1769870588.webp,si,SUNNY,"Pequenos mamiferos / Hamster / Salud e higiene / Sustratos",560,MXN,agotado
2744,1880,PROD1004-400G,"Sustrato fibra de coco mezcla medio 70/30 400 gr",sustrato-fibra-de-coco-mezcla-medio-70-30-400g,https://artiani.com.mx/producto/sustrato-fibra-de-coco-mezcla-medio-70-30-400g,https://sys.artiani.com.mx/uploads/erp/catalogo/productos/1570/producto-1570-20260928073009-1d331e25.webp,si,,"Reptiles, anfibios e invertebrados / Reptiles generales / Sustratos",75,MXN,agotado
2745,1881,PROD1004-800G,"Sustrato fibra de coco mezcla medio 70/30 800 gr",sustrato-fibra-de-coco-mezcla-medio-70-30-800g,https://artiani.com.mx/producto/sustrato-fibra-de-coco-mezcla-medio-70-30-800g,https://sys.artiani.com.mx/uploads/erp/catalogo/productos/1570/producto-1570-20260928073043-0be0aee4.webp,si,,"Reptiles, anfibios e invertebrados / Reptiles generales / Sustratos",130,MXN,agotado
1693,631,S1004,"Sustrato organico para reptil mezcla mixta",sustrato-organico-para-reptil-mezcla-mixta,https://artiani.com.mx/producto/sustrato-organico-para-reptil-mezcla-mixta,https://sys.artiani.com.mx/media/apps/ecommerce/productos/754/1688479959.jpg,si,,"Reptiles, anfibios e invertebrados / Reptiles generales / Sustratos",,,agotado
2695,1824,KMITA10-KG,"Sustrato Organico para roedores 1 KG",sustrato-organico-para-roedores-1kg,https://artiani.com.mx/producto/sustrato-organico-para-roedores-1kg,https://sys.artiani.com.mx/uploads/erp/catalogo/productos/532/producto-532-20260919174243-41722b36.webp,si,KMITA,"Pequenos mamiferos / Hamster / Salud e higiene / Sustratos",45,MXN,agotado
1692,628,KMITA10,"Sustrato Organico para roedores agranel 10 KG",sustrato-organico-para-roedores-agranel-10kg,https://artiani.com.mx/producto/sustrato-organico-para-roedores-agranel-10kg,https://sys.artiani.com.mx/media/apps/ecommerce/productos/750/1683639098.jpg,si,KMITA,"Pequenos mamiferos / Hamster / Salud e higiene / Sustratos",400,MXN,agotado
315,215,415364,"Sustrato papel confeti paper bedding 36 litros",sustrato-papel-confeti-paper-bedding-36l,https://artiani.com.mx/producto/sustrato-papel-confeti-paper-bedding-36l,https://sys.artiani.com.mx/media/apps/ecommerce/productos/104/1691069402.jpg,si,PETSPICK,"Pequenos mamiferos / Hamster / Salud e higiene / Sustratos",495,MXN,agotado
316,216,413568,"Sustrato papel natural paper bedding 56 litros",sustrato-papel-natural-paper-bedding-56l,https://artiani.com.mx/producto/sustrato-papel-natural-paper-bedding-56l,https://sys.artiani.com.mx/media/apps/ecommerce/productos/105/1691069903.jpg,si,PETSPICK,"Pequenos mamiferos / Hamster / Salud e higiene / Sustratos",800,MXN,agotado
2743,1879,INOS-PESS-1500GR,"Sustrato peat moss 1.5 kg",sustrato-peat-moss-1-5kg,https://artiani.com.mx/producto/sustrato-peat-moss-1-5kg,https://sys.artiani.com.mx/uploads/erp/catalogo/productos/1575/producto-1575-20260818220433-6cccc05a.webp,si,,"Reptiles, anfibios e invertebrados / Reptiles generales / Sustratos",150,MXN,agotado
2742,1878,INOS-PESS-500GR,"Sustrato peat moss 500 gr",sustrato-peat-moss-500g,https://artiani.com.mx/producto/sustrato-peat-moss-500g,https://sys.artiani.com.mx/uploads/erp/catalogo/productos/1575/producto-1575-20260818220358-8e7cbc52.webp,si,,"Reptiles, anfibios e invertebrados / Reptiles generales / Sustratos",85,MXN,agotado
2755,1897,PROD1023-400G,"Sustrato polvillo de coco 90/10 400 gr",sustrato-polvillo-de-coco-90-10-400g,https://artiani.com.mx/producto/sustrato-polvillo-de-coco-90-10-400g,https://sys.artiani.com.mx/uploads/erp/catalogo/productos/1569/producto-1569-20260928073245-e0f3bc38.webp,si,,"Reptiles, anfibios e invertebrados / Reptiles generales / Sustratos",75,MXN,agotado
2756,1898,PROD1023-800G,"Sustrato polvillo de coco 90/10 800 gr",sustrato-polvillo-de-coco-90-10-800g,https://artiani.com.mx/producto/sustrato-polvillo-de-coco-90-10-800g,https://sys.artiani.com.mx/uploads/erp/catalogo/productos/1569/producto-1569-20260928073309-205a72e3.webp,si,,"Reptiles, anfibios e invertebrados / Reptiles generales / Sustratos",130,MXN,agotado
1963,999,FL8499,"Tablero interactivo para premios smarts senses",tablero-interactivo-para-premios-smarts-senses,https://artiani.com.mx/producto/tablero-interactivo-para-premios-smarts-senses,https://sys.artiani.com.mx/media/apps/ecommerce/productos/1312/1720528270.jpg,si,"FANCY PETS","Perros / Juego y enriquecimiento / Juguetes",299,MXN,agotado
1696,638,PPTT40,"Tapa de malla para terrario 40 cm",tapa-de-malla-para-terrario-40-cm,https://artiani.com.mx/producto/tapa-de-malla-para-terrario-40-cm,https://sys.artiani.com.mx/media/apps/ecommerce/productos/763/1708647766.jpg,si,,"Acuario y peces / Repuestos, aditamentos y accesorios / Accesorios generales",270,MXN,agotado
1697,639,PPTT50,"Tapa de malla para terrario 50 cm",tapa-de-malla-para-terrario-50-cm,https://artiani.com.mx/producto/tapa-de-malla-para-terrario-50-cm,https://sys.artiani.com.mx/media/apps/ecommerce/productos/764/1708647296.jpg,si,,"Acuario y peces / Repuestos, aditamentos y accesorios / Accesorios generales",295,MXN,agotado
2359,1431,JAGA-TA6060,"Tapa galvanizada 60 x 60 para corral 3 cm separacion",tapa-galvanizada-60-x-60-para-corral-3-cm-separacion,https://artiani.com.mx/producto/tapa-galvanizada-60-x-60-para-corral-3-cm-separacion,https://sys.artiani.com.mx/media/apps/ecommerce/productos/1809/1772546280.webp,si,,"Perros / Habitat y descanso / Jaulas",100,MXN,agotado
1757,718,ATPP238,"Tapa para pecera 30 cm 2.5 gal",tapa-para-pecera-30-cm-2-5-gal,https://artiani.com.mx/producto/tapa-para-pecera-30-cm-2-5-gal,https://sys.artiani.com.mx/media/apps/ecommerce/productos/857/1673271285.jpg,si,AZUL,"Acuario y peces / Repuestos, aditamentos y accesorios / Accesorios generales",180,MXN,agotado
1756,717,ATPP086,"Tapa para pecera 40 cm 5 gal",tapa-para-pecera-40-cm-5-gal,https://artiani.com.mx/producto/tapa-para-pecera-40-cm-5-gal,https://sys.artiani.com.mx/media/apps/ecommerce/productos/856/1673270515.jpg,si,AZUL,"Acuario y peces / Repuestos, aditamentos y accesorios / Accesorios generales",250,MXN,agotado
1755,716,ATPP087,"Tapa para pecera 50 cm 10 gal",tapa-para-pecera-50-cm-10-gal,https://artiani.com.mx/producto/tapa-para-pecera-50-cm-10-gal,https://sys.artiani.com.mx/media/apps/ecommerce/productos/855/1673269793.jpg,si,AZUL,"Acuario y peces / Repuestos, aditamentos y accesorios / Accesorios generales",295,MXN,agotado
1947,963,1504,"Tapete entrenador park in home para 20kg 76 x 51 cm grande",tapete-entrenador-park-in-home-para-20kg-76-x-51-cm-grande,https://artiani.com.mx/producto/tapete-entrenador-park-in-home-para-20kg-76-x-51-cm-grande,https://sys.artiani.com.mx/media/apps/ecommerce/productos/1249/1715042490.jpg,si,SEVENPET,"Perros / Transporte, paseo y entrenamiento / Entrenamiento",650,MXN,agotado
1945,961,1500,"Tapete entrenador park in home para 5kg 51 x 41 cm chico",tapete-entrenador-park-in-home-para-5kg-51-x-41-cm-chico,https://artiani.com.mx/producto/tapete-entrenador-park-in-home-para-5kg-51-x-41-cm-chico,https://sys.artiani.com.mx/media/apps/ecommerce/productos/1247/1715040448.jpg,si,SEVENPET,"Perros / Transporte, paseo y entrenamiento / Entrenamiento",450,MXN,agotado
1946,962,1502,"Tapete entrenador park in home para 8kg 69 x 43 cm Mediano",tapete-entrenador-park-in-home-para-8kg-69-x-43-cm-mediano,https://artiani.com.mx/producto/tapete-entrenador-park-in-home-para-8kg-69-x-43-cm-mediano,https://sys.artiani.com.mx/media/apps/ecommerce/productos/1248/1715042187.jpg,si,SEVENPET,"Perros / Transporte, paseo y entrenamiento / Entrenamiento",550,MXN,agotado
1854,842,FL7171,"Tapete entrenador soft pad - 7 pz",tapete-entrenador-soft-pad-7,https://artiani.com.mx/producto/tapete-entrenador-soft-pad-7,https://sys.artiani.com.mx/media/apps/ecommerce/productos/1114/1712015275.jpg,si,"FANCY PETS","Perros / Salud e higiene / Higiene y limpieza",95,MXN,agotado
330,268,FL7174,"Tapete entrenador soft pad 30 pz",tapete-entrenador-soft-pad-30,https://artiani.com.mx/producto/tapete-entrenador-soft-pad-30,https://sys.artiani.com.mx/media/apps/ecommerce/productos/166/1687804975.jpg,si,"FANCY PETS","Perros / Salud e higiene / Higiene y limpieza",370,MXN,agotado
331,271,FL7175,"Tapete entrenador soft pad 50 pz",tapete-entrenador-soft-pad-50,https://artiani.com.mx/producto/tapete-entrenador-soft-pad-50,https://sys.artiani.com.mx/media/apps/ecommerce/productos/169/1697656896.jpg,si,"FANCY PETS","Perros / Salud e higiene / Higiene y limpieza",600,MXN,agotado
1690,626,FL7173,"Tapete entrenador soft pad con carbon activado 14 pz",tapete-entrenador-soft-pad-con-carbon-activado-14,https://artiani.com.mx/producto/tapete-entrenador-soft-pad-con-carbon-activado-14,https://sys.artiani.com.mx/media/apps/ecommerce/productos/747/1697657379.jpg,si,"FANCY PETS","Gatos / Salud e higiene / Accesorios sanitarios",190,MXN,agotado
771,411,FL7178,"Tapete entrenador soft pad xl 14 pz",tapete-entrenador-soft-pad-xl-14,https://artiani.com.mx/producto/tapete-entrenador-soft-pad-xl-14,https://sys.artiani.com.mx/media/apps/ecommerce/productos/415/1697657981.jpg,si,"FANCY PETS","Gatos / Salud e higiene / Accesorios sanitarios",240,MXN,agotado
2369,1441,TAIM-02,"Tapete impermeable doble vista para corral de 60 x 120cm",tapete-impermeable-doble-vista-para-corral-de-60-x-120cm,https://artiani.com.mx/producto/tapete-impermeable-doble-vista-para-corral-de-60-x-120cm,https://sys.artiani.com.mx/media/apps/ecommerce/productos/1822/1772893133.webp,si,ROOMMIE,"Perros / Habitat y descanso / Corrales y vallas",,,agotado
2368,1440,TAIM-01,"Tapete impermeable doble vista para corral de 60 x 60cm",tapete-impermeable-doble-vista-para-corral-de-60-x-60cm,https://artiani.com.mx/producto/tapete-impermeable-doble-vista-para-corral-de-60-x-60cm,https://sys.artiani.com.mx/media/apps/ecommerce/productos/1821/1772893067.webp,si,ROOMMIE,"Perros / Habitat y descanso / Corrales y vallas",,,agotado
1869,857,FL9862,"Tapete refrescante 40 x 50 cm aqua cool",tapete-refrescante-40-x-50-cm-aqua-cool,https://artiani.com.mx/producto/tapete-refrescante-40-x-50-cm-aqua-cool,https://sys.artiani.com.mx/media/apps/ecommerce/productos/1132/1712775393.jpg,si,"FANCY PETS","Perros / Habitat y descanso / Camas y colchones",240,MXN,agotado
1949,975,FL9865,"Tapete refrescante circular ch sandia cool",tapete-refrescante-circular-ch-sandia-cool,https://artiani.com.mx/producto/tapete-refrescante-circular-ch-sandia-cool,https://sys.artiani.com.mx/media/apps/ecommerce/productos/1284/1716665897.jpg,si,"FANCY PETS","Perros / Habitat y descanso / Camas y colchones",300,MXN,agotado
2429,1502,FL9871,"Tapete refrescante circular extra grande sandia cool",tapete-refrescante-circular-extra-grande-sandia-cool,https://artiani.com.mx/producto/tapete-refrescante-circular-extra-grande-sandia-cool,https://sys.artiani.com.mx/media/apps/ecommerce/productos/1884/1775657911.webp,si,"FANCY PETS","Perros / Habitat y descanso / Camas y colchones",750,MXN,agotado
1929,933,FL9867,"Tapete refrescante circular grande sandia cool",tapete-refrescante-circular-grande-sandia-cool,https://artiani.com.mx/producto/tapete-refrescante-circular-grande-sandia-cool,https://sys.artiani.com.mx/media/apps/ecommerce/productos/1219/1714435086.jpg,si,"FANCY PETS","Perros / Habitat y descanso / Camas y colchones",550,MXN,agotado
1948,974,FL9866,"Tapete refrescante circular med sandia cool",tapete-refrescante-circular-med-sandia-cool,https://artiani.com.mx/producto/tapete-refrescante-circular-med-sandia-cool,https://sys.artiani.com.mx/media/apps/ecommerce/productos/1283/1716663906.jpg,si,"FANCY PETS","Perros / Habitat y descanso / Camas y colchones",365,MXN,agotado
295,1745,FL9861,"Tapete refrescante extra chico aqua cool",tapete-refrescante-extra-chico-aqua-cool,https://artiani.com.mx/producto/tapete-refrescante-extra-chico-aqua-cool,https://sys.artiani.com.mx/media/apps/ecommerce/productos/1133/1712775925.jpg,si,"FANCY PETS","Perros / Habitat y descanso / Camas y colchones",160,MXN,agotado
1950,976,FL9854,"Tapete refrescante grande cool",tapete-refrescante-grande-cool,https://artiani.com.mx/producto/tapete-refrescante-grande-cool,https://sys.artiani.com.mx/media/apps/ecommerce/productos/1285/1716668426.jpg,si,"FANCY PETS","Perros / Habitat y descanso / Camas y colchones",670,MXN,agotado
294,1744,FL9863,"Tapete refrescante mediano aqua cool",tapete-refrescante-mediano-aqua-cool,https://artiani.com.mx/producto/tapete-refrescante-mediano-aqua-cool,https://sys.artiani.com.mx/media/apps/ecommerce/productos/1133/1712775925.jpg,si,"FANCY PETS","Perros / Habitat y descanso / Camas y colchones",350,MXN,agotado
258,1442,FL9669,"Tapiz rascador adherible gris oxford",tapiz-rascador-adherible-gris-oxford,https://artiani.com.mx/producto/tapiz-rascador-adherible-gris-oxford,https://sys.artiani.com.mx/media/apps/ecommerce/productos/1823/1773144586.webp,si,"FANCY PETS","Gatos / Juego y enriquecimiento / Rascadores",150,MXN,agotado
1933,941,TAR-01,"Tarta preminum snack para roedores",tarta-preminum-snack-para-roedores,https://artiani.com.mx/producto/tarta-preminum-snack-para-roedores,https://sys.artiani.com.mx/media/apps/ecommerce/productos/1227/1714488943.jpg,si,"MR. RABBIT","Pequenos mamiferos / Accesorios generales",,,agotado
1799,780,FL7137,"Taza de acero con abrazadera 10 oz (283 g)",taza-de-acero-con-abrazadera-10-oz-283g,https://artiani.com.mx/producto/taza-de-acero-con-abrazadera-10-oz-283g,https://sys.artiani.com.mx/media/apps/ecommerce/productos/1006/1701546922.jpg,si,REDKITE,"Aves / Alimentacion / Bebederos y comederos / Bebederos",95,MXN,agotado
1859,847,FL7138,"Taza de acero con abrazadera 20 oz (567 g)",taza-de-acero-con-abrazadera-20-oz-567g,https://artiani.com.mx/producto/taza-de-acero-con-abrazadera-20-oz-567g,https://sys.artiani.com.mx/media/apps/ecommerce/productos/1121/1712099183.jpg,si,REDKITE,"Aves / Alimentacion / Bebederos y comederos / Bebederos",120,MXN,agotado
1860,848,FL7139,"Taza de acero con abrazadera 30 oz (850 g)",taza-de-acero-con-abrazadera-30-oz-850g,https://artiani.com.mx/producto/taza-de-acero-con-abrazadera-30-oz-850g,https://sys.artiani.com.mx/media/apps/ecommerce/productos/1122/1712099878.jpg,si,REDKITE,"Aves / Alimentacion / Bebederos y comederos / Bebederos",130,MXN,agotado
1798,779,FL7136,"Taza de acero con abrazadera 5 oz (142 g)",taza-de-acero-con-abrazadera-5-oz-142g,https://artiani.com.mx/producto/taza-de-acero-con-abrazadera-5-oz-142g,https://sys.artiani.com.mx/media/apps/ecommerce/productos/1005/1712090616.jpg,si,REDKITE,"Aves / Alimentacion / Bebederos y comederos / Bebederos",65,MXN,agotado
1704,647,SHPL-138,"Tazon circulo duke",tazon-circulo-duke,https://artiani.com.mx/producto/tazon-circulo-duke,https://sys.artiani.com.mx/media/apps/ecommerce/productos/773/1696532531.jpg,si,,"Perros / Alimentacion / Comederos y bebederos",,,agotado
2541,1618,FL8182-RA,"Tazon comedero para mascotas 16Oz rosa",tazon-comedero-para-mascotas-16oz-rosa,https://artiani.com.mx/producto/tazon-comedero-para-mascotas-16oz-rosa,https://sys.artiani.com.mx/media/apps/ecommerce/productos/1195/1713312375.jpg,si,"FANCY PETS","Perros / Alimentacion / Comederos y bebederos",,,agotado
2542,1619,FL8182-VE,"Tazon comedero para mascotas 16Oz verde",tazon-comedero-para-mascotas-16oz-verde,https://artiani.com.mx/producto/tazon-comedero-para-mascotas-16oz-verde,https://sys.artiani.com.mx/media/apps/ecommerce/productos/1196/1713312581.jpg,si,"FANCY PETS","Perros / Alimentacion / Comederos y bebederos",,,agotado
1827,811,98850,"Tazon comida lenta cuenco chico",tazon-comida-lenta-cuenco-chico,https://artiani.com.mx/producto/tazon-comida-lenta-cuenco-chico,https://sys.artiani.com.mx/media/apps/ecommerce/productos/1057/1706746909.jpg,si,Stefanplast,"Perros / Alimentacion / Comederos y bebederos",,,agotado
1828,812,98880,"Tazon comida lenta cuenco grande",tazon-comida-lenta-cuenco-grande,https://artiani.com.mx/producto/tazon-comida-lenta-cuenco-grande,https://sys.artiani.com.mx/media/apps/ecommerce/productos/1058/1706747534.jpg,si,Stefanplast,"Perros / Alimentacion / Comederos y bebederos",,,agotado
368,362,SH-230909,"Tazón doble jake de cerámica",tazon-doble-jake-de-ceramica,https://artiani.com.mx/producto/tazon-doble-jake-de-ceramica,https://sys.artiani.com.mx/media/apps/ecommerce/productos/334/1699715706.jpg,si,"SAKURA PETTO","Perros / Alimentacion / Comederos y bebederos",,,agotado
318,219,GPTDMI,"Tazon doble mini para perro",tazon-doble-mini-para-perro,https://artiani.com.mx/producto/tazon-doble-mini-para-perro,https://sys.artiani.com.mx/media/apps/ecommerce/productos/108/1674773082.jpg,si,,,,,agotado
351,327,5413704431083,"Tazon du con abrazadera",tazon-du-con-abrazadera,https://artiani.com.mx/producto/tazon-du-con-abrazadera,https://sys.artiani.com.mx/media/apps/ecommerce/productos/271/1725707670.jpg,si,,,,,agotado
2713,1844,1803,"Termometro chupon",termometro-chupon,https://artiani.com.mx/producto/termometro-chupon,https://sys.artiani.com.mx/uploads/erp/catalogo/productos/1591/producto-1591-20260828133149-1ff6a540.webp,si,"AQUA KRIL","Acuario y peces / Repuestos, aditamentos y accesorios / Accesorios generales",,,agotado
322,254,1802,"Termometro digital grande",termometro-digital-grande,https://artiani.com.mx/producto/termometro-digital-grande,https://sys.artiani.com.mx/media/apps/ecommerce/productos/150/1691152965.jpg,si,"AQUA KRIL","Acuario y peces / Repuestos, aditamentos y accesorios / Accesorios generales",35,MXN,agotado
296,1746,1805,"Termometro electronico con pila incluida",termometro-electronico-con-pila-incluida,https://artiani.com.mx/producto/termometro-electronico-con-pila-incluida,https://sys.artiani.com.mx/media/apps/ecommerce/productos/1663/1767671361.webp,si,"ECO PET","Acuario y peces / Equipamiento tecnico / Calefaccion",199,MXN,agotado
2712,1843,1804,"Termometro vidrio",termometro-vidrio,https://artiani.com.mx/producto/termometro-vidrio,https://sys.artiani.com.mx/uploads/erp/catalogo/productos/1590/producto-1590-20260828132008-db9457d5.webp,si,"AQUA KRIL","Acuario y peces / Repuestos, aditamentos y accesorios / Accesorios generales",,,agotado
4327,1907,SGH-75,"TERMOSTATO AUTOMATICO SUMERGIBLE C/REGULADOR SUNNY ECONOMICO 75W",termostato-automatico-sumergible-c-regulador-sunny-economico-75w,https://artiani.com.mx/producto/termostato-automatico-sumergible-c-regulador-sunny-economico-75w,https://sys.artiani.com.mx/uploads/erp/catalogo/productos/1623/producto-1623-20260907071943-85a461ee.webp,si,SUNNY,"Acuario y peces / Equipamiento tecnico / Calefaccion",,,agotado
221,253,SGH-180,"Termostato automatico sumergible con regulador 100 w",termostato-automatico-sumergible-con-regulador-100-w,https://artiani.com.mx/producto/termostato-automatico-sumergible-con-regulador-100-w,https://sys.artiani.com.mx/media/apps/ecommerce/productos/148/1670012844.jpg,si,SUNNY,"Acuario y peces / Equipamiento tecnico / Calefaccion",225,MXN,consultar_disponibilidad
217,247,SGH-280,"Termostato automatico sumergible con regulador 200 w",termostato-automatico-sumergible-con-regulador-200-w,https://artiani.com.mx/producto/termostato-automatico-sumergible-con-regulador-200-w,https://sys.artiani.com.mx/media/apps/ecommerce/productos/140/1670012527.jpg,si,SUNNY,"Acuario y peces / Equipamiento tecnico / Calefaccion",250,MXN,consultar_disponibilidad
218,249,SGH-25,"Termostato automatico sumergible con regulador 25 w",termostato-automatico-sumergible-con-regulador-25-w,https://artiani.com.mx/producto/termostato-automatico-sumergible-con-regulador-25-w,https://sys.artiani.com.mx/media/apps/ecommerce/productos/143/1670012049.jpg,si,SUNNY,"Acuario y peces / Equipamiento tecnico / Calefaccion",200,MXN,consultar_disponibilidad
219,251,SGH-380,"Termostato automatico sumergible con regulador 300 w",termostato-automatico-sumergible-con-regulador-300-w,https://artiani.com.mx/producto/termostato-automatico-sumergible-con-regulador-300-w,https://sys.artiani.com.mx/media/apps/ecommerce/productos/145/1670012893.jpg,si,SUNNY,"Acuario y peces / Equipamiento tecnico / Calefaccion",280,MXN,consultar_disponibilidad
220,252,SGH-50,"Termostato automatico sumergible con regulador 50 w",termostato-automatico-sumergible-con-regulador-50-w,https://artiani.com.mx/producto/termostato-automatico-sumergible-con-regulador-50-w,https://sys.artiani.com.mx/media/apps/ecommerce/productos/146/1670012723.jpg,si,SUNNY,"Acuario y peces / Equipamiento tecnico / Calefaccion",200,MXN,consultar_disponibilidad
4337,1921,OCT-100,"TERMOSTATO ECONOMICO 100W",termostato-economico-100w,https://artiani.com.mx/producto/termostato-economico-100w,https://sys.artiani.com.mx/uploads/erp/catalogo/productos/1637/producto-1637-20260910134342-80bb5092.webp,si,"OCEAN AQUA","Acuario y peces / Equipamiento tecnico / Calefaccion",,,agotado
4338,1922,OCT-200,"TERMOSTATO ECONOMICO 200W",termostato-economico-200w,https://artiani.com.mx/producto/termostato-economico-200w,https://sys.artiani.com.mx/uploads/erp/catalogo/productos/1638/producto-1638-20260910134225-bf22cbc4.webp,si,"OCEAN AQUA","Acuario y peces / Equipamiento tecnico / Calefaccion",,,agotado
4336,1920,OCT-25,"TERMOSTATO ECONOMICO 25W",termostato-economico-25w,https://artiani.com.mx/producto/termostato-economico-25w,https://sys.artiani.com.mx/uploads/erp/catalogo/productos/1636/producto-1636-20260910134758-15fd1065.webp,si,"OCEAN AQUA","Acuario y peces / Equipamiento tecnico / Calefaccion",,,agotado
4339,1923,OCT-300,"TERMOSTATO ECONOMICO 300W",termostato-economico-300w,https://artiani.com.mx/producto/termostato-economico-300w,https://sys.artiani.com.mx/uploads/erp/catalogo/productos/1639/producto-1639-20260910134146-ae206214.webp,si,"OCEAN AQUA","Acuario y peces / Equipamiento tecnico / Calefaccion",,,agotado
4335,1918,OCT-75,"TERMOSTATO ECONOMICO 75W",termostato-economico-75w,https://artiani.com.mx/producto/termostato-economico-75w,https://sys.artiani.com.mx/uploads/erp/catalogo/productos/1634/producto-1634-20260910134948-0282820e.webp,si,"OCEAN AQUA","Acuario y peces / Equipamiento tecnico / Calefaccion",,,agotado
1186,1787,TEMA-T3030,"Terrario 30 x 30 x 30 cm de madera con malla de tela",terrario-30-x-30-x-30-cm-de-madera-con-malla-de-tela,https://artiani.com.mx/producto/terrario-30-x-30-x-30-cm-de-madera-con-malla-de-tela,https://sys.artiani.com.mx/uploads/erp/catalogo/productos/1556/producto-1556-20260728131327-9824be1e.webp,si,,"Reptiles, anfibios e invertebrados / Iguanas / Terrarios / Madera",490,MXN,consultar_disponibilidad
2659,1788,TEMA-M3030,"Terrario 30 x 30 x 30 cm de madera con malla metálica",terrario-30-x-30-x-30-cm-de-madera-con-malla-metalica,https://artiani.com.mx/producto/terrario-30-x-30-x-30-cm-de-madera-con-malla-metalica,https://sys.artiani.com.mx/uploads/erp/catalogo/productos/1557/producto-1557-20260728132046-2b3719c6.webp,si,,"Reptiles, anfibios e invertebrados / Iguanas / Terrarios / Madera",550,MXN,agotado
2660,1789,TEMA-M4060,"Terrario 40 x 40 x 60 cm de madera con malla metálica",terrario-40-x-40-x-60-cm-de-madera-con-malla-metalica,https://artiani.com.mx/producto/terrario-40-x-40-x-60-cm-de-madera-con-malla-metalica,,no,,"Reptiles, anfibios e invertebrados / Iguanas / Terrarios / Madera",,,agotado
2047,1094,TEMA-T6060,"Terrario bellin 60 x 30 x 60 cm de madera con malla de tela",terrario-bellin-60-x-30-x-60-cm-de-madera-con-malla-de-tela,https://artiani.com.mx/producto/terrario-bellin-60-x-30-x-60-cm-de-madera-con-malla-de-tela,https://sys.artiani.com.mx/media/apps/ecommerce/productos/1419/1771941352.webp,si,,"Reptiles, anfibios e invertebrados / Iguanas / Terrarios / Madera",1280,MXN,agotado
2097,1157,TEMA-T3050,"Terrario blim 30 x 30 x 50 cm de madera con malla de tela",terrario-blim-30-x-30-x-50-cm-de-madera-con-malla-de-tela,https://artiani.com.mx/producto/terrario-blim-30-x-30-x-50-cm-de-madera-con-malla-de-tela,https://sys.artiani.com.mx/media/apps/ecommerce/productos/1506/1757978924.webp,si,,"Reptiles, anfibios e invertebrados / Iguanas / Terrarios / Madera",690,MXN,agotado
2098,1158,TEMA-M3050,"Terrario blim 30 x 30 x 50 cm de madera con malla metálica",terrario-blim-30-x-30-x-50-cm-de-madera-con-malla-metalica,https://artiani.com.mx/producto/terrario-blim-30-x-30-x-50-cm-de-madera-con-malla-metalica,https://sys.artiani.com.mx/media/apps/ecommerce/productos/1507/1757978788.webp,si,,"Reptiles, anfibios e invertebrados / Iguanas / Terrarios / Madera",790,MXN,agotado
260,1445,TERA-8035,"Terrario calor 80 x 40 x 35 cm 6 mm rectangular",terrario-calor-80-x-40-x-35-cm-6-mm-rectangular,https://artiani.com.mx/producto/terrario-calor-80-x-40-x-35-cm-6-mm-rectangular,https://sys.artiani.com.mx/media/apps/ecommerce/productos/1826/1773409127.webp,si,ARTIANI,"Reptiles, anfibios e invertebrados / Reptiles generales / Terrarios / Terrarios generales",3400,MXN,agotado
266,1459,TERA-5060,"Terrario ciclope 50 x 26 x 60 cm 6 mm vertical",terrario-ciclope-50-x-26-x-60-cm-6-mm-vertical,https://artiani.com.mx/producto/terrario-ciclope-50-x-26-x-60-cm-6-mm-vertical,https://sys.artiani.com.mx/media/apps/ecommerce/productos/1840/1774357080.webp,si,ARTIANI,"Reptiles, anfibios e invertebrados / Reptiles generales / Terrarios / Terrarios generales",1950,MXN,agotado
2197,1265,TERA-10050,"Terrario cosmo 100 x 26 x 50 cm 6 mm rectangular",terrario-cosmo-100-x-26-x-50-cm-6-mm-rectangular,https://artiani.com.mx/producto/terrario-cosmo-100-x-26-x-50-cm-6-mm-rectangular,https://sys.artiani.com.mx/media/apps/ecommerce/productos/1631/1764935877.webp,si,ARTIANI,"Reptiles, anfibios e invertebrados / Reptiles generales / Terrarios / Terrarios generales",3600,MXN,agotado
2131,1195,TERAL-05,"Terrario crisy puerta abatible 30 x 60cm",terrario-crisy-puerta-abatible-30-x-60cm,https://artiani.com.mx/producto/terrario-crisy-puerta-abatible-30-x-60cm,https://sys.artiani.com.mx/media/apps/ecommerce/productos/1550/1758738916.webp,si,ARTIANI,"Reptiles, anfibios e invertebrados / Reptiles generales / Terrarios / Terrarios generales",1900,MXN,agotado
2127,1191,TERA-C4040,"Terrario cuba 40 x 40 x 40 cm 6 mm cubo",terrario-cuba-40-x-40-x-40-cm-6-mm-cubo,https://artiani.com.mx/producto/terrario-cuba-40-x-40-x-40-cm-6-mm-cubo,https://sys.artiani.com.mx/media/apps/ecommerce/productos/1546/1778596809.webp,si,ARTIANI,"Reptiles, anfibios e invertebrados / Reptiles generales / Terrarios / Terrarios generales",1490,MXN,agotado
2041,1086,TERA-C40403M,"Terrario cublok 40 x 40 x 40 cm 3 mm cubo",terrario-cublok-40-x-40-x-40-cm-3-mm-cubo,https://artiani.com.mx/producto/terrario-cublok-40-x-40-x-40-cm-3-mm-cubo,https://sys.artiani.com.mx/media/apps/ecommerce/productos/1406/1732887806.JPG,si,ARTIANI,"Reptiles, anfibios e invertebrados / Reptiles generales / Terrarios / Terrarios generales",,,agotado
1901,905,TERA-C3030,"Terrario cubsun 30 x 30 x 30 cm 3 mm cubo",terrario-cubsun-30-x-30-x-30-cm-3-mm-cubo,https://artiani.com.mx/producto/terrario-cubsun-30-x-30-x-30-cm-3-mm-cubo,https://sys.artiani.com.mx/media/apps/ecommerce/productos/1185/1713191797.jpg,si,ARTIANI,"Reptiles, anfibios e invertebrados / Reptiles generales / Terrarios / Terrarios generales",499,MXN,agotado
2132,1196,TERA-C2222,"Terrario cuby 22 x 22 x 22 cm 3 mm cubo",terrario-cuby-22-x-22-x-22-cm-3-mm-cubo,https://artiani.com.mx/producto/terrario-cuby-22-x-22-x-22-cm-3-mm-cubo,https://sys.artiani.com.mx/media/apps/ecommerce/productos/1551/1758741409.webp,si,ARTIANI,"Reptiles, anfibios e invertebrados / Reptiles generales / Terrarios / Terrarios generales",390,MXN,agotado
2335,1407,TEMA-T4060,"Terrario deli 40 x 40 x 60 cm de madera con malla de tela",terrario-deli-40-x-40-x-60-cm-de-madera-con-malla-de-tela,https://artiani.com.mx/producto/terrario-deli-40-x-40-x-60-cm-de-madera-con-malla-de-tela,https://sys.artiani.com.mx/media/apps/ecommerce/productos/1784/1771943142.webp,si,,"Reptiles, anfibios e invertebrados / Iguanas / Terrarios / Madera",1160,MXN,agotado
2135,1199,TEMA-M8060,"Terrario delmy 80 x 40 x 60 cm de madera con malla metálica",terrario-delmy-80-x-40-x-60-cm-de-madera-con-malla-metalica,https://artiani.com.mx/producto/terrario-delmy-80-x-40-x-60-cm-de-madera-con-malla-metalica,https://sys.artiani.com.mx/media/apps/ecommerce/productos/1554/1758754043.webp,si,,"Reptiles, anfibios e invertebrados / Iguanas / Terrarios / Madera",,,agotado
2046,1093,TEMA-T4090,"Terrario deyma 40 x 40 x 90 cm de madera con malla de tela",terrario-deyma-40-x-40-x-90-cm-de-madera-con-malla-de-tela,https://artiani.com.mx/producto/terrario-deyma-40-x-40-x-90-cm-de-madera-con-malla-de-tela,https://sys.artiani.com.mx/media/apps/ecommerce/productos/1418/1771941871.webp,si,,"Reptiles, anfibios e invertebrados / Iguanas / Terrarios / Madera",1650,MXN,agotado
1904,908,TERA-C4060DES,"Terrario dimon 40 x 40 x 60 cm 6 mm cubo vertical",terrario-dimon-40-x-40-x-60-cm-6-mm-cubo-vertical,https://artiani.com.mx/producto/terrario-dimon-40-x-40-x-60-cm-6-mm-cubo-vertical,https://sys.artiani.com.mx/media/apps/ecommerce/productos/1188/1713199901.jpg,si,ARTIANI,"Reptiles, anfibios e invertebrados / Reptiles generales / Terrarios / Terrarios generales",1890,MXN,agotado
269,1538,TERAL-12,"Terrario ecuatorial 50 x 40 x 80cm puertas deslizables",terrario-ecuatorial-50-x-40-x-80cm-puertas-deslizables,https://artiani.com.mx/producto/terrario-ecuatorial-50-x-40-x-80cm-puertas-deslizables,https://sys.artiani.com.mx/media/apps/ecommerce/productos/1921/1778597259.webp,si,ARTIANI,"Reptiles, anfibios e invertebrados / Reptiles generales / Terrarios / Terrarios generales",3900,MXN,agotado
1900,904,TERA-C3050,"Terrario elev 30 x 30 x 50 cm 4 mm cubo vertical",terrario-elev-30-x-30-x-50-cm-4-mm-cubo-vertical,https://artiani.com.mx/producto/terrario-elev-30-x-30-x-50-cm-4-mm-cubo-vertical,https://sys.artiani.com.mx/media/apps/ecommerce/productos/1184/1713191993.jpg,si,ARTIANI,"Reptiles, anfibios e invertebrados / Reptiles generales / Terrarios / Terrarios generales",750,MXN,agotado
2128,1192,TERA-8050,"Terrario enor 80 x 40 x 50 cm 6 mm rectangular",terrario-enor-80-x-40-x-50-cm-6-mm-rectangular,https://artiani.com.mx/producto/terrario-enor-80-x-40-x-50-cm-6-mm-rectangular,https://sys.artiani.com.mx/media/apps/ecommerce/productos/1547/1758721701.webp,si,ARTIANI,"Reptiles, anfibios e invertebrados / Reptiles generales / Terrarios / Terrarios generales",3550,MXN,agotado
2199,1267,TERA-15,"Terrario gala 120 x 50 cm",terrario-gala-120-x-50-cm,https://artiani.com.mx/producto/terrario-gala-120-x-50-cm,https://sys.artiani.com.mx/media/apps/ecommerce/productos/1633/1764938283.webp,si,ARTIANI,"Reptiles, anfibios e invertebrados / Reptiles generales / Terrarios / Terrarios generales",,,agotado
2196,1264,TERA-1004040,"Terrario imperio 100 x 40 x 50cm",terrario-imperio-100-x-40-x-50cm,https://artiani.com.mx/producto/terrario-imperio-100-x-40-x-50cm,https://sys.artiani.com.mx/media/apps/ecommerce/productos/1630/1764934431.webp,si,ARTIANI,"Reptiles, anfibios e invertebrados / Reptiles generales / Terrarios / Terrarios generales",3950,MXN,agotado
270,1540,TERA-C4050,"Terrario indian 40 x 40 x 50 cm 6 mm cubo vertical",terrario-indian-40-x-40-x-50-cm-6-mm-cubo-vertical,https://artiani.com.mx/producto/terrario-indian-40-x-40-x-50-cm-6-mm-cubo-vertical,https://sys.artiani.com.mx/media/apps/ecommerce/productos/1925/1778596379.webp,si,ARTIANI,"Reptiles, anfibios e invertebrados / Reptiles generales / Terrarios / Terrarios generales",1699,MXN,agotado
2133,1197,TERA-3040,"Terrario lart 30 x 15 x 40 cm 3 mm rectangular",terrario-lart-30-x-15-x-40-cm-3-mm-rectangular,https://artiani.com.mx/producto/terrario-lart-30-x-15-x-40-cm-3-mm-rectangular,https://sys.artiani.com.mx/media/apps/ecommerce/productos/1552/1758741812.webp,si,ARTIANI,"Reptiles, anfibios e invertebrados / Reptiles generales / Terrarios / Terrarios generales",550,MXN,agotado
2011,1052,TERA-6050DES,"Terrario lema 60 x 30 x 50 cm 6 mm rectangular",terrario-lema-60-x-30-x-50-cm-6-mm-rectangular,https://artiani.com.mx/producto/terrario-lema-60-x-30-x-50-cm-6-mm-rectangular,https://sys.artiani.com.mx/media/apps/ecommerce/productos/1372/1731039199.JPG,si,ARTIANI,"Reptiles, anfibios e invertebrados / Reptiles generales / Terrarios / Terrarios generales",,,agotado
2012,1053,TERA-6060DES,"Terrario len 60 x 30 x 60 cm 6 mm",terrario-len-60-x-30-x-60-cm-6-mm,https://artiani.com.mx/producto/terrario-len-60-x-30-x-60-cm-6-mm,https://sys.artiani.com.mx/media/apps/ecommerce/productos/1373/1731040372.JPG,si,ARTIANI,"Reptiles, anfibios e invertebrados / Reptiles generales / Terrarios / Terrarios generales",,,agotado
2099,1159,TEMA-T50120,"Terrario magno 50 x 50 x 120 cm de madera con malla de tela",terrario-magno-50-x-50-x-120-cm-de-madera-con-malla-de-tela,https://artiani.com.mx/producto/terrario-magno-50-x-50-x-120-cm-de-madera-con-malla-de-tela,https://sys.artiani.com.mx/media/apps/ecommerce/productos/1508/1771940634.webp,si,,"Reptiles, anfibios e invertebrados / Iguanas / Terrarios / Madera",2250,MXN,agotado
2096,1156,TEMA-M50120,"Terrario magno 50 x 50 x 120 cm de madera con malla metálica",terrario-magno-50-x-50-x-120-cm-de-madera-con-malla-metalica,https://artiani.com.mx/producto/terrario-magno-50-x-50-x-120-cm-de-madera-con-malla-metalica,https://sys.artiani.com.mx/media/apps/ecommerce/productos/1505/1757978963.webp,si,,"Reptiles, anfibios e invertebrados / Iguanas / Terrarios / Madera",2850,MXN,agotado
2334,1406,TEMA-T604060,"Terrario majes 60 x 40 x 60 cm de madera con malla de tela",terrario-majes-60-x-40-x-60-cm-de-madera-con-malla-de-tela,https://artiani.com.mx/producto/terrario-majes-60-x-40-x-60-cm-de-madera-con-malla-de-tela,https://sys.artiani.com.mx/media/apps/ecommerce/productos/1783/1771942781.webp,si,,"Reptiles, anfibios e invertebrados / Iguanas / Terrarios / Madera",1650,MXN,agotado
261,1446,TERA-2020,"Terrario petit 20 x 11 x 20 cm 3 mm rectangular",terrario-petit-20-x-11-x-20-cm-3-mm-rectangular,https://artiani.com.mx/producto/terrario-petit-20-x-11-x-20-cm-3-mm-rectangular,https://sys.artiani.com.mx/media/apps/ecommerce/productos/1827/1773409992.webp,si,ARTIANI,"Reptiles, anfibios e invertebrados / Reptiles generales / Terrarios / Terrarios generales",295,MXN,agotado
2129,1193,TERA-6030,"Terrario recon 60 x 30 x 30 cm 4 mm rectangular",terrario-recon-60-x-30-x-30-cm-4-mm-rectangular,https://artiani.com.mx/producto/terrario-recon-60-x-30-x-30-cm-4-mm-rectangular,https://sys.artiani.com.mx/media/apps/ecommerce/productos/1548/1758722381.webp,si,ARTIANI,"Reptiles, anfibios e invertebrados / Reptiles generales / Terrarios / Terrarios generales",1750,MXN,agotado
2405,1477,TERA-17,"Terrario regen 40 x 40 x 50cm",terrario-regen-40-x-40-x-50cm,https://artiani.com.mx/producto/terrario-regen-40-x-40-x-50cm,https://sys.artiani.com.mx/media/apps/ecommerce/productos/1858/1774613595.webp,si,ARTIANI,"Reptiles, anfibios e invertebrados / Reptiles generales / Terrarios / Terrarios generales",,,agotado
2010,1051,TERA-C2240,"Terrario relu 22 x 22 x 40 cm 3 mm cubo vertical",terrario-relu-22-x-22-x-40-cm-3-mm-cubo-vertical,https://artiani.com.mx/producto/terrario-relu-22-x-22-x-40-cm-3-mm-cubo-vertical,https://sys.artiani.com.mx/media/apps/ecommerce/productos/1371/1731038851.JPG,si,ARTIANI,"Reptiles, anfibios e invertebrados / Reptiles generales / Terrarios / Terrarios generales",490,MXN,agotado
2042,1087,TERA-3020,"Terrario remin 30 x 15 x 20 cm 3 mm rectangular",terrario-remin-30-x-15-x-20-cm-3-mm-rectangular,https://artiani.com.mx/producto/terrario-remin-30-x-15-x-20-cm-3-mm-rectangular,https://sys.artiani.com.mx/media/apps/ecommerce/productos/1407/1732888388.JPG,si,ARTIANI,"Reptiles, anfibios e invertebrados / Reptiles generales / Terrarios / Terrarios generales",395,MXN,agotado
2130,1194,TERAL-04,"Terrario selet puerta abatible 45 x 80cm",terrario-selet-puerta-abatible-45-x-80cm,https://artiani.com.mx/producto/terrario-selet-puerta-abatible-45-x-80cm,https://sys.artiani.com.mx/media/apps/ecommerce/productos/1549/1758738413.webp,si,ARTIANI,"Reptiles, anfibios e invertebrados / Reptiles generales / Terrarios / Terrarios generales",,,agotado
1903,907,TERA-5030,"Terrario sumag 50 x 26 x 30 cm 3 mm rectangular",terrario-sumag-50-x-26-x-30-cm-3-mm-rectangular,https://artiani.com.mx/producto/terrario-sumag-50-x-26-x-30-cm-3-mm-rectangular,https://sys.artiani.com.mx/media/apps/ecommerce/productos/1187/1713191219.jpg,si,ARTIANI,"Reptiles, anfibios e invertebrados / Reptiles generales / Terrarios / Terrarios generales",750,MXN,agotado
2044,1089,TERA-4040,"Terrario sumak 40 x 20 x 40 cm 3 mm rectangular",terrario-sumak-40-x-20-x-40-cm-3-mm-rectangular,https://artiani.com.mx/producto/terrario-sumak-40-x-20-x-40-cm-3-mm-rectangular,https://sys.artiani.com.mx/media/apps/ecommerce/productos/1413/1733319839.JPG,si,ARTIANI,"Reptiles, anfibios e invertebrados / Reptiles generales / Terrarios / Terrarios generales",650,MXN,agotado
1902,906,TERA-4025,"Terrario suno 40 x 20 x 25 cm 3 mm rectangular",terrario-suno-40-x-20-x-25-cm-3-mm-rectangular,https://artiani.com.mx/producto/terrario-suno-40-x-20-x-25-cm-3-mm-rectangular,https://sys.artiani.com.mx/media/apps/ecommerce/productos/1186/1713191207.jpg,si,ARTIANI,"Reptiles, anfibios e invertebrados / Reptiles generales / Terrarios / Terrarios generales",550,MXN,agotado
1899,903,TERA-10030DES,"Terrario suntu 100 x 26 x 30 cm 6 mm rectangular",terrario-suntu-100-x-26-x-30-cm-6-mm-rectangular,https://artiani.com.mx/producto/terrario-suntu-100-x-26-x-30-cm-6-mm-rectangular,https://sys.artiani.com.mx/media/apps/ecommerce/productos/1183/1758134987.webp,si,ARTIANI,"Reptiles, anfibios e invertebrados / Reptiles generales / Terrarios / Terrarios generales",,,agotado
265,1458,TERA-6060,"Terrario titan 60 x 30 x 60 cm 6 mm",terrario-titan-60-x-30-x-60-cm-6-mm,https://artiani.com.mx/producto/terrario-titan-60-x-30-x-60-cm-6-mm,https://sys.artiani.com.mx/media/apps/ecommerce/productos/1839/1774356605.webp,si,ARTIANI,"Reptiles, anfibios e invertebrados / Reptiles generales / Terrarios / Terrarios generales",2350,MXN,agotado
2136,1200,TEMA-M10080,"Terrario toca 100 x 40 x 80 cm de madera con malla metálica",terrario-toca-100-x-40-x-80-cm-de-madera-con-malla-metalica,https://artiani.com.mx/producto/terrario-toca-100-x-40-x-80-cm-de-madera-con-malla-metalica,https://sys.artiani.com.mx/media/apps/ecommerce/productos/1555/1758755471.webp,si,,"Reptiles, anfibios e invertebrados / Iguanas / Terrarios / Madera",2850,MXN,agotado
272,1542,TERAL-15,"Terrario torno puertas deslizables 40 x 30 x 60cm",terrario-torno-puertas-deslizables-40-x-30-x-60cm,https://artiani.com.mx/producto/terrario-torno-puertas-deslizables-40-x-30-x-60cm,https://sys.artiani.com.mx/media/apps/ecommerce/productos/1927/1778597346.webp,si,ARTIANI,"Reptiles, anfibios e invertebrados / Reptiles generales / Terrarios / Terrarios generales",2900,MXN,agotado
271,1541,TERA-C4060,"Terrario Yelo 40 x 40 x 60 cm 6 mm cubo vertical",terrario-yelo-40-x-40-x-60-cm-6-mm-cubo-vertical,https://artiani.com.mx/producto/terrario-yelo-40-x-40-x-60-cm-6-mm-cubo-vertical,https://sys.artiani.com.mx/media/apps/ecommerce/productos/1926/1778596599.webp,si,ARTIANI,"Reptiles, anfibios e invertebrados / Reptiles generales / Terrarios / Terrarios generales",1990,MXN,agotado
2198,1266,TERA-10030,"Terrario zon 100 x 40 x 40 cm 6 mm rectangular",terrario-zon-100-x-40-x-40-cm-6-mm-rectangular,https://artiani.com.mx/producto/terrario-zon-100-x-40-x-40-cm-6-mm-rectangular,https://sys.artiani.com.mx/media/apps/ecommerce/productos/1632/1764937825.webp,si,ARTIANI,"Reptiles, anfibios e invertebrados / Reptiles generales / Terrarios / Terrarios generales",2900,MXN,agotado
39,148,TE77160,"Tetracolor tropical flakes 1 oz 28 gr",tetracolor-tropical-flakes-1-oz-28g,https://artiani.com.mx/producto/tetracolor-tropical-flakes-1-oz-28g,https://sys.artiani.com.mx/media/apps/ecommerce/productos/7/1689030054.jpg,si,Tetra,"Acuario y peces / Alimentacion / Alimentos de acuario",160,MXN,agotado
40,156,TE16265,"Tetracolor tropical flakes 2.8 oz 80 gr",tetracolor-tropical-flakes-2-8-oz-80g,https://artiani.com.mx/producto/tetracolor-tropical-flakes-2-8-oz-80g,https://sys.artiani.com.mx/media/apps/ecommerce/productos/19/1689030757.jpg,si,Tetra,"Acuario y peces / Alimentacion / Alimentos de acuario",350,MXN,agotado
38,1161,TE16162,"Tetracolor tropical flakes 7.1 oz 200 gr",tetracolor-tropical-flakes-7-1-oz-200g,https://artiani.com.mx/producto/tetracolor-tropical-flakes-7-1-oz-200g,https://sys.artiani.com.mx/media/apps/ecommerce/productos/1512/1757978386.webp,si,Tetra,"Acuario y peces / Alimentacion / Alimentos de acuario",660,MXN,agotado
398,407,FL8302,"Tijera cortauñas chico para gato",tijera-cortaunas-chico-para-gato,https://artiani.com.mx/producto/tijera-cortaunas-chico-para-gato,https://sys.artiani.com.mx/media/apps/ecommerce/productos/405/1697931240.jpg,si,"FANCY PETS","Perros / Salud e higiene / Higiene y limpieza",160,MXN,agotado
1619,539,FL8303,"Tijera cortauñas grande para gato",tijera-cortaunas-grande-para-gato,https://artiani.com.mx/producto/tijera-cortaunas-grande-para-gato,https://sys.artiani.com.mx/media/apps/ecommerce/productos/605/1697932348.jpg,si,"FANCY PETS","Perros / Salud e higiene / Prevencion y cuidado",170,MXN,agotado
1801,782,FL1906,"Toalla sanitaria chica - 20 pz",toalla-sanitaria-chica-20,https://artiani.com.mx/producto/toalla-sanitaria-chica-20,https://sys.artiani.com.mx/media/apps/ecommerce/productos/1008/1701554326.jpg,si,"FANCY PETS","Perros / Salud e higiene / Higiene y limpieza",35,MXN,agotado
1802,783,FL1907,"Toalla sanitaria grande - 20 pz",toalla-sanitaria-grande-20,https://artiani.com.mx/producto/toalla-sanitaria-grande-20,https://sys.artiani.com.mx/media/apps/ecommerce/productos/1009/1701554870.jpg,si,"FANCY PETS","Perros / Salud e higiene / Higiene y limpieza",55,MXN,agotado
725,205,10172,"Toilet arenero con pala 56 x 39 x 42 cm",toilet-arenero-con-pala-56-x-39-x-42-cm,https://artiani.com.mx/producto/toilet-arenero-con-pala-56-x-39-x-42-cm,https://sys.artiani.com.mx/media/apps/ecommerce/productos/82/1669673917.jpg,si,SEVENPET,"Gatos / Salud e higiene / Areneros",650,MXN,agotado
1978,1016,FL4045,"Tonico para aves- catarro redkite",tonico-para-aves-catarro-redkite,https://artiani.com.mx/producto/tonico-para-aves-catarro-redkite,https://sys.artiani.com.mx/media/apps/ecommerce/productos/1333/1726204361.jpg,si,REDKITE,"Aves / Alimentacion / Suplementos y vitaminas",50,MXN,agotado
1979,1017,FL4042,"Tonico para aves- multivitaminas redkite",tonico-para-aves-multivitaminas-redkite,https://artiani.com.mx/producto/tonico-para-aves-multivitaminas-redkite,https://sys.artiani.com.mx/media/apps/ecommerce/productos/1334/1726205130.jpg,si,REDKITE,"Aves / Alimentacion / Suplementos y vitaminas",50,MXN,agotado
1621,541,TORO-10030,"Tortuguero 100 x 26 x 30 cm 6 mm",tortuguero-100-x-26-x-30-cm-6-mm,https://artiani.com.mx/producto/tortuguero-100-x-26-x-30-cm-6-mm,https://sys.artiani.com.mx/media/apps/ecommerce/productos/607/1764993864.webp,si,ARTIANI,"Reptiles, anfibios e invertebrados / Tortugas / Tortugueros",1850,MXN,agotado
1708,655,TORO-10030CONTOR,"Tortuguero 100 x 26 x 30 cm 6 mm isla contorno",tortuguero-100-x-26-x-30-cm-6-mm-isla-contorno,https://artiani.com.mx/producto/tortuguero-100-x-26-x-30-cm-6-mm-isla-contorno,https://sys.artiani.com.mx/media/apps/ecommerce/productos/782/1699054791.jpg,si,ARTIANI,"Reptiles, anfibios e invertebrados / Tortugas / Tortugueros",2150,MXN,agotado
2205,1274,TORO-1004040,"Tortuguero 100 x 40 x 40 cm 6 mm rectangular",tortuguero-100-x-40-x-40-cm-6-mm-rectangular,https://artiani.com.mx/producto/tortuguero-100-x-40-x-40-cm-6-mm-rectangular,https://sys.artiani.com.mx/media/apps/ecommerce/productos/1640/1774878342.webp,si,ARTIANI,"Reptiles, anfibios e invertebrados / Tortugas / Tortugueros",2850,MXN,agotado
1709,656,TORO-3020,"Tortuguero 30 x 15 x 20 cm 3 mm rectangular",tortuguero-30-x-15-x-20-cm-3-mm-rectangular,https://artiani.com.mx/producto/tortuguero-30-x-15-x-20-cm-3-mm-rectangular,https://sys.artiani.com.mx/media/apps/ecommerce/productos/783/1774618609.webp,si,ARTIANI,"Reptiles, anfibios e invertebrados / Tortugas / Tortugueros",390,MXN,agotado
2222,1292,TORO-C3020,"Tortuguero 30 x 30 x 20 cm 3 mm cubo",tortuguero-30-x-30-x-20-cm-3-mm-cubo,https://artiani.com.mx/producto/tortuguero-30-x-30-x-20-cm-3-mm-cubo,https://sys.artiani.com.mx/media/apps/ecommerce/productos/1665/1767673764.webp,si,ARTIANI,"Reptiles, anfibios e invertebrados / Tortugas / Tortugueros",490,MXN,agotado
1706,649,TORO-H3820,"Tortuguero 38 x 38 x 20 cm 3 mm hexagonal",tortuguero-38-x-38-x-20-cm-3-mm-hexagonal,https://artiani.com.mx/producto/tortuguero-38-x-38-x-20-cm-3-mm-hexagonal,https://sys.artiani.com.mx/media/apps/ecommerce/productos/775/1760222928.webp,si,ARTIANI,"Reptiles, anfibios e invertebrados / Tortugas / Tortugueros",680,MXN,agotado
2171,1238,TORO-H3840,"Tortuguero 38 x 38 x 40 cm 3 mm hexagonal",tortuguero-38-x-38-x-40-cm-3-mm-hexagonal,https://artiani.com.mx/producto/tortuguero-38-x-38-x-40-cm-3-mm-hexagonal,https://sys.artiani.com.mx/media/apps/ecommerce/productos/1600/1760223664.webp,si,ARTIANI,"Reptiles, anfibios e invertebrados / Tortugas / Tortugueros",850,MXN,agotado
1602,520,TORO-4025,"Tortuguero 40 x 20 x 25 cm 3 mm rectangular",tortuguero-40-x-20-x-25-cm-3-mm-rectangular,https://artiani.com.mx/producto/tortuguero-40-x-20-x-25-cm-3-mm-rectangular,https://sys.artiani.com.mx/media/apps/ecommerce/productos/584/1774618552.webp,si,ARTIANI,"Reptiles, anfibios e invertebrados / Tortugas / Tortugueros",550,MXN,agotado
2172,1239,TORO-C4020,"Tortuguero 40 x 40 x 20 cm 3 mm",tortuguero-40-x-40-x-20-cm-3-mm,https://artiani.com.mx/producto/tortuguero-40-x-40-x-20-cm-3-mm,https://sys.artiani.com.mx/media/apps/ecommerce/productos/1601/1760226620.webp,si,ARTIANI,"Reptiles, anfibios e invertebrados / Tortugas / Tortugueros",680,MXN,agotado
1745,704,TORO-5030,"Tortuguero 50 x 26 x 30 cm 3 mm",tortuguero-50-x-26-x-30-cm-3-mm,https://artiani.com.mx/producto/tortuguero-50-x-26-x-30-cm-3-mm,https://sys.artiani.com.mx/media/apps/ecommerce/productos/837/1774616785.webp,si,ARTIANI,"Reptiles, anfibios e invertebrados / Tortugas / Tortugueros",750,MXN,agotado
298,1748,TORO-C5040,"Tortuguero 50 x 50 x 40 cm 6 mm cubo vertical",tortuguero-50-x-50-x-40-cm-6-mm-cubo-vertical,https://artiani.com.mx/producto/tortuguero-50-x-50-x-40-cm-6-mm-cubo-vertical,https://sys.artiani.com.mx/media/apps/ecommerce/productos/1646/1765291736.JPG,si,ARTIANI,"Reptiles, anfibios e invertebrados / Tortugas / Tortugueros",2350,MXN,agotado
297,1747,TORO-8050,"Tortuguero 80 x 40 x 50 cm 6 mm",tortuguero-80-x-40-x-50-cm-6-mm,https://artiani.com.mx/producto/tortuguero-80-x-40-x-50-cm-6-mm,https://sys.artiani.com.mx/media/apps/ecommerce/productos/1641/1764994825.webp,si,ARTIANI,"Reptiles, anfibios e invertebrados / Tortugas / Tortugueros",2850,MXN,agotado
1707,651,TOR-02,"Tortuguero circular en kit",tortuguero-circular-en-kit,https://artiani.com.mx/producto/tortuguero-circular-en-kit,https://sys.artiani.com.mx/media/apps/ecommerce/productos/777/1691156038.jpg,si,ARTIANI,"Reptiles, anfibios e invertebrados / Tortugas / Tortugueros",,,agotado
1747,706,TOR-03,"tortuguero circular solo",tortuguero-circular-solo,https://artiani.com.mx/producto/tortuguero-circular-solo,https://sys.artiani.com.mx/media/apps/ecommerce/productos/839/1697254451.jpg,si,,"Reptiles, anfibios e invertebrados / Tortugas / Tortugueros",,,agotado
1746,705,TOR-16,"Tortuguero cuadrado acrilicoen kit",tortuguero-cuadrado-acrilicoen-kit,https://artiani.com.mx/producto/tortuguero-cuadrado-acrilicoen-kit,https://sys.artiani.com.mx/media/apps/ecommerce/productos/838/1697252466.jpg,si,,"Reptiles, anfibios e invertebrados / Tortugas / Tortugueros",,,agotado
1703,646,TOR-01,"Tortuguero de riñon en kit",tortuguero-de-rinon-en-kit,https://artiani.com.mx/producto/tortuguero-de-rinon-en-kit,https://sys.artiani.com.mx/media/apps/ecommerce/productos/772/1670268220.png,si,,"Reptiles, anfibios e invertebrados / Tortugas / Tortugueros",,,agotado
1702,645,GPTRIC,"Tortuguero riñon sin palma 35 x 25 x 8 cm",tortuguero-rinon-sin-palma-35-x-25-x-8-cm,https://artiani.com.mx/producto/tortuguero-rinon-sin-palma-35-x-25-x-8-cm,https://sys.artiani.com.mx/media/apps/ecommerce/productos/771/1696984916.jpg,si,CAT,"Reptiles, anfibios e invertebrados / Tortugas / Tortugueros",150,MXN,agotado
1724,677,TOR-11,"Tortuguero un metro isla elevada",tortuguero-un-metro-isla-elevada,https://artiani.com.mx/producto/tortuguero-un-metro-isla-elevada,https://sys.artiani.com.mx/media/apps/ecommerce/productos/806/1699055551.jpg,si,ARTIANI,"Reptiles, anfibios e invertebrados / Tortugas / Tortugueros",,,agotado
1718,667,TRA-12,"Transportadora 50 x 32 x 35 cm",transportadora-50-x-32-x-35-cm,https://artiani.com.mx/producto/transportadora-50-x-32-x-35-cm,https://sys.artiani.com.mx/media/apps/ecommerce/productos/796/1669260443.png,si,SUNNY,"Perros / Transporte, paseo y entrenamiento / Transportadoras",499,MXN,agotado
2002,1042,1302,"Transportadora con rejilla 50 x 34 x32 cm ecotravel",transportadora-con-rejilla-50-x-34-x32-cm-ecotravel,https://artiani.com.mx/producto/transportadora-con-rejilla-50-x-34-x32-cm-ecotravel,https://sys.artiani.com.mx/media/apps/ecommerce/productos/1360/1730210689.jpg,si,SEVENPET,"Perros / Transporte, paseo y entrenamiento / Transportadoras",,,agotado
2074,1121,TRA-28,"Transportadora eco azul",transportadora-eco-azul,https://artiani.com.mx/producto/transportadora-eco-azul,https://sys.artiani.com.mx/media/apps/ecommerce/productos/1464/1759263456.webp,si,,"Perros / Transporte, paseo y entrenamiento / Transportadoras",350,MXN,agotado
709,128,TRA-27NE,"Transportadora eco negra",transportadora-eco-negra,https://artiani.com.mx/producto/transportadora-eco-negra,https://sys.artiani.com.mx/media/apps/ecommerce/productos/1465/1746451875.webp,si,,,,,agotado
708,127,TRA-27,"Transportadora eco rosa",transportadora-eco-rosa,https://artiani.com.mx/producto/transportadora-eco-rosa,https://sys.artiani.com.mx/media/apps/ecommerce/productos/1463/1767670680.webp,si,,,380,MXN,agotado
1715,662,TGP01M,"Transportadora general pet 45 x 28 x 32 puerta metalica",transportadora-general-pet-45-x-28-x-32-puerta-metalica,https://artiani.com.mx/producto/transportadora-general-pet-45-x-28-x-32-puerta-metalica,https://sys.artiani.com.mx/media/apps/ecommerce/productos/791/1695329306.jpg,si,,"Perros / Transporte, paseo y entrenamiento / Transportadoras",,,agotado
1713,660,1384,"Transportadora kennel 68 x 51 x 53 puerta de metal, rejillla, ruedas",transportadora-kennel-68-x-51-x-53-puerta-de-metal-rejillla-ruedas,https://artiani.com.mx/producto/transportadora-kennel-68-x-51-x-53-puerta-de-metal-rejillla-ruedas,https://sys.artiani.com.mx/media/apps/ecommerce/productos/789/1692739619.jpg,si,SEVENPET,"Perros / Transporte, paseo y entrenamiento / Transportadoras",1690,MXN,agotado
1716,665,SPC-1000,"Transportadora kennel extragrande para perro 100 x67 x 75 (incluye set de ruedas)",transportadora-kennel-extragrande-para-perro-100-x67-x-75-incluye-set-de-ruedas,https://artiani.com.mx/producto/transportadora-kennel-extragrande-para-perro-100-x67-x-75-incluye-set-de-ruedas,https://sys.artiani.com.mx/media/apps/ecommerce/productos/794/1668136070.jpg,si,SUNNY,"Perros / Transporte, paseo y entrenamiento / Transportadoras",,,agotado
1722,675,SPC-900,"Transportadora kennel grande para perro 90 x 60 x 68 (incluye set de ruedas)",transportadora-kennel-grande-para-perro-90-x-60-x-68-incluye-set-de-ruedas,https://artiani.com.mx/producto/transportadora-kennel-grande-para-perro-90-x-60-x-68-incluye-set-de-ruedas,https://sys.artiani.com.mx/media/apps/ecommerce/productos/804/1669266010.png,si,SUNNY,"Perros / Transporte, paseo y entrenamiento / Transportadoras",,,agotado
1721,674,SPC-800,"Transportadora kennel intermedia para perro importada 81 x 56 x 59 (incluye set de ruedas)",transportadora-kennel-intermedia-para-perro-importada-81-x-56-x-59-incluye-set-de-ruedas,https://artiani.com.mx/producto/transportadora-kennel-intermedia-para-perro-importada-81-x-56-x-59-incluye-set-de-ruedas,https://sys.artiani.com.mx/media/apps/ecommerce/productos/803/1669265827.png,si,SUNNY,"Perros / Transporte, paseo y entrenamiento / Transportadoras",,,agotado
1717,666,SPC-1200,"Transportadora kennel jumbo para perro 122 x 83 x 90 (incluye set de ruedas)",transportadora-kennel-jumbo-para-perro-122-x-83-x-90-incluye-set-de-ruedas,https://artiani.com.mx/producto/transportadora-kennel-jumbo-para-perro-122-x-83-x-90-incluye-set-de-ruedas,https://sys.artiani.com.mx/media/apps/ecommerce/productos/795/1668135197.jpg,si,SUNNY,"Perros / Transporte, paseo y entrenamiento / Transportadoras",,,agotado
2635,1749,SH-230904-CH,"Transportadora maletin delta armable chica",transportadora-maletin-delta-armable-chica,https://artiani.com.mx/producto/transportadora-maletin-delta-armable-chica,https://sys.artiani.com.mx/media/apps/ecommerce/productos/1065/1706830927.jpg,si,"SAKURA PETTO","Perros / Transporte, paseo y entrenamiento / Transportadoras",,,agotado
2075,1122,TRA-29,"Transportadora mediana",transportadora-mediana,https://artiani.com.mx/producto/transportadora-mediana,https://sys.artiani.com.mx/media/apps/ecommerce/productos/1466/1759355232.webp,si,,"Perros / Transporte, paseo y entrenamiento / Transportadoras",690,MXN,agotado
2517,1594,96180,"Transportadora mediana gulliver gris con blanco",transportadora-mediana-gulliver-gris-con-blanco,https://artiani.com.mx/producto/transportadora-mediana-gulliver-gris-con-blanco,https://sys.artiani.com.mx/media/apps/ecommerce/productos/1053/1706743140.jpg,si,Stefanplast,"Pequenos mamiferos / Cuyo / Transporte",,,agotado
2518,1595,96176,"Transportadora mid gulliver azul con blanco",transportadora-mid-gulliver-azul-con-blanco,https://artiani.com.mx/producto/transportadora-mid-gulliver-azul-con-blanco,https://sys.artiani.com.mx/media/apps/ecommerce/productos/1053/1706743140.jpg,si,Stefanplast,"Pequenos mamiferos / Cuyo / Transporte",,,agotado
1826,810,96190,"Transportadora mini gulliver",transportadora-mini-gulliver,https://artiani.com.mx/producto/transportadora-mini-gulliver,https://sys.artiani.com.mx/media/apps/ecommerce/productos/1055/1706745125.jpg,si,Stefanplast,"Aves / Transporte / Transportadoras",,,agotado
2519,1596,96147,"Transportadora mini gulliver azul con blanco",transportadora-mini-gulliver-azul-con-blanco,https://artiani.com.mx/producto/transportadora-mini-gulliver-azul-con-blanco,https://sys.artiani.com.mx/media/apps/ecommerce/productos/1056/1706745472.jpg,si,Stefanplast,"Pequenos mamiferos / Accesorios generales",,,agotado
1720,670,SPC-400,"Transportadora para mascotas puerta metalica 45 x 30 x 29 cm",transportadora-para-mascotas-puerta-metalica-45-x-30-x-29-cm,https://artiani.com.mx/producto/transportadora-para-mascotas-puerta-metalica-45-x-30-x-29-cm,https://sys.artiani.com.mx/media/apps/ecommerce/productos/799/1669264983.png,si,SUNNY,"Perros / Transporte, paseo y entrenamiento / Transportadoras",,,agotado
320,232,7510,"Transportadora travel pet con tapete y ruedas 99 x 69 x 72 cm",transportadora-travel-pet-con-tapete-y-ruedas-99-x-69-x-72-cm,https://artiani.com.mx/producto/transportadora-travel-pet-con-tapete-y-ruedas-99-x-69-x-72-cm,https://sys.artiani.com.mx/media/apps/ecommerce/productos/121/1695347031.jpg,si,SEVENPET,"Perros / Transporte, paseo y entrenamiento / Transportadoras",3950,MXN,agotado
1623,543,7508,"Transportadora travelpet con tapete y ruedas 81 x 57 x 60",transportadora-travelpet-con-tapete-y-ruedas-81-x-57-x-60,https://artiani.com.mx/producto/transportadora-travelpet-con-tapete-y-ruedas-81-x-57-x-60,https://sys.artiani.com.mx/media/apps/ecommerce/productos/610/1695346382.jpg,si,SEVENPET,"Perros / Transporte, paseo y entrenamiento / Transportadoras",2580,MXN,agotado
1719,669,7500,"Transportadora travelpet extra chica 42 x 28 x 26",transportadora-travelpet-extra-chica-42-x-28-x-26,https://artiani.com.mx/producto/transportadora-travelpet-extra-chica-42-x-28-x-26,https://sys.artiani.com.mx/media/apps/ecommerce/productos/798/1695344624.jpg,si,"TRAVEL PET","Perros / Transporte, paseo y entrenamiento / Transportadoras",330,MXN,agotado
758,356,SH-230148,"Triafan bebedero y comedero semiautomatico",triafan-bebedero-y-comedero-semiautomatico,https://artiani.com.mx/producto/triafan-bebedero-y-comedero-semiautomatico,https://sys.artiani.com.mx/media/apps/ecommerce/productos/325/1696711459.jpg,si,"SAKURA PETTO","Perros / Alimentacion / Comederos y bebederos",,,agotado
1561,468,SH-230102,"Tunel de tela 2 salidas",tunel-de-tela-2-salidas,https://artiani.com.mx/producto/tunel-de-tela-2-salidas,https://sys.artiani.com.mx/media/apps/ecommerce/productos/521/1696887749.jpg,si,"SAKURA PETTO","Gatos / Juego y enriquecimiento / Interactivos y enriquecimiento",,,agotado
1626,547,SH-230104,"Tunel de tela 4 salidas colores",tunel-de-tela-4-salidas-colores,https://artiani.com.mx/producto/tunel-de-tela-4-salidas-colores,https://sys.artiani.com.mx/media/apps/ecommerce/productos/618/1696887409.jpg,si,"SAKURA PETTO","Gatos / Juego y enriquecimiento / Juguetes",,,agotado
1627,548,SH-230105,"Tunel de tela 5 salidas colores",tunel-de-tela-5-salidas-colores,https://artiani.com.mx/producto/tunel-de-tela-5-salidas-colores,https://sys.artiani.com.mx/media/apps/ecommerce/productos/619/1696895682.jpg,si,"SAKURA PETTO","Gatos / Juego y enriquecimiento / Juguetes",,,agotado
1560,467,SH-230106,"Tunel de tela 6 salidas",tunel-de-tela-6-salidas,https://artiani.com.mx/producto/tunel-de-tela-6-salidas,https://sys.artiani.com.mx/media/apps/ecommerce/productos/520/1696885813.jpg,si,"SAKURA PETTO","Gatos / Juego y enriquecimiento / Interactivos y enriquecimiento",,,agotado
340,289,TUNER-01,"Tunel mega para rodeores",tunel-mega-para-rodeores,https://artiani.com.mx/producto/tunel-mega-para-rodeores,https://sys.artiani.com.mx/media/apps/ecommerce/productos/204/1725084896.JPG,si,"MR. RABBIT","Pequenos mamiferos / Hamster / Accesorios y aditamentos",,,agotado
124,170,WAT08,"Turtle bites alimento para tortuga 350 gr",turtle-bites-alimento-para-tortuga-350g,https://artiani.com.mx/producto/turtle-bites-alimento-para-tortuga-350g,https://sys.artiani.com.mx/media/apps/ecommerce/productos/38/1670458568.png,si,WARDLEY,"Reptiles, anfibios e invertebrados / Tortugas / Alimentos para tortugas",95,MXN,consultar_disponibilidad
123,168,WAT01,"Turtle bites alimento para tortugas 90 gr",turtle-bites-alimento-para-tortugas-90g,https://artiani.com.mx/producto/turtle-bites-alimento-para-tortugas-90g,https://sys.artiani.com.mx/media/apps/ecommerce/productos/36/1670458160.png,si,WARDLEY,"Reptiles, anfibios e invertebrados / Tortugas / Alimentos para tortugas",35,MXN,consultar_disponibilidad
729,236,T130,"Turtoo teen alimento para tortuga 100 gr",turtoo-teen-alimento-para-tortuga-100g,https://artiani.com.mx/producto/turtoo-teen-alimento-para-tortuga-100g,https://sys.artiani.com.mx/media/apps/ecommerce/productos/125/1697676600.jpg,si,BIOMAA,"Reptiles, anfibios e invertebrados / Tortugas / Alimentos para tortugas",,,agotado
354,332,FL3938,"Ungüento hidratante y reparador 40 g para perros y gatos",unguento-hidratante-y-reparador-40g-para-perros-y-gatos,https://artiani.com.mx/producto/unguento-hidratante-y-reparador-40g-para-perros-y-gatos,https://sys.artiani.com.mx/media/apps/ecommerce/productos/280/1711996458.png,si,"FANCY PETS","Perros / Salud e higiene / Higiene y limpieza",,,agotado
1849,837,FL9192,"Varita de catnip corazon con pluma",varita-de-catnip-corazon-con-pluma,https://artiani.com.mx/producto/varita-de-catnip-corazon-con-pluma,https://sys.artiani.com.mx/media/apps/ecommerce/productos/1109/1711997418.jpg,si,"FANCY PETS","Gatos / Juego y enriquecimiento / Juguetes",85,MXN,agotado
1924,928,FL9191,"Varita de catnip raton con pluma",varita-de-catnip-raton-con-pluma,https://artiani.com.mx/producto/varita-de-catnip-raton-con-pluma,https://sys.artiani.com.mx/media/apps/ecommerce/productos/1212/1714419007.jpg,si,"FANCY PETS","Gatos / Juego y enriquecimiento / Interactivos y enriquecimiento",85,MXN,agotado
1680,611,FL11003,"Verde plus 30 ml verde mal",verde-plus-30ml-verde-mal,https://artiani.com.mx/producto/verde-plus-30ml-verde-mal,https://sys.artiani.com.mx/media/apps/ecommerce/productos/719/1679862073.jpg,si,LOMAS,"Acuario y peces / Repuestos, aditamentos y accesorios / Aditamentos",25,MXN,agotado
1681,612,FL1107,"Vitamina a para tortugas 30 ml",vitamina-a-para-tortugas-30ml,https://artiani.com.mx/producto/vitamina-a-para-tortugas-30ml,https://sys.artiani.com.mx/media/apps/ecommerce/productos/720/1679859497.jpg,si,LOMAS,"Reptiles, anfibios e invertebrados / Tortugas / Aditamentos y accesorios",25,MXN,agotado
2457,1533,FL9202,"Yummy creamy para gato atun",yummy-creamy-para-gato-atun,https://artiani.com.mx/producto/yummy-creamy-para-gato-atun,https://sys.artiani.com.mx/media/apps/ecommerce/productos/1916/1777472854.webp,si,"FANCY PETS","Gatos / Alimentacion / Premios y snacks",65,MXN,agotado
2460,1536,FL9204,"Yummy creamy para gato atun y salmon",yummy-creamy-para-gato-atun-y-salmon,https://artiani.com.mx/producto/yummy-creamy-para-gato-atun-y-salmon,https://sys.artiani.com.mx/media/apps/ecommerce/productos/1919/1777473254.webp,si,"FANCY PETS","Gatos / Alimentacion / Premios y snacks",65,MXN,agotado
2461,1537,FL9205,"Yummy creamy para gato bacalao y salmon",yummy-creamy-para-gato-bacalao-y-salmon,https://artiani.com.mx/producto/yummy-creamy-para-gato-bacalao-y-salmon,https://sys.artiani.com.mx/media/apps/ecommerce/productos/1920/1777473418.webp,si,"FANCY PETS","Gatos / Alimentacion / Premios y snacks",65,MXN,agotado
2459,1535,FL9203,"Yummy creamy para gato pescado y camaron",yummy-creamy-para-gato-pescado-y-camaron,https://artiani.com.mx/producto/yummy-creamy-para-gato-pescado-y-camaron,https://sys.artiani.com.mx/media/apps/ecommerce/productos/1918/1777473093.webp,si,"FANCY PETS","Gatos / Alimentacion / Premios y snacks",65,MXN,agotado
2458,1534,FL9201,"Yummy creamy para gato salmon",yummy-creamy-para-gato-salmon,https://artiani.com.mx/producto/yummy-creamy-para-gato-salmon,https://sys.artiani.com.mx/media/apps/ecommerce/productos/1917/1777473022.webp,si,"FANCY PETS","Gatos / Alimentacion / Premios y snacks",65,MXN,agotado
79,1532,FL4519,"Yummy crunch premios para gatos 50 gr",yummy-crunch-premios-para-gatos-50g,https://artiani.com.mx/producto/yummy-crunch-premios-para-gatos-50g,https://sys.artiani.com.mx/media/apps/ecommerce/productos/1915/1777471904.webp,si,"FANCY PETS","Gatos / Alimentacion / Premios y snacks",45,MXN,consultar_disponibilidad
78,1531,FL4506,"Yummy delice premios para gatos 60 gr",yummy-delice-premios-para-gatos-60g,https://artiani.com.mx/producto/yummy-delice-premios-para-gatos-60g,https://sys.artiani.com.mx/media/apps/ecommerce/productos/1914/1777471588.webp,si,"FANCY PETS","Gatos / Alimentacion / Premios y snacks",35,MXN,consultar_disponibilidad
1654,583,FL3842,"Yummy galletas sabor pollo 100 gr",yummy-galletas-sabor-pollo-100g,https://artiani.com.mx/producto/yummy-galletas-sabor-pollo-100g,https://sys.artiani.com.mx/media/apps/ecommerce/productos/682/1701538641.jpg,si,"FANCY PETS","Perros / Alimentacion / Premios y snacks",,,agotado
307,178,FL4502,"Yummy sticks carne 3 pz 60 gr",yummy-sticks-carne-3-60g,https://artiani.com.mx/producto/yummy-sticks-carne-3-60g,https://sys.artiani.com.mx/media/apps/ecommerce/productos/48/1711999689.jpg,si,"FANCY PETS","Perros / Alimentacion / Premios y snacks",35,MXN,agotado
